Participant_ID,video_feat_0,video_feat_1,video_feat_2,video_feat_3,video_feat_4,video_feat_5,video_feat_6,video_feat_7,video_feat_8,video_feat_9,video_feat_10,video_feat_11,video_feat_12,video_feat_13,video_feat_14,video_feat_15,video_feat_16,video_feat_17,video_feat_18,video_feat_19,video_feat_20,video_feat_21,video_feat_22,video_feat_23,video_feat_24,video_feat_25,video_feat_26,video_feat_27,video_feat_28,video_feat_29,video_feat_30,video_feat_31,video_feat_32,video_feat_33,video_feat_34,video_feat_35,video_feat_36,video_feat_37,video_feat_38,video_feat_39,video_feat_40,video_feat_41,video_feat_42,video_feat_43,video_feat_44,video_feat_45,video_feat_46,video_feat_47,video_feat_48,video_feat_49,video_feat_50,video_feat_51,video_feat_52,video_feat_53,video_feat_54,video_feat_55,video_feat_56,video_feat_57,video_feat_58,video_feat_59,video_feat_60,video_feat_61,video_feat_62,video_feat_63,video_feat_64,video_feat_65,video_feat_66,video_feat_67,video_feat_68,video_feat_69,video_feat_70,video_feat_71,video_feat_72,video_feat_73,video_feat_74,video_feat_75,video_feat_76,video_feat_77,video_feat_78,video_feat_79,video_feat_80,video_feat_81,video_feat_82,video_feat_83,video_feat_84,video_feat_85,video_feat_86,video_feat_87,video_feat_88,video_feat_89,video_feat_90,video_feat_91,video_feat_92,video_feat_93,video_feat_94,video_feat_95,video_feat_96,video_feat_97,video_feat_98,video_feat_99,video_feat_100,video_feat_101,video_feat_102,video_feat_103,video_feat_104,video_feat_105,video_feat_106,video_feat_107,video_feat_108,video_feat_109,video_feat_110,video_feat_111,video_feat_112,video_feat_113,video_feat_114,video_feat_115,video_feat_116,video_feat_117,video_feat_118,video_feat_119,video_feat_120,video_feat_121,video_feat_122,video_feat_123,video_feat_124,video_feat_125,video_feat_126,video_feat_127,video_feat_128,video_feat_129,video_feat_130,video_feat_131,video_feat_132,video_feat_133,video_feat_134,video_feat_135,video_feat_136,video_feat_137,video_feat_138,video_feat_139,video_feat_140,video_feat_141,video_feat_142,video_feat_143,video_feat_144,video_feat_145,video_feat_146
300,15.738950560180902,52.4685065268784,545.8884057971014,0.126851474971734,0.07036951382464794,-0.14038816939048204,0.04911075321204644,0.250418478774797,-0.9565047322951999,-0.09373660987768527,0.3034090762668311,-0.9380842367149759,-0.02332680645492856,0.28339474766163014,0.29738102579915715,0.1315386987357385,0.12259893103093844,0.062061362935553505,0.458552780347415,0.05120053448453078,0.06576266831123447,0.9265911193339501,0.5863290163428925,1.3288508582588139,0.2240476924658238,0.43100010278548667,0.13353530681467776,0.15558330763696168,0.5951418439716312,0.5887270017473533,0.3507924761023743,0.2975639839654641,0.30532428821050467,0.01752492548052215,0.6074622263336417,0.04404358104635626,0.004162812210915819,0.05576112652893411,0.324390995991366,0.08926919518963922,0.7894953232603557,0.08433549182855381,0.14600678384212148,0.0591016548463357,0.5009764621235482,0.3854969678281427,0.3230547846644054,0.016342892383595438,0.2844074416692363,18.588911331031774,22.74723315414358,26.633956360446874,0.08646554174448455,0.0781957530339553,0.07426003685551906,0.0577628115300461,0.09097450062946423,0.06677938703008912,0.056767520195862155,0.08707875686789944,0.06666346442887014,0.05604369602918582,0.09338303908997805,0.5832651797262426,0.3371025843949474,0.26344629598645686,0.18512755461642671,0.4782000591989784,0.18830178051342003,0.16236617864453,0.4273030671986343,0.46815009403301044,0.5487325406809629,0.5928380959021955,0.3946331471903572,0.24362061715030356,0.3414077099536189,0.665848480842582,0.6623475907540773,0.6453257786108011,0.4571984274446775,0.46055647674371075,0.1312199961248627,0.48832788701551105,0.2051972415825542,0.0643870815002122,0.22946574767898734,0.46815888499478164,0.2851392369267654,0.4076775678593766,0.2778974371116945,0.35312209127046834,0.23582092203342483,0.5000118951774587,0.486725005139013,0.46765546126034263,0.12679364524369213,0.4511433350647639,0.5052423292388344,0.3426581692963971,1.5939713213753404,0.006325127203577118,0.003546538520840828,0.0028992650459988695,0.01531668001233489,0.013391966438813796,0.00508692676157681,0.0145113404944236,0.01252230282160662,0.0055341581949940885,0.01141018656524644,0.012024155830806394,0.030770416816569876,0.023405458189854553,0.025869866885953642,0.01708536773397749,0.035652978362543046,0.01758184715012592,0.016142262424834252,0.0753178804543352,0.04168988024875367,0.10067225163180346,0.05865652464408697,0.08337307909749704,0.04292542529680835,0.025424268900652722,0.0832594952973223,0.08737369584211338,0.07992650459988694,0.01089582155522434,0.01552140617772524,0.0018502338490003598,0.03685049082592383,0.0033920953898339927,0.0006167446163334533,0.005242329238834353,0.025543506193143856,0.008634424628668345,0.030426067739117026,0.014236521560363879,0.027959089273783214,0.015007452330780695,0.05083003546281544,0.014956056946086241,0.016189546178753147,0.001644652310222542,0.026725600041116307
301,29.154115933821444,21.939581732130577,660.3815136928118,0.19601460296913553,-0.023919137575340796,-0.05271271388697868,0.09797535621536343,0.33198800080902874,-0.9300687409489907,-0.07109745184256298,0.35524781299300195,-0.9248651474050402,0.014348570041664977,0.3536465353343311,0.20459690141984552,0.15502649569192184,1.0063913272116825,0.0538825290239068,0.4822377735528498,0.8542190849884714,0.039530763318635975,1.0831054568989928,0.48716920836535743,0.7179487075765544,0.12071558593908012,0.3121212734112698,0.07991424295133692,0.1309667893693621,0.4699073662068686,0.239457546215768,0.22181748311152463,0.10865256259860039,0.11989806237611747,0.8588649326483556,0.0027911492253549614,0.054852149993932287,0.0110836940253226,0.022046033736499333,0.5859390801342987,0.06783706160754015,0.8706363011205048,0.021641519356013106,0.082965899437725,0.05109016625541038,0.023300028316006634,0.3269285223089681,0.12232514865903484,0.013429877432142712,0.2801666599247603,15.30675066255473,17.365342254650823,20.32408049699782,0.08286139529620523,0.0586823070580137,0.05207683662808963,0.05731421123918828,0.06141390091223404,0.0661761378469245,0.047996587457446574,0.05708486537555239,0.06391483061852211,0.04891479588168386,0.06687393087363341,0.4073288752670072,0.4402113720580773,0.2673813569804433,0.17300185602202237,0.2574511144068832,0.36415972289610743,0.0901649326684688,0.3211968726342833,0.2288357600218537,0.3418145752326432,0.30420253864487523,0.30740336185203027,0.1570158632704635,0.3421413444539018,0.45869217878815344,0.25066975219206966,0.3470567439407225,0.31120909531319846,0.3248488659743951,0.3481678670894226,0.052758613578955955,0.2276960448922067,0.10469617544106935,0.14683622952640663,0.4925690702906323,0.25147117675395697,0.3356088325270304,0.14551295652127041,0.2758362498687504,0.2201861083967048,0.15085773958483933,0.4691003785521515,0.3276675903651855,0.11510886937135303,0.44908959116905106,0.30860841423948215,0.2868891585760518,1.4902629449838185,0.0047917071197411,0.0030943770226537215,0.0023144417475728157,0.01747287253236246,0.012547135153721684,0.006260846197411003,0.011120796601941745,0.010192391747572815,0.004886277791262135,0.010989967637540453,0.011524352750809059,0.024775889967637542,0.02180218446601942,0.06332807443365696,0.014862864077669903,0.04474312297734627,0.09969134304207121,0.01211812297734628,0.07102265372168284,0.027823624595469255,0.06068972491909385,0.028211974110032362,0.055307038834951465,0.024504045307443365,0.0314457928802589,0.08484142394822007,0.05446601941747573,0.06896035598705502,0.0054611650485436895,0.005825242718446602,0.017516181229773463,0.001051779935275081,0.008656957928802589,0.0016181229773462784,0.0024271844660194173,0.03414239482200647,0.0052588996763754045,0.01023462783171521,0.0025080906148867315,0.018042071197411004,0.012297734627831715,0.0048543689320388345,0.04583333333333333,0.027305825242718445,0.0013754045307443365,0.044255663430420714
302,18.35335588157779,36.23669067908284,543.3902749714487,0.10738513572871826,0.038454669243608894,0.033915268382675924,0.025752310946147765,0.24211535553017657,-0.9338134639374506,-0.08497655433541246,0.2688787511640165,-0.9211015752877098,-0.030983615918474917,0.2609886673109022,0.24660107177369767,0.14122243696740755,0.08454317842396557,0.07483923394535712,0.28037819555477467,0.9376227707985594,0.07221075287709741,1.2002947377668454,0.4710467363612404,0.6055060177457613,0.4394377580602653,0.7984683299657384,0.18977817798471402,0.3248278134059563,0.8335737503294386,0.5199885794605991,0.2260335588157779,0.24466309408767462,0.421110427830976,0.004085039093384872,0.6548361591847491,0.05903540367214267,0.011025213036984978,0.012826144250197662,0.2451462707546341,0.04085039093384872,0.05271018185012738,0.37916190810858297,0.45919353421769304,0.19089870860054467,0.30629008170078187,0.27158921198278135,0.2444873934815075,0.020644821224633226,0.19805850830185365,32.9603520908736,22.58629798523957,35.8110383558699,0.14431981670566543,0.1519922846364364,0.2890983480500659,0.07792312568917953,0.0986043686658212,0.15902026102455347,0.08409299167429712,0.11288398864925624,0.15688752202936818,0.0779507255334396,0.10467689319559824,0.4123967642813448,0.3441725645798063,0.1921790382406089,0.1997263845030469,0.3713221900777247,0.6052116631647567,0.1568558905004745,0.5815938219249642,0.317265479398327,0.6470349993529622,0.9950683490361036,0.6922937644525265,0.37047098319189187,0.7084963483009914,0.8309021355550458,0.6111974326260228,0.39454195337125175,0.42989671124384604,0.49374805699898583,0.06378503162810895,0.4754321113060679,0.23569612840399615,0.10442287431559737,0.11252639895822499,0.4301833392607276,0.1979478659377632,0.2234591952426562,0.4851891341548535,0.4983429953101347,0.3930180358121019,0.4609618216550529,0.4447889408994806,0.42979230079960823,0.14219529080060583,0.39854524534629837,0.4184230177904678,0.33533933670107624,1.905143861190424,0.00746672523610806,0.005606501207994729,0.0040474851746101475,0.01776276371623105,0.017994847748737098,0.0065762323742587295,0.01771304968152866,0.015793212519218097,0.006742870942235889,0.013678936964638698,0.015657939819898967,0.0333995168021085,0.028096639578300026,0.020588622886009225,0.020596529760597407,0.03347946408961125,0.1116696683505381,0.01840281133318691,0.07785460136173951,0.04301383703052932,0.08612387436854821,0.057189545354711185,0.10130726993191301,0.05636371623105645,0.03683241818581155,0.0922187568636064,0.08046211289259829,0.04296859213705249,0.01669229079727652,0.02029431144300461,0.0004392708104546453,0.031276081704370746,0.0011421041071820778,0.0016692290797276522,0.003250603997364375,0.03514166483637162,0.0022842082143641556,0.0031188227542279815,0.02222710300900505,0.0320667691631891,0.029123654733142983,0.03193498792005271,0.023720623764550846,0.02047001976718647,0.002415989457500549,0.019240061497913463
303,18.19151023169288,72.44732623033993,754.3351124640623,-0.062151665821072205,0.0552128868594622,-0.02546396076441738,0.016512629731100962,0.12229013617453069,-0.978144756874683,-0.07796293083037374,0.11865027918146456,-0.9748332299002198,-0.031280872653475386,0.12225753424657536,0.39093319803822085,0.18868831388466092,0.515212244207678,0.08107086081515305,1.3184011500084563,0.09272653475393201,0.0756340267207847,1.8793526128868598,1.206255707762557,2.144778623372231,0.31860307796380855,0.9772210383899882,0.13835717909690512,0.25570573313039063,1.036572636563504,0.7191790969051243,0.33955149670218165,0.3949940808388297,0.4241163537967191,0.24843565026213427,0.18396752917300863,0.21292068324031793,0.336952477591747,0.05770336546592254,0.9623541349568747,0.7780483680027059,0.9507525790630813,0.34733637747336377,0.4864535768645358,0.11733468628445798,0.8574665990191105,0.43866057838660577,0.3354304075765263,0.007339759851175376,0.29494334517165566,31.410343632121464,14.942104571029779,41.82359581242176,0.05808033044457245,0.10972131122774505,0.09916396375612903,0.09787767021221695,0.08390947628799936,0.07618585383671868,0.09852923276758452,0.09145092398689748,0.07676377237508555,0.08824011028111584,0.08774227396751641,0.6370580317119923,0.4203159320995646,0.5256581134264764,0.22438685805305547,0.508611165191673,0.23496267548281333,0.15734160523859098,0.6549110088213494,0.625984520390839,0.8421347261006892,0.6662524486754904,0.8288711075707358,0.23666248038814136,0.5451843394726323,0.9561306327827652,0.7651670343597226,0.543499482632281,0.48885768911812616,0.4942164846444793,0.43211305647264725,0.387464263252546,0.40937896190966927,0.47267648814867996,0.23318560475627667,0.1903414808171658,0.415565814578821,0.21638783751004206,0.4761317950502848,0.49982491378846516,0.3218241147482366,0.34960229488312816,0.4962316035075152,0.47214869415757876,0.08535885555166418,0.4560250017959153,0.7043126775808415,0.6011466648626709,2.8506189960763084,0.007785110269246381,0.006667906913814097,0.0044308618590177245,0.02283808770802327,0.018697377350832094,0.004124091800838859,0.02420371407793262,0.021931405594642135,0.005544233730212421,0.016523609795697468,0.01882651197402246,0.058716682451630364,0.040048031389527804,0.07395548640238128,0.02340008117981329,0.057939385739412805,0.02771614125287512,0.021206196725747528,0.11901434176701393,0.06612670815857123,0.15060884859964824,0.07639561629008253,0.1484119199025842,0.049014341767013934,0.03910059531863077,0.17074381003923694,0.14573400081179816,0.08281288053037479,0.021174401298877012,0.026518739006900285,0.021106751454471655,0.02915708293870924,0.023575970775267217,0.0316263022595048,0.008794479772696522,0.005209038019212556,0.03352049790285482,0.009098904072520633,0.04519009606277906,0.051380056825869304,0.028007035583818157,0.024996617507779734,0.05019618454877554,0.04634014341767014,0.0012853470437017994,0.0374103639561629
304,103.2984945332212,49.28474348191759,632.0708873002523,0.0218392346509672,0.19444465937762828,-0.07074785534062236,-0.14333324844407064,0.1725120972666106,-0.9489260309924307,-0.21168775647603025,0.23289315315391082,-0.9219740859966358,-0.1845876787216148,0.2096451219512195,0.2678456686291001,0.11680866274179984,0.32698317914213626,0.1581089150546678,0.7868566021867116,0.2051698906644239,0.09251471825063078,0.7156009251471824,0.8255748528174938,1.5012687132043734,0.43161900756938604,0.791148023549201,0.17881328847771238,0.18836375105130362,0.7975306980656013,0.5630025231286796,0.3557291841883936,0.27039529015979813,0.34873843566021867,0.01593776282590412,0.727291841883936,0.0716148023549201,0.003658536585365854,0.06606391925988225,0.5937762825904122,0.7574011774600504,0.6425567703952901,0.30462573591253156,0.32476871320437345,0.1960891505466779,0.9656433978132885,0.4092094196804037,0.202228763666947,0.032464255677039526,0.28107653490328005,17.47897788260309,23.11537637869418,51.74166394550618,0.10194244996983629,0.11901428990483948,0.10104241623442267,0.09560331719860006,0.09239281989769688,0.12363380426376583,0.10702215976377553,0.08805650765901357,0.12422739842234201,0.0957084342458747,0.08863775061509309,0.43489601572950576,0.2728333831882138,0.3544798502363063,0.42491665496897035,0.5491957246216559,0.40330664746310557,0.1869605021272654,0.5150819389110921,0.6300478575967557,0.7701256359994917,0.8390250567711198,0.7327715975518867,0.330495966123999,0.3863743134842847,0.7492026573859122,0.565067138799177,0.6313157997444194,0.4441733599460729,0.47658104288326536,0.1252374149569436,0.44536138081302634,0.2578544520465382,0.060376361171502885,0.24839901879104376,0.4911376105330018,0.42866345893141783,0.47925695201525936,0.4602584112934305,0.46829821513506165,0.39704511694212197,0.18214725159340453,0.4916983194562757,0.4016703567191454,0.1772333171488337,0.44953421935386156,0.6029059253963581,0.49146305563732706,2.4259262374363932,0.00870860843601497,0.0066841751124942185,0.0045095252113209125,0.023485805963244875,0.021030913410992894,0.01167424370242651,0.02100370549644644,0.019769440220362505,0.013521669245973337,0.017419445729425123,0.018161865511585856,0.04063585516632323,0.029360359981496283,0.058475545649522696,0.029014676815677702,0.05167290466377897,0.047576432987089454,0.021120316245426637,0.09612094705412338,0.059085327389713616,0.13868707683249926,0.10625425795870305,0.11506875814794568,0.05996803902603137,0.0371483241515623,0.11123680558475965,0.10725472055174734,0.06664115395937592,0.022204466125572985,0.026493965263467766,0.001934480003364313,0.027713528743849615,0.00672862609865848,0.000925186088565541,0.007317380882291097,0.0295639009209807,0.026367803524117918,0.037217713108204716,0.037890575718070564,0.03486269397367425,0.0338954539719921,0.007149165229824635,0.031204003532528703,0.02531645569620253,0.004625930442827705,0.025190293956852686
305,36.13470912718595,-7.066617112006572,701.5032666953562,0.10086817808379951,0.15080313759242595,-0.032832498728531744,-0.07958959201517937,0.27405748210163916,-0.9467841339345098,-0.1489440531278119,0.30402338269238294,-0.9305425745471618,-0.12074075740385742,0.29782882125112475,0.4392991275771683,0.14968076366339345,0.2855418410860295,0.1007744219709714,0.1733058174562811,0.15581823872305464,0.09581217479754313,0.8724631274206799,0.15827745393372716,0.21349145182113377,0.16033625445013885,0.4373093775673879,0.1347633112945503,0.19519267634286608,0.4986606549039552,0.6945792418137007,0.3367569735143382,0.3602167364344118,0.35380071202222135,0.23563240874770158,0.42883689996479013,0.059661202613356286,0.07409725754078479,0.11881381792574626,0.794491608309534,0.033116857712922027,0.13524509995696568,0.17098313837486798,0.4029967528656938,0.09017644067133523,0.01807441023434138,0.2757716834239662,0.2225656273228747,0.0064551465122647785,0.33150111497985213,18.337688226536304,35.62888265954165,34.12233738274007,0.07913537214983668,0.11547989879633463,0.07083617074177825,0.10586982748987656,0.0699566144012091,0.05639459822998252,0.09220930783919819,0.06878347088486737,0.058026675719111916,0.10113800500104511,0.07218938367088275,0.6731741320462551,0.3387038337064745,0.6252041663516882,0.25841562607174473,0.28678601452400704,0.3594769228308359,0.22792958789601553,0.4329049443596412,0.24879402450623161,0.3858785377072664,0.26477249126475855,0.46629714519658516,0.252432820969981,0.3988080613551109,0.5030600633522317,0.7230858837994044,0.5927308704263419,0.48006785704419314,0.4781529467044227,0.42439757292022307,0.4949147446669941,0.2368603828134301,0.2619316628704884,0.3235724688858673,0.40407658497135157,0.17894344863047837,0.3419885241928703,0.3764979117583059,0.4905049197894652,0.28643717483970743,0.1332218942214454,0.44690666686367725,0.415973020249124,0.08008497395002667,0.470757326782465,0.43356546233446136,0.46836133878445263,2.3231802977250045,0.005914633907787406,0.005487607832397644,0.0036914379609162577,0.020120641360693258,0.014085357719919409,0.005295190352301402,0.018896500850922322,0.012728591694215682,0.006155408207977152,0.014974491891786157,0.012022026173196924,0.034966647757281755,0.026277654975450405,0.027817335341640426,0.02163885682987422,0.0248891844838716,0.03092916805226815,0.016231098765673597,0.07079478100976115,0.0252187946245183,0.04155278652608518,0.039996087713464135,0.06702079380293814,0.03472232546311691,0.026424756949198963,0.08847205649341758,0.10746288218149097,0.07142876704289822,0.009702470608947399,0.011795543905635648,0.017820465170869115,0.04176365877036834,0.004479568083566441,0.005966236967195477,0.008352731754073668,0.017233622190489233,0.0057901840730815125,0.016705463508147337,0.015766514739539522,0.04460006650887111,0.016470726315995384,0.0037557950744312512,0.04237006318342756,0.0324328553823282,0.0005477201150212241,0.029713816239901412
306,12.18133545680547,114.38646674953388,674.1290863890615,-0.11418155686761963,-0.07480993629583592,-0.0680049720323182,0.07921538622591671,-0.025893349984462397,-0.9835451086855189,0.0001039573881292715,-0.03400649021131137,-0.98727259365289,0.040005360472343064,-0.02991151336233685,0.2934400248601615,0.19677594779366067,1.6813552672467371,0.1122230422622747,0.8537768023617153,0.5373819142324425,0.09648189869484151,1.3598710379117462,0.5132170602858918,1.59150015537601,0.21251631448104413,0.5301771286513363,0.1766128029832194,0.19769188937228094,0.5414143101305159,0.6420967992541952,0.42044010254816655,0.2141858297078931,0.20113424487259168,0.8862647607209447,0.11074425108763207,0.6029754505904288,0.7976227470478559,0.07834835301429459,0.4129505904288378,0.2751709136109385,0.7471255438160348,0.18839341205717838,0.3695229956494717,0.09613890615288999,0.06871504039776259,0.34606121814791796,0.24432877563704164,0.0023694841516469856,0.2741998135487881,31.218005514471294,17.135326549509895,14.35076809544276,0.056805978024393036,0.11050414729893013,0.13254278319932192,0.08760639062845521,0.09497456836171798,0.06760944825941953,0.07700106018945624,0.09651240609985769,0.06682154387045292,0.07566254488998576,0.09502222999935502,0.5504354924072338,0.5432656439234222,0.5633956935251083,0.3031291618911969,0.6111366236049653,0.4837719589628387,0.19688289414548635,0.5777834783780624,0.5863079962836051,0.7197415625560072,0.3482528460681794,0.4906964526811922,0.342182910289781,0.3725098915687006,0.5450980254935174,0.6769091679304388,0.7029857774986267,0.410264302807779,0.4008559617621368,0.31749559089017404,0.31382126671584987,0.48929066620773604,0.4017797542302352,0.2687241962017531,0.4923736561956738,0.4466090345300096,0.4346680395841814,0.39103359687021955,0.48268499189213054,0.294787368122516,0.252973851361691,0.4757222322868098,0.42969686660012807,0.0486205874319672,0.4461188256618721,0.6127879423532611,0.9605290758652838,2.3593753641766693,0.007172590607155344,0.005339315542089111,0.004213417239637959,0.020616366429709047,0.02675826449908713,0.005194621605873442,0.017656915782931278,0.025851832770073413,0.003956341879345842,0.013889018373926894,0.024537738414326226,0.04653964184438489,0.03172940216757954,0.07212989939012547,0.02274598920094783,0.05312123684108301,0.10383871343666241,0.0203053257196131,0.0864161131181292,0.03702987219826749,0.10342190109932797,0.05095054966398632,0.07443887658781029,0.03293982830283961,0.02860156158955833,0.11029677970710484,0.11316474381385232,0.10456939750611818,0.017713553198927864,0.017713553198927864,0.013129782853591267,0.021287340247834362,0.02750262207201958,0.02960027968768209,0.009012158645068562,0.032358310997164276,0.01534397700345725,0.03604863458027425,0.022064250475857514,0.0488288078312551,0.009478304781882453,0.013518237967602844,0.04878996231985394,0.04001087674319232,0.0003107640912092608,0.0391174299809657
307,-7.097664594936369,73.5972045093766,720.9238894718434,-0.008184249468614633,-0.01705281566981462,-0.03067194016197164,0.12230934121667071,0.15313484868297145,-0.9509124974305162,-0.027119796755186047,0.1657409326284069,-0.9611825761562675,0.0504131891193801,0.1637372669303414,0.40587698765033503,0.2481919444668658,0.1674001130034708,0.15482282670110584,1.2921680523044639,0.11470767078322165,0.06870584120321792,1.9726738773643284,2.191014609734442,1.905402911184653,0.3336467834369199,0.6750084752603115,0.1476608281540076,0.2712242042672263,0.7194702289665563,0.645758334005973,0.4629375521295773,0.2953695482551726,0.3038448085667393,0.1183845884790271,0.0592999165926763,0.6892942664191353,0.08927274194850271,0.02085183092528318,0.9488793822476929,0.9627895713939786,0.896951596846665,0.3743912610649232,0.337073210105739,0.23746872225361207,0.32727957596792856,0.33798800010762237,0.2184464713320957,0.028008717410606183,0.42171819086824336,31.724038541068307,26.371984673541156,53.00641080229447,0.1489359411040142,0.19225340762085288,0.19535306697400537,0.15317496316665827,0.12424699296240566,0.09950385178485531,0.1326095658846573,0.11453745434986357,0.09307781443941461,0.14465122392229493,0.12041217145757382,0.7683679118477728,0.5813119269726786,0.3060263730691088,0.41077862523701986,0.6521473126331487,0.2755659788458898,0.1502231878256979,0.7792830393220382,0.7745921195037564,0.8413738521847534,0.5686607797863424,0.6032644332620093,0.2628773982553219,0.5297074298329096,0.683154760629709,0.6896201577224799,0.7196011282152192,0.4562148376937629,0.45992263716998477,0.3230673086104415,0.23618835155729556,0.46278876732617497,0.2851408547729608,0.14289010259420584,0.22024669201936517,0.18927962528881032,0.3040261776491508,0.4839718450129877,0.472716483191437,0.4255375427948528,0.4692265753576002,0.4730307941720959,0.4131975364701772,0.16499988382796885,0.4938405816192741,0.9808292525426465,0.7374616585050854,2.4259565193994512,0.009431657966959049,0.009307001022439865,0.007822579777215736,0.021530218802130976,0.015675620378840877,0.006561216407469193,0.017609717994941612,0.014760760184039178,0.005103564602055642,0.015584647258246787,0.013697411612764354,0.041591777430985306,0.03097562288112792,0.03454097831351235,0.025730506376796,0.055272830005919385,0.027846956896087825,0.019075768175213906,0.09642361297960503,0.06224936770166281,0.11548000861001992,0.07421460474627348,0.09780525211214551,0.041473120594091376,0.038568315126728724,0.12155518484636496,0.11757062906957973,0.06676532314480978,0.018107948124630038,0.017785072377979876,0.01565947371253296,0.008771457783996125,0.021094548781144057,0.014367970725932303,0.0034978205887101115,0.0070763601140827635,0.005435075068611096,0.015982349459183125,0.03312167034386267,0.03904105903244901,0.026879405908626162,0.03395576602270893,0.04369585104665555,0.035408706882634665,0.002206317602109455,0.024108055749878923
308,-7406.546598286657,-5519.074653297991,12303.262440935807,0.16353482386385462,0.03571637662786677,-0.13437647420383386,0.11909874595674387,0.2660842583074027,-0.9157880632323,-0.10774050224732047,0.3192437596327456,-0.9008306206062002,0.006541392954554185,0.30227513349467944,0.26608812569628515,0.1235096615573739,0.34672313779724173,0.10004917214090892,0.18134762398678497,0.5260497099612002,0.08232107871384119,0.3188029656947486,0.28965272175483076,0.5428642772079444,0.18505896815335562,0.7418743037148016,0.13908340056086974,0.2150808651223541,0.5969789865929084,0.4381130190926203,0.22473243440513235,0.22795897199492912,0.18662364104337137,0.01751757519880143,0.026468441473627598,0.053013714417425375,0.006069686143444355,0.032653374822327226,0.05677845645576428,0.07256732357573663,0.24966386231800544,0.2125542622258077,0.46851830509776804,0.10913910337674311,0.10226268679651185,0.3301832430563559,0.23114747800699167,0.0005762360262763627,0.4746648227113826,345462.1517660697,259097.38370420673,539768.9447837675,0.13960175619792375,0.1306976905832891,0.1775096441951311,0.08808224772223806,0.10857046751767287,0.164642873013456,0.08061184275337291,0.11251547073165812,0.16164148244089482,0.08393053197165556,0.11379024003910301,0.46666740749878083,0.3102947279339755,0.31607050495900624,0.2884761277133496,0.3891834357368275,0.5255167587082558,0.2219394967983999,0.47331083484886577,0.45128127068501583,0.6184697832711405,0.35929037951859183,0.6739110979852829,0.27978638261664235,0.49683503890982944,0.6799019450756403,0.5066038388513383,0.36043850611259776,0.41952406399178066,0.3896165925593519,0.13119211464651576,0.16052679841386172,0.22406514492503896,0.07767288341915095,0.1777311042686836,0.2314232502560527,0.25942993785068447,0.4328267724349041,0.40912269298357884,0.49901750381486226,0.3118196509366205,0.30299926828098545,0.4702879601888674,0.42157460651740275,0.023998460428585815,0.49936730813660674,618.7367383787937,464.19398770649263,968.2341029581249,0.007119784863618902,0.005943219362274299,0.004724894352669996,0.019686885439877063,0.013955335689588936,0.0075496392623895505,0.016090995197848634,0.011265709412216673,0.007249207683442182,0.01417337687283903,0.011926162120630041,0.03746484825201691,0.027443718786016136,0.050248559354590855,0.02159661928543988,0.020935843257779488,0.08513023434498655,0.01683326930464848,0.04468421052631579,0.0254567806377257,0.06413830195927775,0.04132539377641183,0.06912792931233193,0.03188474836726854,0.0259446792162889,0.07277602766039186,0.0689358432577795,0.045159431425278514,0.016250480215136382,0.014867460622358816,0.0032270457164809835,0.005685747214752209,0.0029965424510180563,0.0009220130618517096,0.0025355359200922014,0.00583941605839416,0.004994237418363427,0.013599692662312717,0.013830195927775643,0.02631578947368421,0.011755666538609297,0.017057241644256628,0.025893200153668843,0.022051479062620054,0.0002305032654629274,0.025432193622742988
309,74.39022486092281,-26.042943293908657,586.3536627553643,0.2386025898742462,-0.018006357814033935,-0.010476789303912862,0.11570245163853957,0.3959279568977608,-0.889767310738161,-0.10826819456780887,0.3928344598662989,-0.8940500729746156,0.004758169323547289,0.4123832920387078,0.3564433640316021,0.21501145341498762,0.4903478098265626,0.08818989294563136,0.349736337712122,0.1676663082604834,0.06909541395914169,0.15886400822775934,0.3902720770417465,1.0880636716376046,0.1489196391005563,0.5482184096115188,0.11704268150156609,0.25903884811369265,0.6777934645411622,0.47276518161843756,0.42385956710766204,0.27058108550324905,0.17301668926183908,0.015427048758823805,0.03436024496283484,0.06895423308868216,0.03384601000420738,0.026132485624795476,0.1500163620214109,0.2414099387592913,0.8731709597494274,0.11537562526296107,0.3209761114487401,0.09714365854798747,0.8025337758870553,0.3058763031181338,0.20503950259454912,0.047029124398111355,0.41106072647375064,14.483110193593665,17.230242653881888,33.01209506096701,0.09203793011841657,0.10630695830725825,0.06296617235064027,0.09292338283792931,0.10399526428175361,0.09775982942557232,0.08452627635200677,0.0970841977583593,0.09435029372882847,0.09012644642139807,0.10730727233535022,0.6596926059320095,0.5783717925728606,0.4571397452835033,0.326622415879842,0.4486082948349646,0.42192041319198936,0.148061274520465,0.3985012475410257,0.502644368535812,0.6329787618947249,0.32612679717898735,0.5107361151485063,0.21735391993058756,0.5389781788401965,0.8249135801713038,0.5979114240740389,0.5971362761643246,0.4442704004748379,0.3782705429917958,0.12324676476952466,0.18215699191419524,0.25338221762623525,0.18083690548157924,0.15953297028666757,0.3570958056488467,0.4279482933252808,0.3327891406669327,0.31948217780948845,0.4668625458201287,0.2961602075144983,0.39809637426714156,0.4607883638451771,0.40373992281474164,0.21170611967041073,0.49203772570932014,0.5207760635811127,0.44738195418419824,2.416713417484806,0.007561804581580178,0.0067729780271154755,0.004925572697522205,0.025757295558672275,0.02291823492286115,0.012576404581580177,0.022190387470780736,0.021351310846189808,0.011495638101916785,0.019612435717625058,0.020755586722767647,0.04275829827021973,0.028793361383824215,0.06154651706404862,0.022592800374006544,0.037752220663861615,0.033442730247779336,0.014921926133707337,0.02317531556802244,0.03249836372136513,0.07421692379616643,0.033753623188405794,0.05003553062178588,0.028238429172510522,0.029172510518934082,0.08426788218793828,0.06386582515194016,0.07651379149135111,0.022487143525011688,0.015381019167835438,0.0023375409069658717,0.0074801309022907905,0.007947639083683964,0.004114071996259934,0.0062646096306685365,0.014960261804581581,0.021084618980832165,0.014446002805049088,0.0182328190743338,0.017110799438990184,0.013651238896680691,0.015381019167835438,0.025338943431510053,0.020523609163160355,0.002805049088359046,0.030808789153810193
310,-30102.136893279705,-22626.314967394275,47661.49617712523,0.39796536373931035,-0.03442813073528837,-0.015674840876254443,0.11367795493771721,0.4734932624858447,-0.8439597035417236,-0.10610707099066734,0.4211795097036198,-0.8736690139404116,0.003816080284275063,0.4738288492326916,0.42170721230817293,0.24913233628802375,1.8437451677144754,0.13658674684681166,1.8344168065914328,1.4895294622984108,0.08180873911515485,2.3796204459369754,1.5385141942285918,3.0625112265219263,0.38763013003241054,1.1146499277597721,0.20410480690382285,0.22176578546604708,1.1469026514116132,0.6355757741419031,0.2719922683431606,0.26771838025694095,0.3236752704127455,0.6013510875082979,0.050568159631379596,0.5133742043812722,0.7712522941153501,0.013354679995314147,0.9468936701940724,0.6945605060720841,0.9371705259869577,0.3343746339177633,0.49880901245655823,0.28220547463782264,0.49260025772189464,0.3037603967355227,0.2708813307821469,0.016595728064352375,0.2863446444609317,696103.4870982767,522075.4610059843,1087634.5750822849,0.135705364541091,0.14564187422760827,0.09547572181833122,0.11159034120018488,0.11571128152860045,0.11080547048818354,0.10988558682255585,0.10562446832726419,0.11102240915770957,0.11597036541129571,0.1160263621567548,0.767943063997745,0.6108499591736051,0.9487685893739408,0.4064050582436948,0.6800098921436528,0.7556537920691317,0.16302429887757236,0.6284846534726941,0.7598872381440929,0.9627382270904308,0.8396608697299777,0.9246628117707932,0.35355706321622665,0.5028705614694335,1.1821489058268997,0.6384798255460487,0.48007755553452275,0.44277861822214,0.46788688613857377,0.48962977698324056,0.2191184513167412,0.49983085763744517,0.42003462033037536,0.11479044845822473,0.22424988567570942,0.4606023163742805,0.24266073140333438,0.4717805946261352,0.50000834399779,0.4500816092298015,0.4999550022254084,0.4598894180762948,0.4444236132682656,0.12775346252568862,0.4520612447797298,629.1331888472353,471.7754881287096,984.4302444548579,0.01035770071852546,0.006008356763511403,0.004773547328959699,0.021603450015620116,0.01677778256794752,0.0119280485785692,0.022155899406435486,0.020050572399250236,0.012468508122461731,0.0189940643548891,0.017840440487347706,0.05887300843486411,0.0422524211184005,0.0981302717900656,0.02765463917525773,0.061056701030927835,0.12312714776632303,0.019875820056232427,0.09309200249921898,0.061873633239612626,0.12612542955326464,0.07756716651046548,0.12033348953452046,0.049342393002186825,0.031069978131833802,0.11368712902218056,0.0858567635114027,0.061336301155888784,0.02155576382380506,0.02296157450796626,0.021009059668853483,0.007419556388628554,0.02366447985004686,0.029834426741643237,0.0030459231490159327,0.006404248672289909,0.02522649172133708,0.007419556388628554,0.031162136832239926,0.02647610121836926,0.02288347391440175,0.04522024367385192,0.023976882224304906,0.019212746016869727,0.0032802249297094657,0.03319275226491721
311,2.1266988660226795,-6.436291474170517,528.8837547249054,0.04892305753884922,0.0878322553548929,-0.07257895842083158,0.05773298458630826,0.2576668984040319,-0.9489724056278874,-0.08600114636707264,0.20396900407391852,-0.9602791864762704,-0.01436232675346493,0.23459895002099956,0.15658336833263334,0.08445233095338094,0.6428966820663586,0.06410079798404032,0.3493469130617388,0.4627715245695086,0.07016883662326753,0.29562242755144896,0.14576564468710626,0.6276732465350693,0.20556194876102477,0.5204817303653926,0.18502015959680806,0.1824346913061739,0.6489790004199916,0.7307471650566989,0.22988282234355314,0.10986980260394792,0.18450230995380093,0.4590928181436371,0.027845443091138178,0.322637547249055,0.3098698026039479,0.06753464930701386,0.036707265854682904,0.04880302393952121,0.6619487610247795,0.13124737505249895,0.2378412431751365,0.15464090718185636,0.8190256194876102,0.34754304913901723,0.22935741285174296,0.011297774044519109,0.24792104157916842,14.526703362040896,19.10847883086861,15.348547976929524,0.08663700019665518,0.08257981196714378,0.06553218718102968,0.06333545982519287,0.06047531945331366,0.10352969561432762,0.05154535858678161,0.06368714006584932,0.10398229484036282,0.050347202754435154,0.062236002946356346,0.28495143188899663,0.23385574378195412,0.3880028372082337,0.16981923792131762,0.3853307771573679,0.425759073485574,0.15977659879336717,0.3456447387455345,0.4215053201854701,0.6095623447749826,0.3684625819945424,0.5932170948941965,0.36510743839213616,0.39502030538014465,0.7755371290992403,0.800509555892599,0.40550732035966913,0.31273397113850954,0.3879014399112523,0.4983342577220454,0.1645333138252996,0.467495175743621,0.46244944583934056,0.25095092230242233,0.1880460784866921,0.21546052661890408,0.47305601936608316,0.3376777911008976,0.4257703604580569,0.36156961662553316,0.3850050384072282,0.47619996023993877,0.42042836939691264,0.10569107579222625,0.4318148099058961,0.27240119282624214,0.28470326347179636,1.766903271871981,0.0066258977697509335,0.004779201142425134,0.003302910664034608,0.019007984837666428,0.013849331513293293,0.004947789365366038,0.017951956613045484,0.013729904993909865,0.004789766852870763,0.013340207484564659,0.012459616111554455,0.034093830064261414,0.023284472258389685,0.05686127094796086,0.024505859128900836,0.032509555210214626,0.08363896005712126,0.014752824562140367,0.04244739384266454,0.013155529421647277,0.06063085387878533,0.03646520223444916,0.057549666092654043,0.031333109328405225,0.023297072535595785,0.08405854928808436,0.08943928766432861,0.05165441639716074,0.018648410265025832,0.020160443529757655,0.029946658826494183,0.006132134906967953,0.02788861354949809,0.02293250451509933,0.00890419589230963,0.002688059137301021,0.002730060061321349,0.025200554412197068,0.015792347431643497,0.021420471250367508,0.017640388088537948,0.02654458398084758,0.029316644966189256,0.02730060061321349,0.0029400646814229914,0.01995043890965601
312,21.851104614742116,-24.97643766965964,493.1872207141366,0.2436736270620171,-0.018266068072666525,-0.0869834621006473,0.047129231154729584,0.35799158935059505,-0.9069052275631656,-0.0351429163082063,0.3781525634579244,-0.9034662441010649,0.006040050114846523,0.3835358112340781,0.4144815201503446,0.20643683441219463,0.31601085821674674,0.17639465441637084,0.6195259970766339,0.8262664439340155,0.166015452077678,1.4145917728126955,0.3603115472958864,1.2339490499060346,0.3815564836082689,0.5145708916266444,0.17121152641470036,0.1643712674879933,0.6501603675088745,0.5983169764042597,0.3546619335978283,0.36136980580496975,0.3760283984130299,0.15155564836082688,0.5643766965963667,0.13455836291501358,0.1963249112549593,0.08394236792649823,0.8786385466694508,0.31342660263102945,0.7148465232825224,0.21323867195656712,0.2458550845688035,0.23345166005429108,0.5537690540822718,0.38187513050741284,0.31104614742117354,0.02397160158697014,0.29271246606807266,30.940740038657577,17.1390589703107,17.694932708709352,0.09929724130836771,0.14962902643304105,0.14818112221900331,0.16159469231080303,0.1079288635262451,0.07187540983404178,0.13503129622960283,0.10890852256752655,0.07213400002974114,0.15003679755127622,0.1100437922620527,0.6701515363658527,0.5262022172298146,0.4453154821012617,0.4510606005005178,0.4863413789258068,0.6048652291016691,0.4142821803473768,0.5022652925466926,0.3561240677739894,0.6213192780277659,0.794090858208169,0.4128896632706281,0.29999728209166215,0.3807779922232128,0.7008933724565619,0.6115967765033412,0.6279356145327774,0.48040743921164875,0.48439740003235265,0.358597133443221,0.49584867538296884,0.34125836754081174,0.3972254146930827,0.27730715513463144,0.3265536776746514,0.4638958445920894,0.4514969376102295,0.4096034025964506,0.43060202677223813,0.4230359987561106,0.4971108619889056,0.48585633008277074,0.46293130321577364,0.15296385539674429,0.45501705987784224,1.3963623454727698,0.6460324089542266,2.168079685933846,0.008500459405278982,0.008185265619779485,0.006975317407283662,0.02602082400601403,0.020535777439024388,0.010318612387236886,0.02221018551620448,0.020474473270965587,0.010080853867357168,0.019992774807885066,0.01972836618777147,0.050832358837287,0.04150225526227865,0.04778650183762112,0.031829268292682934,0.05082442365519546,0.10965168727029737,0.025775141997995327,0.09523847310390912,0.040785165385900435,0.11010649849649183,0.09328182425659873,0.08421775810223854,0.04428499832943535,0.032658286000668224,0.10950008352823255,0.09579101236217841,0.10065110257266957,0.019837955228867356,0.022343802205145338,0.014951553625125293,0.04627464082860007,0.017415636485131974,0.02376378215836953,0.009104577347143334,0.021383227530905446,0.03311894420314066,0.03399599064483796,0.03788005345806883,0.04598229201470097,0.028691947878382893,0.054878048780487805,0.03520715001670564,0.033620113598396256,0.0026729034413631807,0.03746241229535583
313,35.40676645658262,30.160355392156866,548.1789390756302,0.33079000350140053,-0.05548472514005602,-0.03296214110644257,0.08153778925945376,0.37332886996673664,-0.9063414499299719,-0.09434182847514004,0.3772761582195378,-0.9058092937675069,-0.00609585084033613,0.3891370360644258,0.33726934523809526,0.11371192226890757,0.2893181022408963,0.10728553921568629,0.07866684173669468,0.4549606092436975,0.07518732492997199,0.552468487394958,0.21296174719887956,0.9992686449579832,0.14329131652661065,0.5964780287114846,0.1322921043417367,0.2021025910364146,0.5147514005602241,0.25813331582633053,0.3655374649859944,0.33022584033613445,0.18233543417366946,0.029499299719887954,0.16517857142857142,0.008622198879551821,0.025691526610644257,0.02652310924369748,0.125,0.033000700280112046,0.7729779411764706,0.04350490196078431,0.24452906162464985,0.08167016806722689,0.05221463585434174,0.4219187675070028,0.2695640756302521,0.004420518207282913,0.28807773109243695,15.201159232013277,14.959683567593173,12.746289234155245,0.10194410495756691,0.08873328398835778,0.06935195410033154,0.08219622952475554,0.09030183689002368,0.09389063465634548,0.0669582893586964,0.08237295933814798,0.0905908927649819,0.07519079249362992,0.09172879693033352,0.5529846334522139,0.2750497905221757,0.284037012343495,0.3057871405697288,0.2854443829057888,0.3616868222666375,0.20166673188968948,0.4602429026596171,0.4390231100241189,0.555647610880718,0.2609348413321829,0.51465986776544,0.26752439676102935,0.44008696281711285,0.5380474006829654,0.27072530527957966,0.6140327259646555,0.47030459862561297,0.38612918714802674,0.1692050357250741,0.37134976307635487,0.09245664227507451,0.15821683754944776,0.1606884066453561,0.3307261514918434,0.1786422425290635,0.4189161305350651,0.203995212711673,0.42981703708946856,0.2738675490604816,0.2224644549806621,0.49387649938015243,0.4437430595828108,0.06634131332959847,0.45287738800490523,0.3973650807545849,0.32215170481901345,1.3696415284282397,0.00774902613034534,0.0038347266599553557,0.002943800061277192,0.020050692082111438,0.017338842298770078,0.010525757342320655,0.016691201908346828,0.015993890707751566,0.008518152405129778,0.015449862126318551,0.016907865365255834,0.04756335623933121,0.02720619775025167,0.04613253381187902,0.020246859543922614,0.011148947345384514,0.08790038079397734,0.0156458178316628,0.0601995885674268,0.027485884361185278,0.0813647305992034,0.03618637020177704,0.0657386090077472,0.03240863133015276,0.02713616667396157,0.06321661487284984,0.053638552107497704,0.10792051472841073,0.011905282969317635,0.016894997154987525,0.005427408412483039,0.028318816474810698,0.000525233072175778,0.00262616536087889,0.002363548824791001,0.014706526020921784,0.0027137042062415195,0.020965553464349806,0.007353263010460892,0.03260821989757955,0.012255438350768153,0.009629272989889264,0.03252068105221692,0.03050728760887644,0.0009629272989889263,0.04657066573291898
314,64.25906598681544,19.669925116804983,468.8605316493504,0.2461722100142939,0.1873458280886651,-0.059707550188808044,-0.01347922906577347,0.4021035077549976,-0.9003256807970473,-0.23725758707571518,0.4026826280801314,-0.8703487415356389,-0.13968026369125078,0.42468305847716165,0.30261408486762104,0.1845601945683016,1.2032562455998121,0.07506346937469333,0.21925500821368377,0.04956670151259787,0.10516950056535745,1.2148038316301495,0.21099097561495958,0.8044240820941693,0.3163390437992021,0.4929735668721866,0.1781827491306296,0.22446824397840975,0.6618281313336035,0.5490350521622257,0.42981737887483196,0.2890363322168413,0.30798114052866254,0.13993130373562607,0.18823203123333263,0.027009152390501993,0.037825613892859426,0.09882021632923005,0.3293580526102447,0.011392486079406055,0.680498367930365,0.11405286625562691,0.23642608751306723,0.15000106671217972,0.0015573997823907153,0.4052012885883131,0.3219124015958014,0.004522859642011393,0.4261088473108186,14.170027198409255,52.74480004554889,53.531916836102944,0.08516276695193771,0.0845274534398181,0.06639307935354936,0.08604605273036449,0.10131415202733954,0.07375119270557336,0.07263234684154231,0.09343681299344493,0.07487062688460586,0.07669928750007965,0.10637648215123534,0.5143862139307122,0.48169671351370835,0.5935237491108,0.20987905006198587,0.32359310490816473,0.21583164053978424,0.22580596004232856,0.4405413409583168,0.27479783835105837,0.5467796510635629,0.5468592534595008,0.4745024330542989,0.31476614607465886,0.47749468351943253,0.6835129278222423,0.5573925872469896,0.641260703013524,0.4533196609845086,0.46166362716272985,0.3469194454234018,0.3909015139505342,0.16211174771198406,0.19077634365763224,0.2984236604740797,0.46998514681589343,0.10612698821026711,0.4662885134462339,0.3178788538344493,0.42489133220586456,0.3570762760075923,0.039433582936578955,0.49093619367381924,0.4672145806106751,0.06710066646531267,0.4945152320643003,0.3930192865676737,0.3815113500597371,1.4397998805256866,0.007190476190476192,0.0037264038231780176,0.0033320959208055986,0.016900277372418497,0.014303111623143882,0.006989301160607611,0.015148744218296636,0.014035051181942313,0.008258411226318485,0.013533388803550093,0.013676864652671105,0.03518347840928486,0.026130739033964838,0.06775174944529783,0.01910863628605564,0.026885774022870797,0.012489332650622974,0.01557219662058372,0.0681199863457928,0.025245775729646695,0.07010710018774535,0.03751493428912784,0.06966184502474825,0.02977854582693292,0.0287521334698754,0.1007742362177846,0.07935654548557775,0.05338026967059225,0.020182625021334697,0.013056835637480798,0.011648745519713262,0.01984126984126984,0.002688172043010753,0.0034562211981566822,0.010539341184502475,0.036717016555726234,0.0008533879501621437,0.025558969107356205,0.012715480457415941,0.030956647892131765,0.014443591056494282,0.0002986857825567503,0.04604027991124765,0.03375149342891278,0.0009813961426864653,0.02363884621949138
315,46.28892121376138,-30.94909847434119,571.1449172896722,0.36154642941713744,0.03598859984438956,-0.03208612699164439,0.022265406109400896,0.4717686989614695,-0.8565799241906566,-0.1322354491728967,0.47524831162680564,-0.843754886675011,-0.0631027367139136,0.5001798315347925,0.32189371130881905,0.1701877473698454,0.09995365515374988,0.0902729948242617,0.6077855958864721,0.7906065424038429,0.10400493893981937,1.6236057643516795,0.9147877270728325,2.5085930787185817,0.21886641182639288,0.6720117722675145,0.15780792260072393,0.18822502621697507,0.6966215621934305,0.5243432224890904,0.3112063191367004,0.18074490037549473,0.26873245154088155,0.010622103447109368,0.37045431480667096,0.0644768444910524,0.024288758837657725,0.04150739149555157,0.8735157809275735,0.3358817360711749,0.9428300801732011,0.24958560265214302,0.3358140793613207,0.2991441426203444,0.829335949392781,0.39910693142992454,0.2974188965190623,0.007103954534690978,0.37356652345996416,18.2201904966817,26.958309088413618,75.3133790789908,0.12232842262224201,0.09100011806081633,0.0716674007495646,0.0642032501235176,0.09985553042533844,0.11657579704104562,0.07111132698061011,0.1021186086735298,0.11712926238611708,0.06994953356451408,0.11068620538609462,0.6540575342586116,0.4911142662665334,0.2972827345122799,0.28484902684839564,0.4255206094617295,0.5199918556369626,0.2240106013160745,0.4938376602637617,0.34811767628518486,0.6059129979633555,0.42563918794836647,0.5748784557043287,0.27614850301357186,0.4029637818001167,0.7520621828735689,0.5233862909253548,0.5359821452584604,0.38481318936187386,0.4433079844134537,0.10251648593742536,0.4829345764107549,0.24560460418479702,0.15394679844292458,0.19946396626320753,0.3323999083675858,0.4723057713270978,0.23217093606919176,0.4327805051256412,0.47228225553843456,0.45789083540196573,0.3762215046904409,0.4897230867796984,0.457130140720231,0.08398646903303889,0.483758713209347,0.5226082543978349,0.4478755074424899,2.733802435723952,0.009129465493910688,0.004539648173207037,0.0031467523680649523,0.017415069756427603,0.01599641471583221,0.011101071684709066,0.017765783152909338,0.016383910385656293,0.011118916576454668,0.014435250338294995,0.01690940460081191,0.04552571041948579,0.03290527740189445,0.01578552097428958,0.022531123139377537,0.05017692828146143,0.1151180649526387,0.018387347767253044,0.10155615696887686,0.0526508795669824,0.13932848443843032,0.06928755074424899,0.1100713802435724,0.05021853856562923,0.042804127198917456,0.11691339648173207,0.1000338294993234,0.07116508795669825,0.015155615696887685,0.02368064952638701,0.0019621109607577806,0.05111637347767253,0.007104194857916103,0.006292286874154262,0.005480378890392422,0.015020297699594046,0.02763870094722598,0.009438430311231394,0.02875507442489851,0.04634641407307172,0.03294993234100135,0.02141407307171854,0.034032476319350476,0.03213802435723951,0.0014884979702300405,0.03423545331529093
316,14.778535900064549,-43.02150586627178,611.0813874017542,0.20472240574097278,0.0076864487223298,-0.06375498348331245,0.11302634704028554,0.39527353734290155,-0.897375296161294,-0.07622050624596574,0.41336006644644413,-0.8928802733416865,0.020367619698522986,0.4207296958651327,0.2535079925579983,0.16536735391274632,1.0347533887686524,0.17066332535976003,1.0115704142461177,1.0152116793864145,0.06583399779777499,1.798628165698447,0.4245153206515549,1.1743543304096897,0.18076128640315905,0.44859513232334736,0.10181379807874852,0.18117439343888825,0.5082503702016176,0.3476888028249231,0.3943862247028895,0.14352431939856475,0.28404905646049283,0.3900216425560998,0.8101909860652314,0.5685537456809812,0.018718912556479478,0.011504727189884953,0.9247446558074193,0.05057523635949425,0.9587652352204123,0.05194213463948058,0.3574439002164256,0.03713406993962866,0.32342332080343245,0.29418688537039145,0.16110415005505563,0.005087899153282454,0.3034134487602992,23.948325622777485,23.484221793874017,38.727579311200174,0.10543814906000958,0.0917086835348261,0.06777661132496292,0.06041524442174098,0.07725834523807898,0.08813603730723109,0.0702491246697734,0.07214121494497616,0.08737726246056453,0.06558987493881782,0.07823360330018465,0.6260813487692258,0.5577029579120832,0.42278453823169276,0.44323786877026916,0.34801953608449276,0.45430719510545053,0.2265657604921996,0.515039898640062,0.3655650284475398,0.6980430586195615,0.4036417526688394,0.38453501630249987,0.1824624263142123,0.39019478926906376,0.524887803243767,0.4044616290199773,0.7048562267580535,0.3506134006402132,0.45096885915893986,0.48776407651367176,0.3921573553796872,0.49528749046823517,0.1355330673197033,0.10664333200220245,0.26380792222518834,0.21913284803270833,0.1988365160369033,0.2219144410132376,0.4792561731177548,0.1890938614594403,0.46779160442276563,0.4556850295410267,0.3676339682806783,0.07114917177553107,0.4597409630976806,0.26690841433778856,0.29143757594167674,1.6860950789793434,0.004502354191980558,0.002842003341433778,0.0019674210206561365,0.014116596749696234,0.01184669835965978,0.0061168413578371805,0.01408817018529769,0.0111651429981774,0.005887130847509112,0.011176260631834752,0.01083566221142163,0.03380391859052248,0.025007594167679222,0.057043210814094775,0.020048222964763062,0.03315613608748482,0.09028630012150668,0.013118544957472661,0.06208763669501822,0.033353964155528555,0.0702665552855407,0.036431120899149454,0.05444182867557716,0.02554526123936817,0.020877885783718107,0.06753683171324422,0.05973952004860268,0.05243393074119078,0.013479647630619684,0.02001063183475091,0.028819866342648846,0.018757594167679224,0.03573055893074119,0.001784629404617254,0.0007973876063183475,0.003910996354799514,0.0062272174969623326,0.0036072296476306197,0.011239368165249088,0.0347812879708384,0.006758809234507898,0.0383505467800729,0.031591737545565005,0.020276427703523694,0.000531591737545565,0.018301944106925882
317,99.24577167452347,-99.47572043451528,564.8671899979504,0.28479249846279975,0.32375949989752,-0.04396445993031359,-0.15731413482270956,0.4679932389424062,-0.856708099856528,-0.32391456659151463,0.4423536797294527,-0.8253731178110268,-0.27691908177905306,0.49520787046525927,0.33409715105554416,0.16106046320967413,0.9337958598073375,0.1309809387169502,0.7489477351916377,0.4963037507686001,0.0740639475302316,1.214853043656487,0.6186017626562821,0.5827005533920886,0.18903135888501743,0.5328403361344538,0.11163271162123387,0.25475466284074605,0.9054457880713261,0.9328833777413406,0.32707194097151054,0.28485345357655256,0.23828653412584547,0.2750153720024595,0.011887681902029105,0.2649723303955729,0.32461569993851197,0.014798114367698298,0.7558926009428162,0.22147981143676984,0.49255995080959214,0.05386349661815946,0.29046935847509736,0.13912687026029924,0.24152490264398443,0.42865341258454603,0.3542119286739086,0.0037712646034023366,0.3395777823324452,14.238946441908151,24.593502716771805,27.49723456015069,0.0806195992589213,0.09889752195361279,0.0718090527613914,0.12092564597755347,0.07556785044952254,0.03875946476725989,0.10682580226887761,0.0603695333954577,0.0515303535199309,0.12563272580569182,0.0719050486453937,0.5651626141454433,0.42123483085563346,0.5300007929326302,0.33135287728235874,0.5371434015936907,0.5631608580628402,0.16240999553871288,0.536620310112843,0.5812203353471485,0.6933434686457325,0.3327712151050263,0.5345833205415302,0.21037655728569302,0.5451965671400248,1.038466916769386,1.082195689787672,0.5406736279779,0.4513538683411811,0.4260440146073585,0.44653117535587095,0.1083828697157902,0.4413275184401873,0.4682406803794315,0.12074654376487465,0.429565525730223,0.4152512166880443,0.4999548897857466,0.22575276184256282,0.4539882806134431,0.34608596341042713,0.4280165110202018,0.49489362919133717,0.4782836139723103,0.06129597198595647,0.4735756597589223,0.3931950479626138,0.49597032057063206,1.881757809297368,0.005519758957120604,0.0055098384848733285,0.004469664671640568,0.020232917110764942,0.015167798720996967,0.008812347421497089,0.015152400426334344,0.014831101500368944,0.010069327867508405,0.014799007952775275,0.014845781749610562,0.029723702549807333,0.024072312863818973,0.058750102484217435,0.02032794949577765,0.03997622366155612,0.07977740427974092,0.015813314749528573,0.06625809625317701,0.03286094941379028,0.05600188570960073,0.037543248339755676,0.06334590473067148,0.0273764040337788,0.027819955726818075,0.09407231286381898,0.09584610969910633,0.07174715093875543,0.016889399032548987,0.02271050258260228,0.01852914651143724,0.002377633844387964,0.01213413134377306,0.03271296220382061,0.002213659096499139,0.024719193244240385,0.011601213413134377,0.020537837173075345,0.009100598507829794,0.03029433467246044,0.02123472985160285,0.025170123800934655,0.020127900303353284,0.025867016479462164,0.000573911617610888,0.03701729933590227
318,93.01799472887343,5.065317108731004,410.9944484943644,0.35768603151460776,0.12941159647843886,-0.08538344641955924,-0.06819462126394885,0.4336566540122245,-0.8824971103572029,-0.2382878678293052,0.4342917837716593,-0.8510806645544777,-0.17370341501710312,0.4602822856501991,0.3860875904222509,0.22864184377278082,1.1545314865698426,0.07474625693938204,0.3090870857399204,0.599254752425279,0.10181349184096898,0.826097123310716,0.3844933550159816,0.9889480177199573,0.15066842370885436,0.5427275276173387,0.1531593113889979,0.2735821230303371,0.654699153255201,0.3552268266696574,0.1972977064991869,0.2220602254247743,0.27454718779790277,0.22677059384287557,0.08041271799472888,0.04054281388437167,0.2753883250154209,0.07446868165760108,0.17344249425222902,0.18146133572590142,0.6175068692872764,0.12734817473223797,0.29630460382437057,0.16710592721359277,0.23669601300958895,0.3743060617955476,0.1954242135367016,0.021477036953961755,0.22121908820725622,20.97699309520986,27.691388029250582,26.71363873197422,0.13423505659870094,0.10866780188513064,0.09897122787753826,0.07756943635922284,0.07853303744799163,0.08854078826918373,0.08210959311845563,0.08431015186565491,0.08918985235939145,0.08640440171037288,0.08791924970766478,0.6992093340809139,0.5487446880810422,0.5540603675614515,0.21404902479666124,0.47428926885558165,0.4724944066491067,0.24078510079347448,0.6280835981528519,0.6058946297398151,0.640900575615929,0.25800606258476544,0.5629381566047399,0.32403748526538717,0.5194371033418422,0.6706872680774034,0.3508498708406213,0.3687346712279355,0.41564307924010413,0.4462983293428577,0.41875473109554645,0.27193870563577627,0.19723406284773923,0.44672226941837895,0.2625394489316414,0.37863998062849513,0.3854107535412021,0.48600965122049317,0.3333719382521153,0.4566397688538133,0.373080877906328,0.4250660446062253,0.483956782831765,0.39653802818439793,0.14497224693151536,0.4150793473186805,0.706331314490803,0.4422723194257514,1.1726502916105879,0.00908030506953791,0.005209006280843428,0.005385935397039031,0.013060372308209958,0.01180244633243607,0.006530709510991476,0.011816516935845671,0.0125969239008524,0.007892906404217137,0.010414928218932256,0.011704800358905339,0.03812752355316285,0.031049798115746974,0.06164255271422163,0.01920255720053836,0.02474764468371467,0.08797442799461644,0.016152983400628085,0.05451323463436518,0.023067519066846117,0.07419134140870345,0.035943248093315394,0.06314827276805743,0.030140197397936296,0.02817182593091072,0.06576772095109913,0.05694818304172274,0.04312135486765366,0.010991475998205474,0.01278600269179004,0.02703005832211754,0.010991475998205474,0.0031404217137729925,0.02220726783310902,0.006505159264244055,0.010767160161507403,0.008187528039479587,0.030619111709286675,0.012505607895917452,0.02826379542395693,0.014131897711978465,0.02635711081202333,0.021814715118887395,0.023553162853297442,0.002803947958725886,0.018113503813369222
319,-30.951361452215693,47.63389312236082,390.4416978109984,0.39700485366208804,-0.10846677668300733,-0.02200393146629132,0.2325917559093336,0.4682125100228122,-0.8165183449983011,-0.014621505848662817,0.5003263676163665,-0.8259689643255836,0.12801237683832448,0.5203675192933068,0.3605780711546862,0.1827889142357909,0.7073261175556957,0.06344998301218269,0.7851225549677231,0.3794772605931175,0.10339562199679657,1.2186477697422706,0.550191234286269,2.0809823812066206,0.2552356452943746,0.7454443527641605,0.14158811823520848,0.4019419502014269,0.48812842789884975,0.7108586128233753,0.31446100082512257,0.41955055089064697,0.5298257535310392,0.08736591758481775,0.016162694753191282,0.09979129253021404,0.09270494588166772,0.04533320390234432,0.12090472261321167,0.009901470659612678,0.7072271028490996,0.3574236761636655,0.46973741688103676,0.27733825171091586,0.545406008833665,0.382905402125904,0.33917390671261466,0.041887103819832065,0.352133184487696,13.190286367859187,20.545178152726844,19.713065867516132,0.1419419648382032,0.0502963405436447,0.08552132672384596,0.06840501206184113,0.11348167278273323,0.13740481951588338,0.08578155770888636,0.12675156036098356,0.1423813024602632,0.0663824622197433,0.1325951137305595,0.6046900800910675,0.4326629416699325,0.39120386231220045,0.15443942981687184,0.5984216192635072,0.516491747631245,0.2247018586122808,0.6282112465542935,0.44431885297526386,0.7940983019892706,0.40063137791233233,0.813489459558665,0.26664476185538183,0.8210459931043326,0.5268055583515178,0.9601356748309864,0.5141669553422017,0.49349742322773876,0.49912174465902864,0.28237737903940036,0.12610405977686903,0.29972879552493903,0.29002555325337687,0.20803895116352505,0.3260244311614348,0.09901468268353537,0.45504612752566487,0.4792526890115453,0.4990954481399781,0.4476957383260085,0.4979461105711621,0.48610731774785715,0.47344043659141205,0.2003360235891838,0.47764681337729525,0.34052519172895834,0.4192796815843122,1.629608775847005,0.012684933501601789,0.0038848655470342685,0.0027456557615765462,0.02240382380351422,0.019977089505873215,0.01670863615182992,0.02580232943403553,0.021472346082904575,0.017062037569168045,0.01939403941364916,0.02165571303756917,0.06519269973788953,0.036396466362489076,0.07290554315115037,0.021707601203766625,0.050816425589748575,0.07208571983302593,0.018930200951363944,0.07417920590233958,0.046869721386273176,0.08864187942918163,0.03984467527424522,0.07120667896320747,0.03344529657314824,0.0402232792932725,0.0811877487622561,0.06913309387438113,0.0634880108727308,0.02242500728084652,0.020677604116105232,0.01223182215318901,0.0046112027958450635,0.010969808756431415,0.01281428987476944,0.00640714493738472,0.01592078438986506,0.0017474031647412873,0.02242500728084652,0.0219881564896612,0.03048247742937579,0.023201630909620425,0.036986700320357245,0.03480244636443064,0.02237646830404815,0.00640714493738472,0.038151635763518106
320,-56.681067503924645,-11.087135007849295,541.9181043956045,0.3067695447409733,-0.11125270800627941,0.060381436420722134,0.16026609466248035,0.3971505516875981,-0.8771058734301412,0.026794665463108314,0.3979892618524333,-0.8909460771193092,0.10465364992150705,0.41733759811616955,0.5425047095761382,0.2512594191522763,0.8528414442700156,0.18443524332810046,0.4149285714285715,0.7157688383045526,0.12210321821036105,1.5215957613814755,0.43023351648351643,1.9491063579277863,0.22472291993720567,0.5513626373626374,0.17824921507064365,0.252537284144427,0.6867044740973314,0.4995894819466248,0.4583598901098902,0.39823390894819466,0.36138147566719,0.22998430141287285,0.4554552590266876,0.03175039246467818,0.19725274725274725,0.14583987441130297,0.49882260596546313,0.07221350078492936,0.892778649921507,0.2629120879120879,0.23018053375196232,0.22798273155416013,0.3173469387755102,0.3616169544740973,0.16562009419152277,0.014324960753532182,0.3691915227629513,51.62564446255953,30.40270239112344,43.43485374463656,0.12095599461869387,0.13267074974962625,0.1702916132926381,0.11313367991108454,0.09860526625618363,0.11059394300789463,0.12666030776075565,0.0849941437577855,0.10637937528689533,0.12603913235791214,0.09455161431916431,0.7836860763718142,0.5473009922548475,1.1012608917093962,0.5036865807599467,0.37616373950076354,0.718584430169874,0.2765668562424602,0.5010360910955679,0.37682506735317145,0.7408297296957453,0.40025720977100177,0.49098930820780173,0.3090095132711861,0.49587669372521803,0.7412517582492013,0.569735834325438,0.7833100812942005,0.4895437347658578,0.48041020238915566,0.4208306939922967,0.49802158605470326,0.17533827767276222,0.3979325516272057,0.35295253872320625,0.5000084256200128,0.25884617179955155,0.309400531962649,0.44022372469763155,0.42095654203349553,0.4195396448203777,0.4654528567210004,0.4804780880736185,0.3717465565098401,0.11882891241298296,0.4825953612684801,0.6835864829859885,0.5663173593940107,1.9561442756780092,0.009200321833666942,0.006308764080222928,0.0049877938694611245,0.019664053887515204,0.019898370383453042,0.012282185643078612,0.018974505121865062,0.019030240904274107,0.010516811962792888,0.015475568114918167,0.01944703481298324,0.045910750029436,0.030971388202048745,0.05474900898779387,0.02522390988657326,0.04132815259625574,0.08779347698104323,0.01752109580438793,0.07210761803838456,0.040074571215510814,0.09061344636759686,0.04367910828525453,0.07181875269830057,0.03609521566780486,0.02976254955061031,0.08176066564621846,0.07815769849680129,0.09978138859452884,0.012794850661328938,0.01122493033478551,0.008477569763334511,0.030966678441069116,0.004042544840849327,0.01640566741237882,0.008870049844970368,0.030613446367596844,0.009812002040896425,0.008359825738843753,0.023862788963460103,0.025236469249185604,0.025589701322657876,0.032144118685976684,0.029592998155343615,0.022214372620589506,0.001962400408179285,0.034891479257427686
321,-61.18314948495418,-7.975504907129532,510.0902709059939,0.12082845324032768,-0.06910994403439046,0.003301849298402142,0.20126222390299292,0.31669821007380966,-0.9181306086057263,-0.02611204193365236,0.35022275298077704,-0.9287416935680103,0.09446666396301401,0.34552542785302937,0.22944358828777678,0.06701922297023279,0.03493024576202449,0.08116473355503286,0.8141771433206262,1.377198475139914,0.05305458674669478,0.690410820017844,0.48787776786438486,0.3684163354692189,0.21625030416092136,0.3727836807526969,0.134001946629897,0.11137764620001624,0.6872576851326141,0.771302619839403,0.286829021007381,0.26352502230513425,0.12701760077865196,0.011801443750506934,0.1055235623327115,0.08715224267986049,0.012531429961878497,0.007340416903236272,0.880363370914105,0.2586178927731365,0.4684078189634196,0.0836239759915646,0.13654797631600293,0.14076567442614973,0.6779138616270581,0.331819287857896,0.349055073404169,0.010422580906805094,0.2964555113958959,12.557866914352058,14.79510389830979,15.040024707032758,0.049858329674881616,0.08099312612917986,0.029839376367951583,0.07225192305740719,0.06172736256821223,0.06193399899880084,0.0690713109714179,0.050741499594485304,0.0582227498887433,0.0718972753140337,0.059271559435432275,0.38426889714324686,0.14814587439721447,0.16194869825469452,0.21738381371740764,0.32279984291023833,0.37157573523736254,0.11350319628016434,0.3364833401218366,0.46339742310460846,0.433560392587186,0.32195153740448795,0.34671965085587203,0.23507144292503013,0.2697321948216788,0.7708422984476883,0.8228901356559638,0.4388134129516831,0.44055357914806337,0.3329994398434619,0.10799371579832807,0.3072330844487446,0.28206374423697234,0.11124250575318081,0.0853629351580782,0.32454272079476015,0.437884065005285,0.4990110547152064,0.27682867357146745,0.34337648170794116,0.34778672294755364,0.4672852589187642,0.47087603468768946,0.47668107177727637,0.10155968201559878,0.4567035143283946,0.3780143569777345,0.29366914060915766,1.8159224560976601,0.004640264427951494,0.0039036784685890415,0.0016456584337105075,0.021985748185099564,0.015314848481161537,0.008246686174311554,0.019067655391977932,0.012591413918968243,0.005669600884130267,0.015897919454921524,0.013299306484973841,0.031246704789714884,0.018583363750659044,0.008611753254653852,0.019131686742101636,0.04298252017682605,0.09929796812264265,0.014099038812507604,0.05961025266658556,0.031160725149044898,0.03223993186519041,0.040259561179381106,0.05299630936448067,0.022838950399480883,0.01495518514012248,0.0870162631301456,0.09034919089913614,0.0666013708074786,0.01833150829379081,0.01581700936853632,0.0012166930283489476,0.020683781481932107,0.013302510443281826,0.0014194751997404387,0.001784483108245123,0.02157602303605467,0.011842478809263089,0.015005880682970353,0.014113639128847793,0.02595611793811088,0.016547025185545686,0.0324857038569169,0.03167457517135094,0.029606197023157723,0.0010544672912357546,0.05069554284787282
322,-82.95482299758054,-2.2508340761492422,577.1717655672991,0.3055203107092831,-0.11947026614032855,0.1126903412708519,0.11746445581306506,0.4478638532089647,-0.8706826061696167,-0.01193255975423405,0.43001508006494327,-0.8863784776836877,0.05873293645740481,0.4615314211129505,0.2829227683687763,0.2012297847956195,1.0778702406723544,0.12753310836622947,0.3921724181841335,0.5097672863873679,0.06406341525531645,0.5911855341907551,0.04483636826690437,1.2877807844136,0.2152177511778938,0.46353973003947535,0.13505475614414875,0.22931554819814085,0.47513529861199544,0.5369600789507195,0.30648605628422254,0.19307907805934038,0.2659493187316949,0.653476378454094,0.12313765439959251,0.036164523112186424,0.3014453075257863,0.04119444798166306,0.03540048389150643,0.008149751687253279,0.9014389405322807,0.149560677448109,0.19005475614414874,0.1546542722526423,0.3805552018336941,0.2882656309690564,0.19053228065707373,0.004297720616324972,0.45113332484400864,27.151782048097004,16.502113366824414,26.19378307378165,0.08043330135630504,0.13237997426284615,0.14044206698640038,0.12113829559002698,0.0818154654391009,0.05907846720636326,0.12861743184113067,0.08167176112137478,0.05823940498583443,0.13518501378995543,0.08493464725387753,0.5274457550932004,0.5069805418270127,0.5740810729502679,0.45634067289086255,0.3934509379549362,0.5196820878591214,0.14002984824380724,0.4843896114526553,0.15190493514900766,0.5406453894700131,0.4189453601035057,0.46012632711549856,0.24504679642533186,0.4501945813392284,0.48036442095388554,0.5510105562404324,0.5063692675489229,0.39472079715491704,0.4418444224237484,0.4758699510951353,0.32860038032757166,0.1867023301298497,0.45889294829085825,0.19874285616774026,0.18479279408090354,0.0899087903129293,0.29807650955520565,0.3566459455824481,0.39235041283192906,0.3615805448940093,0.4855310957913823,0.45296256877737573,0.39272718360146897,0.06541701955880108,0.49761423917693554,0.4764668428257616,0.2901117442934004,2.0200120976727893,0.006162681863041608,0.004435611728375411,0.0028704593932062012,0.01648971856992773,0.015634283276559167,0.00944455213141893,0.017852857470312948,0.017478824074368852,0.009457926267867945,0.0141296679507179,0.016750374072777054,0.04663716532424947,0.04040622711788864,0.06393492725478335,0.023740409410715993,0.035124001146095325,0.07774983286109961,0.014681481009837316,0.05840310719174811,0.007792493075674127,0.08728916621565694,0.0380656457928751,0.06343223711438668,0.03075865142784375,0.021979879659991722,0.07827353474897329,0.07772627423514056,0.05006590048072331,0.01661838209544427,0.024004329693419504,0.02056604374263793,0.02327210212982713,0.002897074273343733,0.023049250262646842,0.0036929737989876157,0.0036611378179618606,0.0013052752220559676,0.018146509184680526,0.01919709655853045,0.027251599758046544,0.02266721849033778,0.03813950526885486,0.03941294450988507,0.03158129317754926,0.0007640635446181274,0.021903154945719653
323,-23202.96864595778,-17312.179139784945,36617.82119474312,0.2561401433691756,-0.14933715651135004,-0.09859446435682995,0.2870811332935086,0.377923524332935,-0.8305843579450419,0.11138255217045002,0.43748016049382715,-0.8465631960573476,0.22753412982875346,0.4392744324970131,0.3018088410991637,0.18352648347272002,1.2986073277578656,0.12319036240541617,1.3679231381919552,1.891901234567901,0.07240979689366786,1.8879223416965352,0.8109812823576265,1.0702911190760653,0.3140230983671844,0.5888936678614097,0.20860653126244522,0.20997968936678615,0.621478693747511,0.47436240541616886,0.2701585025886101,0.4668657905217045,0.43261648745519715,0.2932696136997212,0.13739545997610514,0.34759060135404224,0.8235762644364795,0.10183193946634807,0.6549183592194345,0.25639187574671446,0.24683393070489845,0.23966547192353643,0.27108721624850657,0.2697331740342493,0.4029470330545599,0.342094782954998,0.16176821983273595,0.012664277180406212,0.28857029072082835,608931.1781302999,456701.7936062379,951441.2805779419,0.15362248328835063,0.14955447844214714,0.1291893391772906,0.10980369447165557,0.1352264641264177,0.15835620035247203,0.12009273052923902,0.11202859927511238,0.15196969385375056,0.12002100229254753,0.12769213666832363,0.4463048263530637,0.4216474495865205,0.7968233557091556,0.31670537538448773,0.557810068598261,1.005576356125981,0.1471331686242351,0.5248191034484118,0.4410719882663016,0.7824611738269839,0.6321819768059274,0.48591769760438697,0.3812158057613628,0.4387096206528936,0.6934583990412351,0.5101230268215116,0.43473688538112326,0.49891085078113184,0.49544852204161804,0.45527003184086656,0.34427121240694397,0.47621466449711736,0.3811878641816953,0.30243319622181414,0.47540435709561585,0.4366493729471914,0.4311778581442601,0.4268877966003265,0.44452987197826854,0.4438299603943095,0.4905000540885667,0.47442060029735345,0.36824538464124296,0.11182303541052123,0.4531066698745564,642.1157871679476,481.38487793221543,1004.4970966585687,0.009114819387470628,0.008105300888127763,0.004962563224341869,0.025046082400732805,0.01965813752041101,0.012723424588792862,0.020233996136843364,0.015391148154048349,0.009842810665498428,0.019198574216416422,0.017655342705802702,0.03815365008562666,0.03169142538532001,0.0731132263331873,0.02446931379186746,0.06135768051296348,0.13174200485881557,0.016256322434186943,0.08578716794774782,0.05833685132820902,0.11400812457684496,0.0790839937870883,0.09806364251861883,0.05114819387470628,0.037956111354494414,0.1062057429606914,0.08885459397028952,0.059203472858337644,0.016169500975745748,0.01099207455494046,0.01664741726074316,0.017842207973236688,0.024692341391532917,0.018439603329483453,0.00748735513162611,0.03600302680313832,0.02461268867736668,0.02795810267234856,0.02696244374527062,0.0409414950814449,0.029232546099008324,0.030029073240670674,0.03512684694730973,0.02867497709984468,0.002150623282488351,0.031701780238161614
324,-101.8945147874307,-3.3389741219963027,592.9094085027726,0.2976089648798521,-0.1284347504621072,0.08943133086876155,0.18554993877079481,0.3858266761090573,-0.8744195849815157,0.03621886534195933,0.38855542657116454,-0.8927416917282809,0.12300009242144176,0.40889348428835487,0.37268946395563773,0.15744316081330867,0.18726940850277266,0.12463770794824398,1.0468706099815157,1.0521982439926063,0.10259981515711646,1.586822088724584,0.9651589648798522,1.3435637707948245,0.23958179297597043,0.7261400184842882,0.20698428835489835,0.28900970425138633,0.70427865064695,0.6109246765249537,0.3995512939001849,0.2755083179297597,0.3878465804066543,0.12546210720887246,0.26247689463955637,0.288539741219963,0.27555452865064695,0.16224584103512016,0.8584103512014788,0.3800369685767098,0.7183456561922366,0.2583641404805915,0.2575785582255083,0.2322550831792976,0.1867837338262477,0.37495378927911277,0.3008780036968577,0.01843807763401109,0.3837800369685767,29.577834040124785,28.951917388311518,48.495768211042,0.15327743397759258,0.17511074864294487,0.09155650522162394,0.15646444750973254,0.09593268789399763,0.09722292636452927,0.1504657062302146,0.10053849064333538,0.09494354763018106,0.16752643970262363,0.10419150560686394,0.647794784462173,0.38036393621723175,0.4576260051374479,0.33399582667832406,0.6914229996794998,0.9799709592582957,0.23272830271891695,0.6690613959029941,0.6007786071048983,0.7118004826325612,0.4344387913325421,0.6371778360817378,0.3984381329927338,0.5621662003542094,0.7419901701656078,0.6458242697111299,0.6744063031198999,0.4467803810916409,0.48727054333739644,0.33124981117183777,0.43999059130050405,0.4530938597492613,0.4468035984597245,0.36868470194968983,0.3486368267345333,0.485406797697255,0.44981610069697353,0.43774532131972727,0.4373107384202461,0.4222805937454618,0.3897468282518897,0.4841221703129185,0.4586503586421605,0.13453234292450586,0.48631661415827987,1.0290725079717176,0.7235685567724941,2.392684504829243,0.010250982023198853,0.008073755718840982,0.005151208466195295,0.017853265908775822,0.014612445122233007,0.010160237349230555,0.019039559129349785,0.016718758953740934,0.009622580109986598,0.015627293312999675,0.01458399186653727,0.045670317482323586,0.0338851148389482,0.025238689403392023,0.022342529691760246,0.06047599242109155,0.10673968297980498,0.01786034474790887,0.08336383381856834,0.053381856832570816,0.10138546143537132,0.050761125745182316,0.07945607467997597,0.03826008595591293,0.035357918572947,0.11532002403068534,0.10339987984657333,0.06406904200748648,0.01645177688432922,0.02033365682332825,0.009242571283331023,0.03262627663015851,0.016035861176579326,0.023383705346827488,0.014972965478996257,0.014510836914829706,0.026156476731826795,0.035399048015157815,0.025694348167660242,0.025879199593326862,0.02342991820324414,0.02412311104949397,0.04598179213457184,0.040990803641573086,0.002772771384999307,0.023014002495494245
325,-81.50312369052608,-47.077558950135234,650.8445392556474,0.3653930516932688,-0.01936078625576168,-0.026177707515904154,0.15042678568435486,0.36547155982629226,-0.9091564865338462,0.046807912498571476,0.3821314973905756,-0.9102032690183232,0.10760915774637156,0.389830101710411,0.20058892994552588,0.09277856081673078,0.3909896765837492,0.05975886632890177,0.36664812769037375,0.28082815892727897,0.06085787208106359,0.7926170431602605,0.3561426231381662,0.7092206011199573,0.1480351224715249,0.34136794788769953,0.09071768694525922,0.1328977943697383,0.8693329777913221,0.5134242505047428,0.44700963772808655,0.07481619747819131,0.08761570987771894,0.9108224448592435,0.004609348215306084,0.16372709611062436,0.06784503447487715,0.05535027237057636,0.7723134356786409,0.146356329282694,0.9500590453697002,0.07744466877452287,0.38516627937983317,0.044455449316216526,0.014056607367338388,0.38082358767285057,0.28383680621690605,0.0033903470343986898,0.3601767551712316,5.564424357708578,9.166126813493712,14.211767766054932,0.05233491577563725,0.0422404725773397,0.034074669823750986,0.04876201737447244,0.09835649794382678,0.06145078921585179,0.05727280322068817,0.11904151055168523,0.06674474498299722,0.041405939283417924,0.12190381380082171,0.381696528429263,0.2574198225077765,0.31630743864323196,0.18718542613429728,0.4046162282250869,0.3849710735367229,0.12056569530593525,0.4911345391907303,0.5967884143525579,0.49312924427766835,0.21417266302082272,0.2964034430101021,0.16305940241319192,0.2755949176932736,0.8676737684163582,0.4823637550200142,0.7261399224092685,0.26309954575651473,0.2827405923511348,0.2850052860605959,0.06773682092612757,0.37003479583696625,0.25148458202111346,0.2286670321456122,0.4193472208337393,0.35346981997627486,0.21782714059589633,0.26730079282164154,0.48664385135780974,0.20610866210841355,0.11772657779485808,0.4855985641319037,0.4508671837747003,0.058129005664814916,0.4800606620341374,0.2912761904761905,0.27101714285714285,1.5966971428571433,0.00555447619047619,0.0037563809523809516,0.0017093333333333329,0.01571182761904762,0.02084461577142857,0.010678027085714284,0.01736418514285714,0.02402060121904762,0.011712263428571429,0.01224369523809524,0.023519733333333334,0.04214666666666667,0.021308571428571427,0.05289257142857143,0.017553142857142857,0.04483314285714286,0.057392,0.014918857142857143,0.08374590476190477,0.03918133333333333,0.07075238095238096,0.02709638095238095,0.04630438095238096,0.027160761904761906,0.025486095238095238,0.1352826666666667,0.08088228571428573,0.11514666666666667,0.010895238095238095,0.010666666666666666,0.012952380952380953,0.001180952380952381,0.01740952380952381,0.012723809523809524,0.009371428571428572,0.02723809523809524,0.012571428571428572,0.011504761904761905,0.01577142857142857,0.039542857142857143,0.0112,0.004190476190476191,0.0467047619047619,0.04464761904761905,0.0006095238095238095,0.04377142857142857
326,-106.72104661138118,-29.68845200648175,638.4185397006958,0.29468677914402824,-0.09459226956438851,0.04309803641216282,0.13719294623963396,0.4029334997140406,-0.8749313452006483,0.10017273119816987,0.4041134887999237,-0.8771634063482986,0.1323307596987894,0.4226329711181012,0.17560814031074254,0.10016347345343628,0.11371413592603183,0.09933133161757697,0.48368982937756166,0.9262305785911733,0.0838961967400629,1.2254170241159088,0.10682632732818607,1.2429072538366217,0.3213730816890668,0.7060999904680203,0.1202144695453246,0.1680311695739205,0.5195877418739873,0.7868820894099705,0.2858002097035554,0.17877228100276427,0.22972071299208846,0.017395863120770183,0.3775140596701935,0.12372509770279287,0.26865885044323706,0.14846058526355924,0.40577637975407493,0.05881231531789153,0.8115527595081499,0.37832427795253076,0.33414355161567055,0.12196168144123534,0.667715184443809,0.27800019063959586,0.14545801162901534,0.01815842150414641,0.22957773329520542,64.77206447087353,35.00473612268213,202.86151567303045,0.1455519749556637,0.1373924701604164,0.2571170509541986,0.08545583758486446,0.09712331398118139,0.12963386114441178,0.10580192700113053,0.09782220153215283,0.12923530742323497,0.09643494693772502,0.09903405466381429,0.30172185832763165,0.2520267154326205,0.21684799321382606,0.3009818005432835,0.517139484043068,0.7011694010556498,0.19557750218073142,0.5758145446502239,0.3060742450049753,0.8470858446307856,0.6402339167542543,0.675722469745097,0.2317555502960479,0.3639987162365039,0.5984857340970519,0.7986640287341953,0.5267864612110772,0.38317065383755566,0.42066321540283647,0.13074426093832853,0.4847766443402707,0.32927551579219566,0.44327264436883446,0.3555644320517381,0.49105335940329786,0.2352786967605316,0.391078211168982,0.484980647623522,0.471701434133757,0.3272493448450809,0.47104372598499966,0.4480241636431893,0.35257042259482685,0.13352731176371835,0.4205713111519403,1.3479052476049762,0.9126781373623756,4.650436108860397,0.009377055431104332,0.005978456698918068,0.004076688432391211,0.015878945522139077,0.013860425384872027,0.009020504647061627,0.019367728992898334,0.016849879462370716,0.009651150946094084,0.014439921834040323,0.014806968209332253,0.03420856965826224,0.027437205090319817,0.022353081359325105,0.018512940279300324,0.035080310757351886,0.09354415900100091,0.017009675420618656,0.08419570087221773,0.01680949430437062,0.10375196606453459,0.06594823888279873,0.08324245746151279,0.048356131738239355,0.030223058958104954,0.08746770887946238,0.09602688146418188,0.05871216815213766,0.016777084028406653,0.019589152089986177,0.001906486821409847,0.0336494923978838,0.013536056432009913,0.025213288213145228,0.01258281302130499,0.03536533053715266,0.005910109146370526,0.020113435965873887,0.029455221390782136,0.022115247128354224,0.024831990848863256,0.033983127591630524,0.024879653019398502,0.02068538201229684,0.003955960154425432,0.02602354511224441
327,-126.2188965584765,39.12387036765066,547.5209526606942,0.0020435697850883596,-0.04060713761198414,-0.005676898222940223,0.18791277015714494,0.19886503314240953,-0.9487902081069174,0.04055398717383854,0.23037943687276646,-0.9586150380378909,0.11823062613208007,0.22001889655847653,0.3280702012042884,0.12161550888529889,1.5145586723454252,0.09486463993733785,0.6667303079257845,1.3499990209037058,0.07456895285651344,1.164680080285896,0.09763744064228717,0.8545278308121604,0.2645973466490429,0.6364458804523425,0.13273559504577276,0.1996039555490282,0.7854800019581926,0.5942703284868067,0.5604361873990307,0.3157585548538699,0.2752239682772801,0.7572820286875214,0.016889411073579087,0.08038380574729524,0.4500905664072061,0.044842610270720125,0.6817447495961227,0.014735399226513927,0.5488813824839673,0.23052822245067803,0.32775248445684635,0.050276594703089046,0.0025456503647133697,0.3134087237479806,0.2979390023008763,0.0050913007294267395,0.4150878738923973,18.1201573426182,24.315494490954094,21.751994377254164,0.09072777949848385,0.08700200111125558,0.14522340055294686,0.06221985625479147,0.08560489896078605,0.08327839608760448,0.06966787752649317,0.08875790246026638,0.08247762416759923,0.0497330347351544,0.0873843403965222,0.6073965067136667,0.3041447494222794,0.6371121191486978,0.27460088274095745,0.3822942126661208,0.6387670795862904,0.1604459722103741,0.5969536057174432,0.24688923165975793,0.6057901337359399,0.39893813839214176,0.5324293777996452,0.24585554564983855,0.3769020431131397,0.822747466209876,0.6448035852328224,0.8469524858834697,0.46482864299136195,0.44663799809104626,0.42873646490753925,0.12886027999540078,0.2718931197145007,0.4975149905190695,0.20696339651715862,0.4658105496700357,0.12049472191770887,0.4976170543415264,0.4211812500306381,0.4694055604382818,0.2185204713044363,0.05039141136759155,0.46389032154196386,0.45736374326675705,0.07117322089914498,0.4927492436907208,0.680779398805444,0.789043376089298,1.7086605306961717,0.006215411730147851,0.005507539410555174,0.0038758445118966026,0.015972544355233525,0.01716253603250759,0.006985619308724176,0.016569832321550963,0.013726817291687064,0.0045674223538627245,0.010878243415255066,0.01410530696171546,0.042619210809752284,0.02734945657495349,0.08309654362087535,0.01976206795260942,0.04812787623616959,0.1255992362675022,0.01625379418388329,0.05884901596005091,0.012548712425340253,0.0746137276020758,0.04670420052873788,0.08481885831783023,0.027577597180064625,0.025117986879467345,0.10549348869088417,0.08294820327034172,0.09392636835405856,0.022226573974346422,0.01894644081073142,0.020317242729854107,0.004210320180162538,0.00861646920591403,0.03378047586409478,0.005874865367668658,0.0181631254283756,0.0013708019191226869,0.02438069127582493,0.019974542250073436,0.02604523646333105,0.01361010476843239,0.00019582884558895524,0.032311759522177616,0.029080583569959854,0.001272887496328209,0.029570155683932245
328,-100.44903930404307,-38.00517586681688,501.2989360370509,0.2722452121667292,-0.11285955689072474,-0.004406433846538988,0.2648982162661159,0.4551422079734635,-0.8324228564588808,0.024261845756665408,0.48887528698835897,-0.8537965962886468,0.16898676304919263,0.5075970709725873,0.6406214795343597,0.28753035423707596,1.1356086493929152,0.14330360495681563,1.6378454750281637,0.9480970709725873,0.08997402678683189,1.4447346351232946,0.9837213668794592,1.9943381524596318,0.40156934534985606,0.47998748278883463,0.18217142320690952,0.18644135686569033,0.9565853047940919,0.8088737639253974,0.3567871448241331,0.3240393040430592,0.4004881712354487,0.8185630241582176,0.004099386656652898,0.8410940042558518,0.7137000876204782,0.06615346100888722,0.9547189886093378,0.9181374389785956,0.9629803479784704,0.3129615721617224,0.4243960445612717,0.2391726123419702,0.748028539241457,0.4355989485542621,0.38456002002753786,0.008136187257479034,0.34941794968081114,23.240328310399843,14.498561433677414,45.17300346124266,0.08921876238313671,0.09447838494967058,0.10603111071711954,0.09570643627987449,0.0938473872558558,0.08211113953247662,0.10681751327044446,0.094338666606332,0.07808055986809319,0.11142518961454342,0.10565391551394526,1.138540147684582,0.6973963850651995,0.6072728633160542,0.4148172654838223,0.8131965889336554,0.8546300377475203,0.20364436484595053,0.7856551063699038,0.6947284000509232,0.7487366442304659,0.7758710208164831,0.4535452997373887,0.3181953408145171,0.37804375489691217,0.9399563369954942,0.7594884212941453,0.6271053586481894,0.46802210209539996,0.49000500971489747,0.3853858421764768,0.06389608318224148,0.3655941231167791,0.4520383467436166,0.2485540461568957,0.20792304888618243,0.2741595050620252,0.18881290472836368,0.46370610869777934,0.49425872430192935,0.42658500722481535,0.4341517500528354,0.4958429169432103,0.4864987332866202,0.08983452708565805,0.47679362415332255,0.8833672351744641,0.6690377092786731,1.799126897199186,0.007536629635424817,0.007119668283523705,0.004014489125332498,0.016419363605069633,0.013859581912063839,0.00984826621811923,0.015403295227663899,0.013388044719136285,0.008685834986700046,0.014539508684086997,0.013990924737912691,0.06998278829604132,0.046743545611015486,0.08002816460647785,0.027465498357064626,0.06496510718197465,0.09746925363792834,0.018946017837584102,0.10203317164762948,0.06528461899546237,0.13824753559693317,0.09046628070724456,0.09125739320920044,0.05459176967610703,0.03257580973243624,0.1631090596150837,0.13155093099671414,0.0635199499295885,0.018400876232201532,0.021843217023939914,0.024722265686121108,0.001189172273509623,0.016773587857925206,0.030136128931309653,0.008574557972148334,0.007573149741824441,0.01304960100140823,0.0071976216554529805,0.04158973556563918,0.046972304803630106,0.03176341730558598,0.02246909716789235,0.04462525426380848,0.04287278986074167,0.002378344547019246,0.027663902362697543
329,-108.083852397131,-22.277217818044544,554.9206540203851,0.285717959607399,-0.11146682710456776,0.018386136277840692,0.2110069899490374,0.40582765147225364,-0.8742043572574556,0.05899595823895809,0.41176650188750474,-0.8958753424877312,0.15048423933559832,0.428858248395621,0.16279916949792375,0.07864477161192904,0.050545960739901856,0.07392931294828237,1.1228878822197055,1.5797017742544357,0.05272650056625142,1.7592313137032842,0.8815298225745564,0.09613344658361646,0.20523169120422805,0.45348527746319367,0.10382927519818799,0.1295658739146848,0.5842600981502454,0.41341119290298217,0.2150311438278596,0.12334843337108342,0.04393167232918082,0.004624386560966402,0.335079275198188,0.556766704416761,0.8803793884484711,0.010570026425066062,0.9227066817667045,0.6498206870517176,0.032559456398640996,0.20644582861457153,0.2606172140430351,0.03128539071347678,0.5093431483578709,0.2633540958852397,0.11164590411476029,0.008069082672706682,0.19932049830124576,13.101427981054682,17.61118073777434,20.974014935667537,0.07408228562161603,0.09564118078630608,0.038514852435034656,0.06861756867205736,0.0638999145706375,0.0924898330727298,0.05750413407484956,0.061295200019569104,0.09005831787892046,0.06798415719531124,0.06762869316090939,0.3895469353487563,0.24936715501847967,0.12897123517416287,0.2838425026019859,0.5270480930599171,0.4868872951002423,0.11056930144155791,0.43969000249237367,0.4941463397846296,0.31611424139093963,0.4425025711003859,0.4292957391424063,0.2025125032412192,0.3261511816207509,0.5317253504844388,0.45862249223711055,0.48080464874679746,0.32884449237238855,0.2049479508273794,0.06784702517305446,0.472029308923479,0.49677881060245793,0.3245250228839879,0.10226824772154439,0.2670625895276157,0.47703721024469825,0.17748471665622667,0.4047637327915269,0.43898174799892126,0.17409205957147683,0.49992449321927174,0.4404632457255249,0.31493773440112327,0.08946703462030656,0.39949889658451126,0.3648199707422962,0.3058421027794818,1.3437025152187252,0.005615166816101174,0.004316266339483744,0.002096739181728092,0.023093628144023406,0.015527964654806284,0.010985331319899956,0.012453674201311877,0.011153408758435185,0.006776910056155915,0.015439337454579776,0.012176961917795291,0.034375914303241946,0.023861073097069516,0.014404228210089189,0.01857769807937332,0.038998159596054925,0.09753574630739466,0.01564390543155113,0.06514888396017177,0.0339568684819027,0.019307724977584824,0.03544193289604077,0.05538247369166156,0.02589684299938653,0.024212637440422822,0.07829455901090085,0.07004718984474541,0.053734604313151815,0.017649001934783633,0.008022273606719834,0.0008494172054173941,0.03954508989665424,0.022981454391015052,0.02392525128592327,0.0018875937898164316,0.010428955688735784,0.019395026190363835,0.004247086027086971,0.01722429333207494,0.025482516162521826,0.006795337643339153,0.05478740974942192,0.03709121796989288,0.022651125477797178,0.0005662781369449295,0.017649001934783633
330,-123.79907111379937,-51.97949105677007,621.5905858463665,0.39385677870906416,-0.14459656096085718,-0.0007973299922232752,0.2615215196146202,0.4811842926639592,-0.8169073996802904,0.07669724060312796,0.4764469757625508,-0.8576802209885078,0.19681007517497623,0.5136252484230537,0.24290158126674158,0.0882562861833578,0.0032364123390650652,0.11963492612114403,0.13820012097122614,0.33488421325499007,0.07463363000086409,0.05365721938995939,0.12283375097209022,0.3086420979866932,0.1836995593191048,0.5237838071373023,0.11265618249373544,0.2338957055214724,0.3648487859673377,0.41386848699559325,0.39103171174284973,0.5001728160373282,0.538581180333535,0.008424781819752872,0.26207552060831246,0.04415449753737147,0.12304501857772401,0.02622483366456407,0.05439384774907111,0.0817419856562689,0.16205823900457964,0.1619718309859155,0.18504277196923874,0.05158558714248682,0.41130216884126847,0.2288084334226216,0.13812321783461506,0.010584982286356175,0.3748811889743368,23.741080420814594,23.01618504460602,33.19037647358404,0.10001082987833862,0.07623669826462988,0.15951242222481382,0.07480657753227987,0.08210301795742632,0.09661391445298649,0.06670294000936891,0.08209360959377232,0.09618970622967872,0.07068100948771304,0.08836734816823698,0.41426350902068465,0.2103471011140973,0.04317375623630048,0.32748744755375586,0.36473768703420545,0.4332490174892763,0.17724993407842385,0.212668010552629,0.4040686056553127,0.5248748195518943,0.3346871647355677,0.45526736055909706,0.2198266661282625,0.45802369866984316,0.43700979861460076,0.45245737501018807,0.5822521794405925,0.5000107714863895,0.498520039397529,0.09140112583824532,0.4397730071008272,0.20544269610609286,0.3284959727430683,0.15980674302493766,0.22679810267532083,0.2739771459088912,0.3685121888527369,0.36843292684983403,0.38834064948359465,0.22119364405016678,0.4920804368220094,0.4200747053988247,0.3450367197583141,0.10233959609515492,0.4841026835505358,0.41302225102613954,0.30154677036076905,1.7137524303305252,0.005470641607258588,0.00375100453661698,0.002422942320155541,0.02041672551306978,0.013328778137826744,0.010904640829552819,0.02226142946640743,0.015889139468567726,0.010530512421689349,0.018214862821343703,0.01462652840786347,0.03492158133506157,0.019349319507453014,0.0012555627565348888,0.019424497731691512,0.012376755238712466,0.060890473104342195,0.013650464463166994,0.008320587599913588,0.008096349103478073,0.04219356232447613,0.03909440483905811,0.06467703607690646,0.030735364009505294,0.024364225534672716,0.0545050766904299,0.06362929358392742,0.06839058111903218,0.020479585223590408,0.015554115359688918,0.0011233527759775329,0.023892849427522143,0.002160293799956794,0.017671203283646575,0.0018146467919637071,0.0022467055519550657,0.0026787643119464246,0.010931086627781379,0.024713761071505726,0.02747893713545042,0.010671851371786563,0.0237200259235256,0.017584791531648304,0.012356880535752863,0.00043205875999135883,0.028299848779434002
331,-95.31793214229744,-18.44555320482683,558.2111581256856,0.06649326124431908,-0.0627671994985112,0.015102530951261555,0.24805176661181635,0.25364119389594103,-0.9197428445776524,0.02237230688763516,0.26452260084626233,-0.9501475276210625,0.14260797680614323,0.26816216110327534,0.24122512145431754,0.18591874314370785,0.01448714934963172,0.0674431907224573,1.0002766024134149,1.693884579219558,0.04375215483466542,0.7650795329885598,0.2935100297758972,0.09458901426108761,0.23333842657890608,0.38511401034320636,0.10698362325654287,0.18639123961761478,0.6310190409026798,0.5197809904403698,0.38248354489891867,0.2241811628271431,0.3128819934179596,0.007013007365616675,0.30912082745651154,0.9548660084626234,0.7960742830277386,0.0018805829807240243,0.8875568092775427,0.24686569503212663,0.15456041372825577,0.10327534869142768,0.3117458078671055,0.05206864127879643,0.8747453377213603,0.3811314840934023,0.27993261244319073,0.004035417646136969,0.2691192603040276,24.176379871039153,17.39459619697244,27.817041146882815,0.0888831828149662,0.10246107791516543,0.054875484845148696,0.07805788887249787,0.07035731179311869,0.09181646456396901,0.06923461801066798,0.06857079296281224,0.09227887343216959,0.07127782133842406,0.07186832499924292,0.4417990095791621,0.49763298815229956,0.10375959536096696,0.18344250219978459,0.40232072962481086,0.5042671397909592,0.08745330412983608,0.47473908883335486,0.3202446511953415,0.27543231905033183,0.46630776024895576,0.3809766641097252,0.19365339276651727,0.37979044578423465,0.6349778340180593,0.535652712619334,0.6841033784721919,0.41705009706515694,0.4636758295104752,0.08345117098274882,0.4621401400500841,0.20760203008962552,0.402922299541575,0.043325742136805574,0.315917124844906,0.431196368464498,0.36149220183959885,0.3043241356160475,0.46321567945588654,0.22216982629984403,0.33101393427967357,0.4856742914808624,0.44897465689055405,0.06339787474029564,0.44351075587857464,0.5702346902793559,0.4666810327939505,2.12219958468832,0.0070862359440504626,0.005935626689652471,0.0033993260980292282,0.019260541472397447,0.01693116918073894,0.007847375582807663,0.0189217357677389,0.018040408141676133,0.006191168710574776,0.014393370685264271,0.016050268385377896,0.04376758218077813,0.02943462759080046,0.00459350389844454,0.018531520589272422,0.044447361203620264,0.0992974963758179,0.01330251146025154,0.06795752850370256,0.03626689652470321,0.021154253026681818,0.0484175057791012,0.06755240371429691,0.03735924460290718,0.027907377659366066,0.11080593974062612,0.09535321082944796,0.08423108568741919,0.02158837127296948,0.023233945852760257,0.0011754104141362693,0.038631822277945385,0.004427379226579948,0.025780668416722174,0.0006268855542060103,0.010735415115777925,0.026995259177996316,0.019707714610351448,0.015045253300944247,0.0430983818516632,0.014222466011048858,0.020726403635936214,0.04223641421462994,0.038866904360772635,0.0003918034713787564,0.027308701955099324
332,-66.83673936251334,8.717119109348788,572.6808372731432,0.15286262772609424,-0.07002832850388896,0.029096804941284117,0.08206081653195056,0.2952622789766661,-0.9390245290529207,0.05776853427634589,0.3075300412536221,-0.9360857371892632,0.07489225255452187,0.31050789232880893,0.2389778099740735,0.08283208784505111,0.49210728991917035,0.10610187585786182,0.48074767424126885,0.08924965685526919,0.101099588226323,0.9519227543083728,1.1570840323318592,0.7820337044380052,0.20842992222052767,0.7381969650754918,0.11237989934421229,0.18766127802348634,0.8857854201616592,0.4654842153423822,0.509679731584566,0.1875095317980784,0.30204361750800673,0.043388744852829036,0.5616135427787098,0.15918102790910477,0.11114076559402165,0.056962025316455694,0.6430532255604697,0.6722967820649688,0.8357099283208784,0.2940369071221595,0.4529510446850694,0.1559783437547659,0.0013725789232880892,0.35077016928473387,0.19109348787555283,0.012734482232728382,0.4134512734482233,14.036722828038728,15.703318909969372,16.43350625051528,0.05210492903882103,0.1084953347108422,0.08299191316616339,0.11655170958485342,0.08159584025630971,0.05127376603485593,0.11918238260290966,0.08885475663749504,0.047791708731760286,0.11726665962315501,0.08985830989073011,0.37944059696535715,0.1838208864484177,0.5119357783246223,0.32332302141470665,0.7946621171015904,0.33800604893403086,0.2154118571299458,0.753184101194697,0.9764128044259007,0.4828756166772422,0.38995862549651816,0.6130220890717002,0.19562908281773853,0.3948016169253469,0.8319971099248625,0.5036486824064907,0.8591729535408398,0.3903274473708619,0.4591528162336176,0.20373449449374834,0.49619870894905105,0.3658517889712337,0.31431236451777983,0.23177446183357867,0.47910805309980337,0.4693849370800806,0.3705456504208163,0.45561729454238276,0.4977909637224207,0.36284172808013887,0.03702360345954298,0.4772202224116589,0.39317001484082403,0.112128473459444,0.4924617391069425,0.47377511724558663,0.27845350211613984,1.5264955961413804,0.004793228352461204,0.005101994128188507,0.002498760819003317,0.016878122164181948,0.0177798339116178,0.007311471041293324,0.014166852175239256,0.016488744194913637,0.006504602508864909,0.012100964654745111,0.01667586837991383,0.04674800777824379,0.026013650055286535,0.05362374652076105,0.020439242002516494,0.023986731231173983,0.015024974263163918,0.016244328363899798,0.06594883135699851,0.04457696267205551,0.06896823883783887,0.04132192015861517,0.07421207152933999,0.028066496358714305,0.023574941853814774,0.08584016471575094,0.06442940481183514,0.10362298394784,0.024936134517863272,0.033896366340031264,0.004041636481488542,0.03019788767300873,0.005719296907766805,0.010523506310290922,0.004956723986731231,0.018911808441682235,0.02119952720478896,0.023410988675792124,0.029740343920387387,0.028672741830937584,0.01936935219430358,7.62572921035574e-05,0.028138940786212683,0.025012391809966828,0.0016014031341747054,0.026613794944141532
333,79.87834324816892,-68.9479453938998,563.0411024380179,0.21732925277672707,0.1085961280561191,-0.05882418073656338,-0.07404830782985454,0.3881253859908531,-0.9121176101234483,-0.1234520862074894,0.41030732010591103,-0.8969369627935766,-0.10833007805783844,0.41498775833018126,0.29000618960833535,0.15520339740724182,0.4467501117568171,0.08114817234620542,0.5069485230906777,1.0702967573329667,0.0768601492383343,0.2785340944259138,0.3337804752243734,0.33385956466421374,0.167960180186376,0.7411801519892715,0.10599085313434889,0.19641105876689247,1.0618689178501426,0.44653003679378284,0.3085629792648121,0.1581101062549431,0.22918744197242186,0.07568515525600908,0.009078092225164196,0.6019737973247137,0.19050238987655171,0.03022592070423988,0.38489047831917744,0.21477940923627112,0.47312678381073553,0.19400983459991059,0.3869192943846498,0.2455211306351226,0.5644578934699632,0.4248822255080637,0.15302087273477527,0.0042639524087892434,0.2254049035452701,10.618036451912442,17.00956355695599,26.093564533234225,0.08393179019857377,0.09799335686225978,0.05960262612613371,0.07972656855754041,0.05431872593185202,0.038415595607714424,0.07583430900059311,0.05648640878156127,0.04284416368437037,0.07858717694608316,0.05894962226918608,0.49043121689351865,0.4186622692144822,0.4126562208064073,0.24669431842736655,0.5469643250708761,0.6502324824691897,0.16068617909094243,0.3970760223851033,0.5014671176673616,0.4708207663563555,0.3183993775336049,0.7125871914406106,0.19272330458695597,0.3739742469105188,0.8967500798929479,0.47044693791090314,0.6434120447928918,0.3648504871484045,0.4203173008566486,0.26449823855912014,0.09484719188903538,0.4894993197595138,0.3927041282283856,0.171211338440642,0.48657778344851693,0.41067628869458883,0.4992858924419972,0.39544329038973963,0.48705329407056813,0.4304031541216986,0.4958362976505397,0.4943336149699338,0.3600138082104688,0.06516070228119265,0.41785588071098906,0.37975584594222833,0.38988308115543324,1.2591746905089412,0.0052070495185694635,0.0039089752407152675,0.002503679504814305,0.013702364683631361,0.010297211898211828,0.004765926203576341,0.014671150550206326,0.012256195598349381,0.006047432702888583,0.011456808803301237,0.010197420907840442,0.032383768913342506,0.026103163686382394,0.04068294360385144,0.016815680880330124,0.03200103163686382,0.08550275103163686,0.012415405777166438,0.032128610729023385,0.024831843191196697,0.04213308115543329,0.037212173314993116,0.07556808803301238,0.027791953232462176,0.024068431911966986,0.10758872077028886,0.07017812929848692,0.06941299862448418,0.014477303988995873,0.014270976616231086,0.009353507565337002,0.0008253094910591472,0.02077028885832187,0.014270976616231086,0.0043328748280605225,0.024174690508940853,0.016127922971114168,0.03249656121045392,0.01795048143053645,0.02905777166437414,0.022283356258596974,0.03679504814305364,0.03827372764786795,0.028576341127922972,0.0005502063273727648,0.020598349381017882
334,58.83914965986394,4.9176394557823135,585.8404591836735,0.3577217006802721,0.05228030612244898,0.038686734693877546,0.042469263469387744,0.41360211051020407,-0.8916603841496599,-0.10136291302721087,0.37485631530612246,-0.9044467710204083,-0.03228833333333333,0.4098521428571428,0.3116707482993197,0.17318809523809522,1.5002295918367348,0.10399863945578229,0.36668401360544217,0.7639197278911564,0.06345646258503401,1.3103700680272108,0.116765306122449,1.037643537414966,0.17847551020408164,0.9571136054421768,0.0976078231292517,0.21747108843537413,1.0143455782312927,0.509021768707483,0.27555850340136057,0.24918367346938775,0.42894557823129253,0.15738095238095237,0.035578231292517006,0.06394557823129252,0.08340136054421769,0.050272108843537416,0.5850680272108844,0.03489795918367347,0.22646258503401362,0.11755102040816326,0.4173809523809524,0.05748299319727891,0.8302380952380952,0.4421768707482993,0.31448979591836734,0.0002380952380952381,0.2939795918367347,10.998949139080104,15.238407885095786,24.35972335159178,0.10917774728032348,0.08480863843467266,0.05905974919966475,0.06269327819703163,0.10623229916309931,0.09158101238526488,0.05847071819087104,0.104519712121318,0.09150152323674911,0.05358877704979322,0.10881199481125049,0.5444465127696139,0.39180444199509673,0.5049278557747203,0.28435426173414635,0.46467163975926373,0.6220076060961495,0.13747346722683285,0.6616378651262751,0.3857642557874885,0.5337826530403841,0.27924958070336053,0.746854511695642,0.17753129220772934,0.43091902133300275,1.0116614990719337,0.4558875211670054,0.5128517192397662,0.4325477247741477,0.49493393610302083,0.36416575756186226,0.18523927196856685,0.24466012601560863,0.27649262898235577,0.21850960606981049,0.4927186705279715,0.18352448678254116,0.41854897112204587,0.3220812109622887,0.4931352395433581,0.23276714021949088,0.37542987972369163,0.49665367781306813,0.46432025293635965,0.015428760338324259,0.4555904425845644,0.47838361849042493,0.4162114357631212,2.4018878193135818,0.009801217728494167,0.0048780230620089115,0.0031958570019388413,0.02295582649069696,0.019384612435797137,0.010019583727337664,0.024135099016973364,0.02493363964760706,0.011443559985033507,0.01793829722099391,0.02095574679410864,0.05270961597333243,0.03379978910847308,0.07187795503248409,0.023308956086941734,0.040818395183509645,0.11214224973638559,0.015960746964182457,0.08649443858634648,0.009633320861253786,0.08911731691554135,0.037338684989285345,0.11049491479302016,0.028254702540902756,0.02597095139290452,0.12071362971529646,0.0775869927548556,0.05690533691622164,0.019966665532841252,0.02336814177352971,0.019456444096737985,0.006122657233239226,0.003809653389571074,0.013333786863498759,0.006292731045273649,0.037994489608490084,0.0021089152692268446,0.03030715330453417,0.02313003843668152,0.04217830538453689,0.012109255416850912,0.02928671043232763,0.04299465968230212,0.043606925405626044,6.802952481376918e-05,0.02751794278716963
335,102.57091398281263,-4.654240623243114,569.5953939442616,0.24992229539796007,0.09164637378523811,0.03621809493213396,-0.04113111577383343,0.3399791782587744,-0.9211502328327043,-0.1556172685728054,0.28447222552405427,-0.931173220383905,-0.10447735121676972,0.3223476026022006,0.2643430246566541,0.1397321500281102,1.2732511444863865,0.057187776082242396,1.0319837764035016,2.139139426552084,0.08763432656011565,0.7704674323347522,1.5014018954300858,1.4880302786924746,0.12561802264878322,0.39685366637217895,0.1292731507509437,0.12811219982330738,0.9764814071158943,0.5566444462292186,0.3387474901614328,0.2705405188338286,0.2841538832222311,0.9236205927234761,0.006344871897839531,0.5371054533772388,0.9849008111798249,0.06967311862501004,0.8067223516183439,0.7878483655931251,0.9696008352742752,0.25608384868685247,0.2335153802907397,0.14500843305758573,0.020480282708216207,0.4815677455626054,0.2521885792305839,0.013573206971327604,0.2583326640430488,24.166045884748726,20.748548006434923,24.52076637633494,0.06759801782626056,0.10643499469045518,0.09279758711338379,0.09364839537200804,0.08828654196038806,0.09341399107898217,0.07660522445529522,0.06686759968776956,0.09231156509957948,0.08097674848295096,0.07902488963278566,0.5022955937441631,0.3617780738262815,0.9503506945367319,0.15295199205428406,0.804402722813705,0.8713176068631132,0.1902050215160613,0.6599845251780083,0.9194911351534752,0.5709815499041079,0.23351505625973729,0.35489201007082366,0.23785182104979724,0.2724991801108158,0.8629474061667243,0.6194494670757921,0.6514188927263844,0.444247984599916,0.4510195368699602,0.2656095375981849,0.07940319694852191,0.4986312964460271,0.12194999192393022,0.2546004285643987,0.394876766434642,0.4088398595280403,0.17168645607423683,0.43647744686410894,0.42307580332648975,0.35211641023373363,0.14163914131451433,0.49967016932152897,0.4342776454154824,0.11571306197697588,0.43772661910943333,0.5866149953817115,0.4996988072768162,1.743130797959921,0.006063290630898358,0.004242319585558813,0.0035054013895024294,0.01579163101883458,0.017223566684068912,0.007611613911087907,0.01738625388538613,0.01798404513874945,0.007883107224609455,0.01220216055580097,0.016345970041363803,0.036952732821975025,0.02514758443436007,0.06486968394843581,0.01752660535721457,0.048863901048150686,0.10212401108389223,0.016903738805670455,0.055086944299425726,0.04919079555037951,0.07150756997710934,0.029255049997992055,0.05156057989638971,0.027884020722059352,0.02267579615276495,0.10552266977229832,0.09221557367174008,0.10572587446287299,0.014336773623549254,0.0168266334685354,0.011726436689289587,0.0014457250712822777,0.017991245331512792,0.0010039757439460264,0.007389261475442753,0.01983856070037348,0.012449299224930726,0.002449700815228304,0.025942733223565318,0.026223846431870205,0.01718806473635597,0.004738765511425244,0.03935584916268423,0.035982490663025585,0.0008834986546725031,0.03718726155576081
336,70.99156226841232,-48.968525249673576,530.9120231499453,0.42904174753855373,0.053560115749726515,0.019942089847196247,0.0032467251296890965,0.48228508864735153,-0.8499204929950241,-0.15947806309771675,0.46028855626918874,-0.8443143883967957,-0.08928877439390197,0.502325263789392,0.24487948618414088,0.14991565797367398,0.4149232452270883,0.12646151674489184,0.43231217136605854,0.424425309665808,0.10198927197656772,0.9714888661467339,0.23352507322581784,0.8717242474503301,0.22539294914775734,0.5131195962875392,0.14890602392631538,0.28070649680629567,0.6830560750961641,0.6452899036595263,0.24614461657903097,0.28316335533048664,0.3633059251155733,0.8185764195221795,0.0746373998658997,0.09358788862617778,0.18343508487136959,0.032431097152133256,0.21558386561739068,0.04058298337862159,0.6821823058192469,0.15597981437696298,0.09912834809612873,0.19913893496135796,0.1657903094893602,0.42118078836856404,0.3607650774605639,0.010798602533789744,0.2937855101104563,24.562235534944925,19.821367401090516,21.482689932733138,0.11217238255527215,0.18611408689301306,0.08246331678705632,0.13084898366977757,0.10064241566245383,0.09293345683042445,0.14244094140773292,0.10900391969272337,0.09232861289834159,0.15226686759786842,0.11049185966941794,0.4812210089182144,0.3843268008678453,0.33722439748143107,0.3366828363729888,0.45243881240599293,0.6536332260558079,0.2371560159202214,0.7420433365155604,0.3838767548914006,0.6859200945471233,0.4315856812067794,0.5337363976691143,0.2813245752025063,0.6071932951096889,0.7676849346874671,0.7480131513543834,0.41781218355677796,0.45054304225046427,0.4809603862819792,0.38537553882875714,0.26280999947593425,0.29125965978582746,0.3870296378830246,0.17714521865085198,0.41123403365948175,0.19732556580771524,0.465636401959761,0.3628426076430241,0.29883953927759077,0.39935979744141453,0.3718988620888302,0.49375716231148586,0.48023095993937837,0.10335554989032841,0.4555029156197066,0.5564052795031056,0.4552900903444381,1.5537337662337662,0.007526609260304913,0.005516022021456804,0.00382224025974026,0.01921138128176171,0.01657360096696782,0.011547244635798983,0.018322576333992095,0.018556811300112934,0.011955584133258047,0.015835439017504234,0.01715506775832863,0.03748835403726708,0.029359824957651045,0.053926453980801814,0.021990047995482778,0.03851461038961038,0.06824816487859967,0.018942687747035572,0.06998588368153585,0.02458286278938453,0.0716710191981931,0.041540796160361375,0.06103119706380576,0.03337062394127612,0.03324498870694523,0.08375423489553924,0.07337662337662337,0.05585191981931112,0.01461038961038961,0.023362507058159232,0.023150762281197064,0.008610954263128176,0.007199322416713721,0.016022021456804064,0.004234895539243365,0.016727837380011292,0.004446640316205534,0.021915584415584416,0.014469226425748164,0.012140033879164314,0.024385940146809712,0.019127611518915868,0.026538678712591756,0.024350649350649352,0.0019057029926595145,0.0235742518351214
337,56.886841120829395,-29.870319040917753,517.645073659084,0.11776211767639881,0.0372537898355808,-0.044132408215615364,0.09427672023798919,0.36180306592799755,-0.9216469654060601,-0.16565741037105652,0.3591798387159984,-0.9128390298733455,-0.03890284482605056,0.37386728895380944,0.16005896289434776,0.07552291714911734,0.6113265760550082,0.04744215045335518,1.9062130145893084,1.0878329800309956,0.06743039350161212,0.8727235156848425,1.0423567344175855,0.8953453159235442,0.1195667741418316,0.5138544988153981,0.13972513671909792,0.17370272725653313,0.7716392040899942,0.4355699449560896,0.18425512585282433,0.15310757610844897,0.10876961718652582,0.45759481269038244,7.125425298822524e-05,0.9966510501095535,0.5935123002654221,0.01036749380978677,0.9952794057395301,0.8873648395888629,0.9749185029481447,0.2727256533124321,0.17571298786896342,0.08495288312521154,0.8072394321036037,0.35986960471703155,0.23066783048613215,0.002957051499011347,0.16712685038388228,17.33151258179192,15.117816008478536,12.782041559746913,0.0559007404597078,0.08613602746996425,0.08552151654471178,0.06454085903615135,0.0562582846453598,0.04273082225354313,0.05885067832871825,0.056579078006438,0.04457460047705037,0.06144920049735606,0.052754857444749795,0.25439305752910074,0.18254616504393273,0.3126057270167307,0.12772477151204273,0.3862781232834116,0.46311246960739416,0.13294482782587652,0.31722884536588564,0.531683705242623,0.47389398418711487,0.2199559250139869,0.45501684973086576,0.26004996515042467,0.3501242412458638,0.7547095349356678,0.4736240391586957,0.3403396635901067,0.3600943710961812,0.3113527170583856,0.4982029922897889,0.008440997870154208,0.05777364349835688,0.4911819900963291,0.10129260413507919,0.06854483164641305,0.3161491127941617,0.15637407441736698,0.4453649117928759,0.38057918215390324,0.2788140519268244,0.3944701551074521,0.4799662237963488,0.42126398341125815,0.054298801701686314,0.3730924092984116,0.4597744762719111,0.41046031067407723,2.1904624483397463,0.0053840138235713274,0.0037428388200085507,0.0031406405871455038,0.023206873753028358,0.016222151043893403,0.00729719582798917,0.020419167878010548,0.0159538298774405,0.00792092860196665,0.017056363118141654,0.014216937437651418,0.02599062989881716,0.017985962662106315,0.050171725808750185,0.014080269345874304,0.043476022516745046,0.08599989311671656,0.012583368961094485,0.0539986817728374,0.050816944563203646,0.07299932307253813,0.02749590280746758,0.0813458386774975,0.026019844662961377,0.037609020949123564,0.1488561707282314,0.0768122060709705,0.036169659398603386,0.016014678637594412,0.011846230582870173,0.03933304831124412,3.562776115148924e-05,0.0006769274618782956,0.019791221319652275,0.001781388057574462,0.0006769274618782956,0.01800983326207781,0.005308536411571897,0.02012968505059142,0.03053299130682628,0.010225167450477413,0.023300555793073965,0.04941570471711557,0.03701724383639732,0.0003206498503634032,0.025349152059284594
338,61.083279347704675,-71.70574667709148,580.5117111582709,0.2831444767117167,0.11573601027588516,-0.04825667374064559,-0.01033183994191891,0.40063031715626046,-0.8750380050820953,-0.12914307863286048,0.44337315670724897,-0.844770196526304,-0.07820775159164525,0.4415958337987267,0.20043728359209204,0.1104389590081537,1.2084010946051604,0.048611080084887744,0.823199486205741,0.6111878699877137,0.06406679325365798,1.176360437842064,0.9326264939126551,1.132747682341115,0.2273377638780297,0.6559650396515134,0.1611906623478164,0.25556182285267504,0.7994510220037976,0.458031386127555,0.3691237573997543,0.09940801965821512,0.1367139506310734,0.39819055065341225,0.02580140734949179,0.7481849659332067,0.2669496258237462,0.1077292527644365,0.8740645593655758,0.6989277337205406,0.8618898693175472,0.24209762090919246,0.3560259131017536,0.3864626382218251,0.14458840612085336,0.4484530325030716,0.3190550653412264,0.0362448341338099,0.36468222942030604,12.241220081255754,19.386844226214123,29.94132007939238,0.24535568186796924,0.1535013176381483,0.11113765344501327,0.05893513180840471,0.10388009653397298,0.16427947090531883,0.057088698088854424,0.10769718495028156,0.1606327391080074,0.04111025568905201,0.1149313863641417,0.39976356291088866,0.32849154273566006,0.5507543466627997,0.126237843619822,0.4200738357084611,0.5069723874334495,0.1357365864255514,0.5718676716569001,0.5054898379977539,0.6673433814160904,0.3821298059064112,0.6202510582535932,0.3040851171165108,0.5588093117172456,0.8240946223473409,0.49504845096194183,0.55364569948291,0.2992174215271071,0.3435547088457625,0.48953878263752726,0.15854683397947608,0.43406767343486524,0.44237817792846834,0.3100468180784602,0.3317858544153612,0.45873686271605413,0.3450251739636797,0.42836504366210165,0.4788363678613545,0.48695226676667036,0.3516951899716141,0.4973497002339831,0.4661234435236211,0.18690397814957393,0.48135438179784446,0.3661658754537839,0.47725774923205816,2.027439262775761,0.007482658475286233,0.004086735548729405,0.0025043283998882997,0.01940559111979893,0.021089749287908403,0.010737099860374199,0.01853318089919017,0.019793516671320864,0.012940237587266127,0.013042837196313878,0.022270315554314437,0.04278804803127619,0.026364702597039935,0.06709969282323372,0.017771572186540074,0.060365261100251325,0.10517118123429209,0.016266964535046082,0.07288243507400168,0.04556604300474728,0.09315945266685283,0.043652611002513275,0.07942027366657359,0.03999553197430886,0.026783021502373643,0.1013515777715722,0.07510136833286792,0.13083496230103323,0.017872102764590895,0.01910080982965652,0.027590058642837197,0.0073722423903937444,0.02474169226473052,0.028260262496509356,0.012733873219771014,0.00904775202457414,0.02524434515498464,0.013850879642557944,0.022284278134599274,0.027590058642837197,0.025076794191566602,0.014632784138508796,0.02770175928511589,0.030829377268919295,0.0020106115610164757,0.06824909243228149
339,38.054893403367835,-65.30453035686698,548.9729375868994,0.37234338791904836,0.11039730418662135,-0.039913641279159584,0.03619098169318708,0.5244864943998147,-0.8364251252124207,-0.17113956890159124,0.5512797981615943,-0.8012944766337093,-0.08114174262320407,0.5762074385910706,0.20156109995365362,0.0908724702610845,0.5842843349297079,0.05187586899428395,1.6688486791286885,0.2877869612235439,0.05681214274679438,2.186905607909779,0.5823953344662444,2.3991584273134556,0.1368144600648849,0.43185424069210565,0.11296539471651476,0.140291595859725,0.7428224934342654,0.38690715278850607,0.28069171945002314,0.1259076162521242,0.1566507029198208,0.553723157732118,0.013440444925073382,0.8771821412019156,0.4724239147226943,0.02931407384520315,0.9907693496060559,0.9717673412637108,0.9913100571605129,0.019658581801328595,0.15831144755136722,0.03537772284875637,0.37532828672949176,0.4798007106442144,0.34010505175343736,0.0020083423451259077,0.24393635099644678,25.748778466613206,13.904536805635734,80.97729075862887,0.148983175933176,0.06104737161992691,0.11315384768018395,0.05024420176826773,0.08330926912971633,0.08109696289094091,0.04737369583633403,0.08899524478869025,0.08129635398641961,0.04240695331260915,0.0947536193587015,0.36609794402714063,0.27745452304032403,0.33510957837836053,0.16484626717613196,0.41143674719918083,0.3916537714830846,0.11970327441022521,0.3859365983513314,0.2823270111843898,0.5633412574067206,0.2269239754210955,0.474973979390282,0.2165928095185338,0.46912065798075103,0.8271738478516035,0.46944926117066743,0.5228993393601843,0.3317516226371133,0.36347814623227553,0.49711504374150484,0.11515342593522186,0.32823435743987134,0.49924862144508725,0.16868864200363165,0.09563366936385546,0.16564007780071793,0.09281573385982395,0.13882674929178626,0.3650398329777216,0.184736183906652,0.48421691363404784,0.49960146998960736,0.47375338935741795,0.044770373233832664,0.4294630729621105,0.2534432814491522,0.3045266694990537,1.3866594569541537,0.00466057703449075,0.0027978448109381654,0.002200108145687691,0.014095053261751185,0.007814500521416709,0.005590339345718591,0.012712004596191729,0.007428353057046851,0.006140896489127495,0.011229732339422968,0.00798829709165347,0.030132478467421116,0.022204627090494766,0.06550075315746785,0.015531265690780581,0.0425097524236221,0.05654860762427099,0.013919894944189099,0.06881928083117686,0.03428527287474412,0.07724885095206828,0.03737437719670928,0.0595326561353366,0.03307288246881156,0.021239426827855238,0.11762929203198023,0.07002742265652158,0.05126260090378896,0.00811092657680275,0.010621451469622649,0.04924491135915955,0.00015449383955814763,0.00749295121857016,0.04024564520489746,0.006257000502104979,0.00034761113900583213,0.00436445096751767,0.00034761113900583213,0.004480321347186281,0.014831408597582172,0.007261210459232938,0.028002008419914255,0.024410026650187325,0.03213471862809471,0.0004634815186744429,0.022169865976594184
340,57.50065072302558,-25.506473859844274,540.6664905450499,0.27451757508342606,0.062234593993325905,0.007259621802002222,-0.005457146496106781,0.44824718209121245,-0.8803064115127921,-0.1363026118464961,0.4282825744160178,-0.8811603017797552,-0.0794703003337041,0.4589161846496107,0.3686868743047831,0.1331618464961068,0.3788459399332592,0.05722858731924361,0.25749499443826473,1.8785823136818685,0.09307563959955506,0.3750283648498331,0.342,1.4901284760845386,0.27794660734149057,0.3957791991101224,0.10881312569521691,0.11626529477196884,0.39867296996662954,0.5124071190211344,0.33545216907675196,0.21763070077864294,0.17018909899888765,0.004783092324805339,0.2421579532814238,0.12975528364849834,0.7076751946607341,0.045328142380422695,0.08943270300333704,0.28481646273637373,0.9484983314794215,0.15800889877641824,0.2075639599555061,0.11329254727474972,0.9085094549499444,0.2949388209121246,0.28698553948832034,0.0076751946607341495,0.38225806451612904,14.885483294243304,15.33151334810307,17.166158013748042,0.0870718455192155,0.0630943699603444,0.06827527446569943,0.08038861948563719,0.07136550228190677,0.0784533741014263,0.05541743871338001,0.0727003178801928,0.08246562100130637,0.059892349773558715,0.07867735143839173,0.6923726708180495,0.377560660477666,0.3044831379075317,0.22050622104730566,0.4889903837985301,0.6264830877126059,0.24053499582512744,0.511830063803357,0.5377614824256218,0.7812583959202273,0.585543008271813,0.43639930204061383,0.19199081894543407,0.25463694787588287,0.49845182960278045,0.6246831654744954,0.5671614966604244,0.4126463973136198,0.3758092928143026,0.06899622538851935,0.42840131450317004,0.3360433463270156,0.45484340138194373,0.20802862490593912,0.285375233788327,0.4513395340046971,0.22102480330731739,0.36475949136939423,0.4055740511900577,0.31695888296296587,0.28831345509595174,0.45602793675169023,0.45236735175943676,0.0872737627748767,0.4859526424094083,0.42526836865231654,0.467311863841148,1.7820012236498135,0.006056621614105344,0.003804216029812559,0.002743144780021136,0.01907600055620446,0.013796185382946772,0.009293825129317538,0.015521904777796318,0.014292716669447689,0.0091708185661049,0.013628566661104622,0.01356554869570054,0.04508037154457979,0.0265348462094666,0.04326102675343456,0.01571833806107125,0.02420379331442238,0.11357472606930308,0.015830691362144725,0.0450581233661494,0.028240725290616834,0.09756771789309751,0.04516713944045832,0.06862116914177653,0.032757105511986205,0.023603092496801828,0.07277768507703432,0.08248845875743924,0.051215306746760114,0.018076644974692697,0.01418321374937427,0.0005562044607597753,0.03287168363090272,0.011902775460259191,0.0450525613215418,0.004338394793926247,0.0073418988820290335,0.017687301852160855,0.007564380666332944,0.018354747205072585,0.03732131931698092,0.014238834195450247,0.010289782524055843,0.023583069136214472,0.01802102452861672,0.0013348907058234607,0.015351243116969799
341,39.89346063703078,-38.34917585584201,515.2947861835786,0.21874541821954124,0.11631521112690667,0.013017405002497403,0.020849184347024242,0.4280495636838667,-0.8951287995158874,-0.15642261562992277,0.4141357790755753,-0.8888154791178392,-0.0754049256541284,0.44067902562723327,0.26487839551235254,0.10829023706151304,0.5816233142505859,0.09825642601913398,1.1602774042340647,1.3432155069735277,0.09317324317055367,1.2550128712490876,1.1699239251546472,1.4918238752065163,0.370113343835248,0.6985622622661084,0.17017481845775542,0.16214853805663348,1.025479694163753,0.5724605217658585,0.41702078610673526,0.2578860414185269,0.38010527529104393,0.6993890959388328,0.025243016867099552,0.8190340799938526,0.854919890882545,0.06589311100011526,0.9637683943597034,0.7352364851884582,0.900026895147347,0.25427440734621737,0.4516463672340262,0.10673531332846659,0.49064433088715564,0.5325623391093864,0.44150305452030586,0.012025973028009375,0.36051023936681137,13.554513329201527,12.927343602870673,21.990879275832736,0.0535753670515089,0.122184994281118,0.10853977260705236,0.09555243429208538,0.06996614096663074,0.031329198374396475,0.08394160757169937,0.07248329818969983,0.04067227892263841,0.0934068486339499,0.07354414511726964,0.43653665893737137,0.27270100587567714,0.6235579387642791,0.3027080746536564,0.8639688273765765,0.8559044498952068,0.2035211838499026,0.6641004877849823,0.906212496328932,0.910103413963672,0.6848234641421864,0.5925223802266412,0.31340764014946015,0.3572395732892601,0.9352219243986417,0.59796479247292,0.7053172529122317,0.43747935323603465,0.4854217840634808,0.4585325142776169,0.15686539579624795,0.3849973386546338,0.35218835407609633,0.24809992727143934,0.18686952155190698,0.4412156792608868,0.2999698991772552,0.4354609269097699,0.49766599455968913,0.30878236605715986,0.49992206779772635,0.4989481527276183,0.4965758569127017,0.10900369497947392,0.4801577499568307,0.4464958118804272,0.46126181510796893,1.5505417659263812,0.006617075232459848,0.005122377622377621,0.003723161453930684,0.013991701260278183,0.012125869630369632,0.006443506877737647,0.01426721589948513,0.014815884538538382,0.0087369849765619,0.01155571351725198,0.013849227695381541,0.03328363943748559,0.025034965034965034,0.04915776531161147,0.01946591869668793,0.04653000845308538,0.10423422731115038,0.016774763697840624,0.0723046184584646,0.04906093906093906,0.10504418658264812,0.05460001536924615,0.09229770229770229,0.03487743026204565,0.02933681702912472,0.13239222316145394,0.08906785522170137,0.08239913932221625,0.01613770844540075,0.01967263505725044,0.018097287328056558,0.0036886190732344577,0.014139706447398755,0.00914470145239376,0.009913163759317606,0.004149696457388765,0.015292399907784523,0.013678629063244447,0.02758779681856605,0.03849996157688465,0.015369246138476908,0.0169061707523246,0.03304387919772535,0.030469530469530468,0.0015369246138476908,0.030354261123491894
343,1593.44553003343,4807.687400697365,9580.56268018261,0.24989546712678384,0.2699094503756425,-0.012895431180128683,-0.09778675664114453,0.3871793830116108,-0.8557138148747259,-0.2732909674323304,0.45089529864481115,-0.7801290277508177,-0.21274125597613142,0.45128786081455113,0.2840515475035048,0.17213523131672598,0.32794025665911786,0.08156403896617419,1.2291293720119343,2.027744706855027,0.10020273913512348,1.2343074876882705,0.17053165102987167,0.30352888313742404,0.20510730076566375,0.5165933354901326,0.20399906538696572,0.16945145404220138,0.5170031273589992,0.4765142528487724,0.27219454329774617,0.18972644595420396,0.22603256766957835,0.19058916567813364,0.0166073546856465,0.46705489054243504,0.6857902872137748,0.03795966785290629,0.8550271397246486,0.16614544016679247,0.19317732484992273,0.20680110715697905,0.21783673029224632,0.13041446493403788,0.3632409504295625,0.265034688522233,0.16021424206477589,0.032316042992199576,0.32675509543836945,242654.15857303038,755391.6890429964,1439921.1607989026,0.1917001685819611,0.14896773755570616,0.20331701159593893,0.10411760020720208,0.12271715611851255,0.19119108072017246,0.11923402889022691,0.14129113548098812,0.1827421150677161,0.12196048438432622,0.14365742231559164,0.49776116238800555,0.4632958714084183,0.594259752719922,0.2364953425414495,0.5684220379700919,0.8937181673957024,0.21390654252484964,0.5440823200474589,0.3966062188192609,0.46272228782467856,0.48380526803182483,0.5098755996578642,0.41042414192332033,0.34330258112030126,0.6055676756122543,0.5201448185074223,0.49027992972163664,0.39209163208269276,0.4182680179292786,0.3927728110650386,0.12779725169858674,0.498922406524711,0.46420869801353476,0.19110218272645796,0.35207980063191835,0.3722178302390895,0.39479798486728357,0.4050188957763071,0.4127832532685019,0.33676491652490803,0.4809420724075714,0.4413596093318465,0.3668112257604981,0.17684128621881273,0.46903529834747343,3019.991444388525,9404.679444963693,17927.438262995183,0.010477784168523978,0.0070551082033215905,0.006560140915953699,0.017479608922280534,0.01440512926881875,0.008508359515421669,0.017107282299230715,0.014540810338629664,0.011991695448989863,0.01494277086778345,0.014143827737436193,0.035085915594219565,0.03061039614638004,0.03192357466388669,0.019015745200949025,0.04284671795240492,0.11118772018117766,0.016461284060680134,0.06784923430872097,0.021700697390179022,0.05108059529800849,0.05260406930764254,0.06534977352793156,0.035455101013732115,0.02689050255230426,0.07911603997411748,0.07502696096052915,0.046398734632252504,0.016392264001725502,0.017434754475519447,0.012653677475016176,0.0033791070529872744,0.025523042634265584,0.03145445395067942,0.004529441368897836,0.01146739521173341,0.014055647422532173,0.01944783952836293,0.01689553526493637,0.026026313897476453,0.01538572147530376,0.03282047595082321,0.02250341505500036,0.02106549716011216,0.0032353152634984543,0.02271910273923359
344,83.23914053426249,17.48719970658353,533.6971300201724,0.3119528394156122,0.18488229720643068,-0.04598334250259795,-0.053177187205819425,0.4482939886301118,-0.8749959337673452,-0.2065604379852069,0.45117218622776456,-0.8491842418546367,-0.14885622593068037,0.47795675163518553,0.4059343480652851,0.17208784155510728,1.2052203679931535,0.11341341157772479,1.978533528944312,1.6053310104529617,0.10984167736414205,1.854883855981417,0.763353200073354,2.038650589889358,0.28027049330643683,0.6529809279295801,0.20095665994253925,0.3273671984840149,0.5325881777614769,0.4691353383458647,0.469003300935265,0.4346842716547466,0.5375022923161562,0.20872302707989485,0.46378140473134055,0.6529738981600343,0.7290482303319273,0.13598019438841005,0.8697964423253255,0.26175194082767894,0.7779509749984718,0.22168225441652914,0.4464209303747173,0.28366648328137417,0.5459991442019684,0.3727306070053182,0.28122134604804694,0.02830246347576258,0.35894614585243595,15.123016119443449,18.369683382534276,23.450299841554852,0.11100355117729986,0.0952965359717274,0.07584811517051786,0.08993461746560236,0.0994735577806228,0.08113678357750949,0.10387201449065551,0.09213656439242718,0.08581195417064817,0.09887550932515773,0.1063337488721512,0.6970528825870975,0.412409229979791,0.956082308934476,0.32749797751165644,0.8009925956769529,0.8955245361902463,0.2445880005831603,0.6051675693904979,0.49313272315136614,0.7517444806218216,0.525507601299468,0.5742699343133906,0.3579983124473442,0.6421970203001963,0.5144876069703969,0.4500420875578636,0.7816520210084639,0.4957230744305437,0.49859921417006164,0.4064022306989128,0.49869410919850415,0.4760314196706692,0.44445803618228014,0.3427727705187302,0.33653239482226327,0.43959500525468426,0.4156302869386536,0.41538476883584313,0.4971285918567479,0.4507837845096004,0.49788719138642706,0.48353867251268723,0.4496021339905343,0.16583809762053492,0.47969870063156095,0.6328361402329065,0.5574319161292295,2.311205183849375,0.010926246293975607,0.006157227129626799,0.003960876608490999,0.019180979276828557,0.016080879267659012,0.010003570345691841,0.02042128453097778,0.015974165999327567,0.012491232784179478,0.016922792432068956,0.016519882629825473,0.06309319314118043,0.03944004645902742,0.08262676895803406,0.026412568389522266,0.07606993306232233,0.14403673930983896,0.022542409145092764,0.08653085551853777,0.057970779716966715,0.11000733563590794,0.05683253354525171,0.09382064370205094,0.046193416266772626,0.04404896536968548,0.09307760491487607,0.0858073784271174,0.09463459363633585,0.024146468196961823,0.020875997188006236,0.015955008099764648,0.03652535379160681,0.02188464712534768,0.02359629550386649,0.014610141516642723,0.012164929547330134,0.029220283033285447,0.025216248433536082,0.025185683283919676,0.040284867194424916,0.030534584466790964,0.04383042454992817,0.04279120946297032,0.03328544793226763,0.004034599749365773,0.034294097869609075
345,75.44345033168193,97.23984381560165,461.2840288857167,0.08047829372743302,0.19334629271979176,-0.0697678646401881,-0.02871893080863212,0.25917239587706775,-0.9482691508942817,-0.2439036723906289,0.2824155063817281,-0.9121649343353766,-0.14432534217818455,0.28131555966076077,0.2928793349567554,0.16115836762112684,0.4892879334956755,0.10979133428499455,2.2018863884457134,1.8897371735662103,0.05824376521958183,2.6101225963556973,2.2590330842220174,2.329081786883869,0.2339083886136535,0.7956961121840624,0.14894239650684357,0.21053740868250903,0.6434935762868419,0.5423419262742465,0.33257998152657653,0.24653623310101605,0.2281887647997313,0.23637585019732976,0.0030229238391132757,0.850869090603745,0.9721219245948443,0.006717608531362835,0.9764044000335881,0.9635149886640356,0.9515912335208666,0.32122764295910655,0.3357964564614997,0.27328071206650434,0.9406751196574019,0.2927617768074565,0.2128222352842388,0.01624821563523386,0.31854059954656144,17.49864522884362,28.770818263482955,24.510394942598985,0.10618436049855803,0.09899149216769779,0.09570533292150421,0.08530329190183673,0.11340529258955079,0.0802522500341252,0.07915035501281435,0.09863483792688664,0.08062979226731322,0.07670511674494682,0.10769409523716711,0.605065916064762,0.49649910708753003,0.4088328781587832,0.28853035441141545,0.724216870963317,0.8629964941595717,0.12339309957309595,0.6103376850306758,0.7718129158387108,0.5234769721281453,0.5205953579594625,0.8476181295939188,0.2980020282499782,0.4246143216260791,0.5942250105167894,0.5801739139886153,0.5737212198704407,0.43100338534322835,0.4196737388500949,0.42486455060176387,0.05489911028281492,0.3562249415790039,0.16462693035126483,0.08168697829684768,0.1517887181462978,0.18749755006993107,0.2146329237204516,0.4669578130646927,0.47227805465763734,0.44565311958056136,0.23623670757873907,0.45503957225245073,0.409311575037063,0.12643133413058397,0.4659201650171805,0.6044296091027418,0.5887853214090775,1.746130914892724,0.00867884284334719,0.004164714279716169,0.00407994289793005,0.020251544610992146,0.015237330604190285,0.005549638661460301,0.01700815312591846,0.015538862115295796,0.008621122685476759,0.015181592979804343,0.014442834949825756,0.0407519838770626,0.029675022043078474,0.060047025234076505,0.023526052819414712,0.05741277238946971,0.10728429273208213,0.013817861191585843,0.07966704454801193,0.06330940084813369,0.08571566528110172,0.047695343662090106,0.10863374900281311,0.03549607423269093,0.03948020321619013,0.08062266448335223,0.08679598606037706,0.05435193349288323,0.016332871478355795,0.019020027711298654,0.024352353361044632,0.0010496704034933032,0.016542805559054456,0.004198681613973213,0.002015367174707142,0.002015367174707142,0.0027711298652223202,0.0044925893269513375,0.029222824033253558,0.0358147541671915,0.027039509593987487,0.007305706008313389,0.03741025318050132,0.03329554519880758,0.0013855649326111601,0.02334466977369106
346,73.72246017023134,62.29973264949803,543.5481094500218,0.156236059580969,0.24070845154954168,-0.09809501855085115,-0.08929677618943692,0.24018908557944124,-0.9493944042175905,-0.2972592907027498,0.22761407935945002,-0.9063516036119599,-0.20507990506329113,0.24659008075076383,0.40775916630292447,0.19251800523788737,0.9721696311654301,0.14743998254037538,0.3029760475774771,0.7180477957223921,0.13204086643387167,1.1124598974247055,0.3873764185945002,0.9638089262330859,0.2623098537756438,0.44177297031863816,0.13952067874290705,0.2544767568747272,0.8086223264949803,0.580917175905718,0.38186354212134443,0.2804179397642951,0.3275862068965517,0.814054997817547,0.05469773024879965,0.058462461807071146,0.7455259711916193,0.22599301615015277,0.6055761676123963,0.13097446529899606,0.6698494107376691,0.1003928415539066,0.3500927542557835,0.2303852029681362,0.26579550414666087,0.36190528153644697,0.2209460934089917,0.011376036665211697,0.3254037538192929,45.882568740964345,37.58136879878922,58.42117651800396,0.10204760623076156,0.13272262892051997,0.13227418459905857,0.1271491031139735,0.09050643489355986,0.06755157108550171,0.13128050272996666,0.10013788616255011,0.08384189152482098,0.13416558144823662,0.09410579443947084,0.7181940881631611,0.4563100503397519,0.7679706902079834,0.4010632019235635,0.4464837154588856,0.689277122683952,0.2797168815724267,0.6739635032691923,0.49034956978807825,0.8189695092567969,0.41627228704339025,0.4042411792095631,0.2714718607377685,0.4989873516869391,0.8221806150617825,0.6215515974868159,0.625048956782529,0.44920955440239674,0.46933942229324677,0.3890675878528983,0.22739239029456845,0.23461906158873802,0.4355710885919099,0.41824029560764686,0.48873324942830537,0.3373770293197445,0.47027354910452945,0.30052717483594793,0.47700526721676395,0.4210851439193662,0.44176190198006765,0.48055816383010536,0.41488988073393473,0.10605154067106627,0.46853189809136825,0.9230909834947482,1.0977983903969446,1.9594652844086757,0.010692538534988406,0.007121647797026326,0.006149747646978583,0.017869637239121536,0.01702115815032056,0.006488697749283862,0.020773051098076662,0.024438202591733734,0.011341468967398717,0.015789933160551085,0.019230527895239394,0.048971763743009135,0.030577274587368714,0.07533078706861274,0.023663347428727322,0.041120720229163826,0.09580384667848861,0.02302932751329969,0.09417760196426135,0.046600463783931255,0.08564725139817216,0.040737689264766064,0.06019533487927977,0.03551984722411677,0.03517664711499113,0.12374055381257673,0.09189414813804393,0.07410885281680535,0.01773291501841495,0.018469513026872185,0.015495839585322602,0.00878461328604556,0.009221115809575775,0.022425317146364754,0.017187286864002182,0.03322875460373755,0.014404583276497067,0.02905469922247988,0.015986904924294092,0.04152230255081162,0.023680261901514118,0.03298322193425181,0.044195880507434185,0.03726640294639203,0.002346201063974901,0.03336516164234075
347,15.398937213865269,-19.43246675386963,596.3284227163724,0.37327060170045784,0.09273065184216263,-0.07314775452365381,0.033150628133856545,0.48533302403531714,-0.8480909556899935,-0.09289265909090907,0.5139427933289731,-0.8255366874863745,-0.03472045999563985,0.528200675822978,0.166984412470024,0.09180292129932419,1.6689263134946588,0.04884510573359494,0.04216154349247874,1.1082232395901463,0.07345378242860258,0.3516225201656857,0.007424787442773054,0.0704534554174842,0.15135764115979947,0.4064617396991498,0.19028395465445824,0.17183289731850881,0.5708883802049269,0.4210742315238718,0.2391917375190757,0.05853499018966645,0.14306736429038588,0.8982995421844343,0.15892740353172008,0.001907564857205145,0.7688031393067364,0.09101809461521691,0.028013952474384127,0.003052103771528232,0.16432308698495748,0.005886200130804447,0.17718552430782647,0.18116415958142576,0.36930455635491605,0.20040331371266623,0.10491606714628297,0.001144538914323087,0.3202528885982123,33.298959497524635,28.014815347865895,28.53122016674113,0.08527789112610341,0.08410927496889747,0.11707643724848732,0.0681371230126886,0.08335848469577462,0.11890163260512875,0.07195978896685618,0.09163020202649023,0.11740103701285472,0.07625045839377384,0.09405651643127408,0.27462264427454774,0.27869422764407376,0.6344974114075583,0.15613694192435748,0.1585693714256342,0.5402786030980111,0.17812107677770286,0.38025544118995086,0.07529930510613715,0.18855678583444138,0.3479213658057679,0.36105556566677444,0.39077526078545266,0.3499244294423587,0.5941509897915549,0.477647685698304,0.4385391070344035,0.23475870335332474,0.3501510756906012,0.30226222740982267,0.36561833866755006,0.04363519023305083,0.4216094878579392,0.287642678438133,0.16501713566266668,0.055162979259113516,0.3705785945330813,0.07649752752003251,0.3818360388782784,0.38516463014166663,0.482629667761028,0.40031307687624135,0.30645359269747807,0.033812590206737735,0.46658637051562085,0.2629367198997111,0.30448029650624076,1.3142966152504492,0.005007412656020058,0.003714558238404099,0.002002016678476045,0.013735809560146072,0.009437183572246145,0.006910649970022347,0.016281133209789068,0.00989720542868044,0.007854082302283752,0.012564560963645282,0.009365236823458876,0.025083664904344036,0.020840464381097726,0.06057557093802802,0.014648716411402408,0.008155011718537091,0.09082247778928434,0.014062244508639014,0.0396893225050417,0.002096255518613398,0.015331116803837141,0.02636507330898785,0.04471194200686761,0.02479969477298741,0.016974437237695535,0.05375483730310133,0.054113479042895304,0.050172780291055756,0.005995530604458494,0.00605003542813539,0.00403335695209026,0.022674006649588487,0.00010900964735379081,0.015588379571592086,0.007194636725350194,0.006649588488581239,0.0008720771788303265,0.011555022619501826,0.001744154357660653,0.022674006649588487,0.017114514634545157,0.0249087044203412,0.022237968060173325,0.01635144710306862,0.0003270289420613724,0.022237968060173325
348,90.23533172720533,-6.689408821349146,587.3381578947369,0.07244542253521126,0.1933088398813936,-0.106357533358043,-0.13294979767420312,0.20156051473313566,-0.9608275789010376,-0.23661448174573757,0.2893311774462564,-0.916621024925871,-0.1934122034840623,0.2547950796886583,0.2008274647887324,0.11806708673091178,1.2815228873239437,0.0941873610081542,0.08301334321719793,0.06812083024462563,0.07924110452186806,0.12310693106004449,0.0458436805040771,0.27351139733135654,0.16917577835433653,0.3801987583395108,0.08209877687175685,0.1855916419570052,0.6777335063009637,0.9246502038547073,0.3316998702742772,0.16994069681245366,0.1514547813194959,0.7569959229058562,0.14079873980726465,0.05893254262416605,0.06569681245366939,0.05258524833209785,0.0875648628613788,0.072646404744255,0.6573387694588584,0.05198295033358043,0.15506856931060045,0.02043180133432172,0.47424017790956263,0.42438843587842845,0.3678187546330615,0.0023628613787991105,0.2298461823573017,13.65085826371352,13.788094393277927,20.574591922863924,0.07896570769392222,0.06446638293497983,0.040227583076927934,0.07389063933550083,0.07016395245923009,0.06435456039162324,0.07573764254037355,0.07475308919540799,0.06927518720003233,0.07530987787708407,0.0752102690040373,0.4272452661178904,0.28757200539919,0.3794917214809115,0.27823754344116786,0.28640304950757783,0.23027497979491265,0.18169097271835466,0.2816867971012692,0.22121888556049135,0.46227668616171674,0.2789631915978284,0.35848562334564565,0.1500319701228034,0.40419580690982493,0.7700114694732924,0.8593954994768469,0.6239437270569417,0.37558939297909527,0.35849990940992776,0.42890747098260634,0.3478218793528293,0.2355038590675742,0.24775710933572154,0.22320920296883767,0.2826675777552842,0.2595612182306801,0.4746103115456782,0.22199776242163013,0.361978423042025,0.14147533406331564,0.49934755833126276,0.4942612767272921,0.4822228655334033,0.04855293486613992,0.42074352816849686,0.4169485243015336,0.30347959041838485,1.6723486077005052,0.004745633137191309,0.0030858546077931702,0.0019999536672381042,0.0164263240513367,0.016031683408237966,0.004752965204095817,0.014298413056572302,0.015252326506973082,0.007229265672056712,0.011556549135893992,0.01465236528749479,0.02802298104990038,0.021756475003474957,0.0660056525969513,0.018849094194504937,0.008506695084093964,0.015253671871380254,0.014083769633507855,0.02050317379418987,0.004861233378121671,0.03472269842005282,0.036958717509150724,0.05126812769309178,0.023575035907890472,0.023681601260251123,0.09570309966177083,0.08041699485706344,0.06336005189269332,0.016123801139785943,0.010749200759857296,0.031181948755965343,0.03261826437473938,0.0033359588565074366,0.0068572487605986195,0.004262614094426169,0.007320576379557985,0.005559931427512394,0.029143307232544133,0.009266552379187323,0.027428995042394478,0.005930593522679887,0.04244080989667794,0.026780336375851366,0.029096974470648195,0.0002779965713756197,0.029143307232544133
349,88.47190438334385,-5.150933413744894,555.643227610406,0.29136286630664215,0.2244914882535157,0.011264097151785958,-0.11228119487924558,0.3881113857561885,-0.8920040081964967,-0.27904278146330763,0.3804281082540639,-0.8614972074070013,-0.2172808191014008,0.40929225033580957,0.3146130650511253,0.11603826859288906,0.0155193398941857,0.1517341484141561,0.9053888538611256,1.6933260231914251,0.10353326571452068,0.7532563940897502,0.18459140875572247,0.1924131692206475,0.1870358288330272,0.562058718714877,0.13329751363798348,0.19602264316456045,0.47470215740563065,0.5791913155514131,0.28782258285588974,0.21267030346226595,0.328188820965487,0.009265604868554512,0.557416595849667,0.09594561254420352,0.5412977329422407,0.15282765426683845,0.21050467392198252,0.1822418377696757,0.1015378711039228,0.07206886153677458,0.3356451657117794,0.12261849283149209,0.585021519230242,0.43128923490227256,0.30932865484251215,0.00175443405795115,0.3248444310425176,20.08905800469623,15.71488334939742,18.924143972122312,0.07181364202843842,0.16671757363491213,0.06929928744921117,0.1343699394892149,0.07776031186381503,0.09019900380152372,0.1082322869273924,0.0761233937293195,0.09417779223848734,0.1314766886907774,0.07842352156087169,0.5060704557085582,0.2688880435012904,0.11732929794662028,0.3650272305515541,0.3988530234073101,0.686417978132988,0.20649316979808918,0.5169700489360743,0.21303731441686163,0.2833071644236344,0.35774076901427615,0.4905960380648828,0.2521537058363213,0.36686068925236326,0.46952423909842256,0.5961719712875203,0.5091609734285217,0.40920194977125546,0.4695603933201548,0.09581234308142535,0.4966992023275859,0.2945206781377284,0.49829840853194984,0.3598262242499607,0.40767267769992244,0.3860490069995329,0.30204375964145974,0.2586054408335517,0.47222198315716923,0.32800327332174,0.4927250719708929,0.4952631167172646,0.4622232090000399,0.041849779334935305,0.4683231139592757,0.5010280168868908,0.25286474039146883,1.9981440868468667,0.006087532211195789,0.004842151433740885,0.0028286912659685292,0.024028039777400072,0.018777415867097975,0.012436775398870552,0.023408594879105217,0.019390032759471463,0.013705231262678873,0.019487115521684303,0.018075223422336754,0.031134382367454357,0.02396348484017764,0.0028296507483962937,0.02054717912166237,0.04318054717912166,0.11048659465979496,0.014948736224573714,0.06261472668457702,0.0253791326278853,0.03675256318877131,0.03572536871539011,0.07053840671089423,0.027395690553210155,0.023028674817698342,0.07343714019408958,0.06736937332090576,0.06322961785185592,0.01348758155600636,0.01683206316135753,0.0007675859422117441,0.0444377432973299,0.012116892373485389,0.03602171171665113,0.010801030758265256,0.02253413016064477,0.019134820987992764,0.01677723559405669,0.009046548604638412,0.03434947091397555,0.01540654641153572,0.016256373704698724,0.035473436043642746,0.030593782553868083,0.00038379297110587203,0.034705850101431
350,28.79261387261387,0.35741447741447663,515.7499149499149,0.11561001701001701,0.13406735966735966,-0.055726176526176514,-0.009782018635418633,0.16683355097335095,-0.967049347949348,-0.16113334159894158,0.2683628607824608,-0.9318810119070119,-0.08894651294651293,0.22366153846153844,0.33046985446985444,0.14870459270459271,0.012830844830844831,0.08467095067095068,1.4247930447930448,0.7413649593649593,0.075995463995464,0.34327083727083724,0.3192485352485353,1.638103194103194,0.313033453033453,0.5121988281988282,0.16723379323379323,0.24207975807975807,0.8341640521640521,0.6134016254016253,0.5767219807219808,0.23742203742203744,0.47193347193347196,0.0028728028728028728,0.643999243999244,0.7820449820449821,0.23428463428463428,0.021205821205821207,0.5022113022113022,0.3018333018333018,0.8632394632394632,0.2621054621054621,0.23012663012663012,0.1395955395955396,0.9153657153657153,0.3418257418257418,0.27711207711207714,0.03885843885843886,0.3018333018333018,8.617542420912589,15.251273630859203,15.64294789689075,0.06390227579869542,0.05490783289149182,0.06331167747484022,0.0809461422697535,0.12255732783846902,0.08870382514137916,0.06858846233594311,0.11710283042537113,0.08804622040784692,0.057857045509784766,0.11148995010605287,0.5498807358029946,0.3657900116079812,0.10817343982460824,0.24141257193193266,0.586512278110777,0.5505264946479445,0.1693805237628865,0.5300547121047989,0.4833205117222674,0.7197705457664598,0.6686497156051027,0.43661171232015933,0.330233459976955,0.5252691358419463,0.816563470351163,0.6124725833011665,1.0432501788125796,0.4255110546511743,0.49922108388124453,0.05352250144232975,0.47882448167498093,0.412864470967119,0.4235588811841768,0.1440726169857857,0.5000045603035381,0.45906200631206523,0.343600865943002,0.43978801697803555,0.4209216809065762,0.3465734629233597,0.27834196778117876,0.4743304846404686,0.4475807706519126,0.19326115081546147,0.4590620063120631,0.31436455734482494,0.38808497769713457,3.052396612988583,0.00794768277009148,0.005276971346488243,0.0031581613366598615,0.03598115003402132,0.03792793985786649,0.008441138882588645,0.03013540617675966,0.037019636879110904,0.012950361268617221,0.024263173811143873,0.03304823467150525,0.03931503742345203,0.027478642171316247,0.003354124140016633,0.022355031375217358,0.05324336584259469,0.10081008543131471,0.01838890148937779,0.050160278218794895,0.03158010130793075,0.12373705299765632,0.06779541846223634,0.0901905193921524,0.04804944431843955,0.04306569894911923,0.13674302562939442,0.12607167158085733,0.06364784153625161,0.019354350948816813,0.025175776820140622,0.0004536176003628941,0.030732592424586074,0.0197701670824828,0.01924094654872609,0.0031375217358433505,0.02574279882059424,0.02150903455054056,0.019467755348907538,0.031564224691918046,0.03889770923111817,0.025969607620775687,0.014666969078400241,0.041430407499810994,0.03696983442957587,0.0037045437362969685,0.022454071217963258
351,70.54029016890429,66.33057167605024,512.8247682979644,0.21397371156344738,0.08421139021221308,-0.12284066695539193,0.01946846171502815,0.2725759960155912,-0.9442128346470333,-0.15267363832828063,0.3080094693806843,-0.9201771640103942,-0.07094807275877,0.30000926808142053,0.2940359462970983,0.1294174967518406,0.07332394976180164,0.06949415331312256,0.26735036812472934,0.34981593763533997,0.08902555218709397,0.9085924642702469,0.9427492420961454,0.6820896491987873,0.1334763967085318,0.5933274144651365,0.12079991338241661,0.221988739714162,0.8895322650498051,0.5664737981810308,0.5675877003031615,0.18033780857514076,0.18328280640970118,0.012949328713728886,0.3834993503681247,0.05526201818969251,0.08588133391078388,0.0815937635339974,0.41537462104807277,0.4395842355998268,0.5188826331745344,0.12338674750974447,0.25829363360762236,0.08081420528367259,0.2922910350801213,0.5353832828064097,0.3924642702468601,0.005933304460805543,0.3350801212646167,15.065011768524204,13.326492019875232,17.068271988056093,0.07359164445159733,0.11417427527732422,0.07079223480765168,0.10635327127610449,0.09544988245627224,0.0826152090467528,0.09949950738974617,0.10447858485370155,0.08798066986385959,0.10452587844015143,0.10499847813804371,0.563820879111778,0.34708404399096504,0.1786604923348187,0.19269217367996708,0.4535334155643214,0.5630523348833173,0.2079169205157044,0.4996889870376237,0.54322742977228,0.5134778425172859,0.2373380397807236,0.5499515826355845,0.26042573891625176,0.4600169321385209,0.8186603564760193,0.5857867504932758,0.890369103953702,0.3844768983783493,0.3869065810600741,0.11305837952629369,0.4862487413582635,0.22849592710630282,0.28019480818177545,0.2737507384905925,0.49279718215180274,0.4963472625008312,0.49965413876870174,0.3288877356134356,0.4377057571221354,0.2725554746579362,0.4548251807079559,0.4987572523188826,0.4883097312685537,0.07680075396533066,0.4720286890399072,0.6782797002901815,0.5201481224825675,1.5605093334488287,0.007970072328814588,0.00665351466066092,0.003925808826714019,0.017865563385161765,0.015580241023864176,0.006328004590930745,0.016174041188444715,0.015884503053402055,0.007659349083979384,0.01366923643293343,0.01507553380397592,0.04501104422019144,0.027508337303477844,0.01954177313872407,0.018617090389362902,0.024282125687556843,0.0522673134393001,0.017387500541383345,0.07508380614145264,0.043412447485815756,0.07386504396032742,0.03522932998397506,0.08041448308718438,0.030290614578370657,0.03480358612326216,0.10813807440772663,0.07658755251418425,0.07930009961453506,0.01784399497596258,0.019922907011997056,0.0019922907011997054,0.030967127203430204,0.004157824072068951,0.009398414829572524,0.012040365542033003,0.03568798995192516,0.026116332452683095,0.03430204859456884,0.017410888301788732,0.033089349906882067,0.014465762917406557,0.034995019273247004,0.03897960067564641,0.03980250335657672,0.0006496600112607735,0.022868032396379228
352,45.23298404068748,0.8910645387583301,616.5254735180638,0.24420334970185895,0.15120488425113995,-0.058948088390038574,0.007146788582953351,0.3181144858383024,-0.9345639853560155,-0.19492558672395652,0.295086775473518,-0.9195628236583656,-0.10011246054016133,0.31928305857593825,0.19423141003156785,0.1240477025605051,0.15462863907400912,0.08475534900035075,0.8932760434935111,0.25168274289722903,0.054757102770957564,0.7152863030515608,1.0986083830235005,1.3309926341634513,0.15323351455629602,0.5269195019291477,0.10661697649947388,0.22888898632058927,0.9446211855489302,0.4442436864258156,0.3855945282357067,0.2146615222728867,0.2823570676955454,0.9221764293230446,0.009952648193616275,0.5296387232549983,0.7775780427920028,0.0028060329708874078,0.7742020343739039,0.6108821466152228,0.9927218519817608,0.15516485443703965,0.31839705366538057,0.08102420203437391,0.7143107681515258,0.4391003156787092,0.2967818309365135,0.0071027709575587515,0.3777183444405472,14.13145274191329,16.493145721415292,21.60682832967622,0.0683868977555725,0.09362017898264018,0.06402307898505095,0.10061128669994232,0.10432326384951839,0.05497272637850203,0.09942496851630236,0.11820912237743308,0.06449187101221135,0.09947407907358374,0.11905289835357023,0.3928688514418051,0.3216817214586577,0.25966113943808267,0.22431791400191267,0.4560798325938739,0.3542068591538992,0.11184283549396429,0.46646899528302527,0.6286323214805327,0.5174505672269668,0.3327788525952081,0.5231088940927623,0.19393870893207432,0.46547880241300926,0.7967870359768842,0.43371469695673875,0.6176425384909116,0.41059632828893444,0.4501560158867852,0.26789962530033734,0.09926744194370546,0.4991317151953716,0.4158822109405292,0.05289878862946082,0.4181159040739379,0.48756083930786687,0.08500290216288887,0.3620697034070035,0.46586466425180273,0.2728782612716481,0.45175196998461015,0.49628825029509116,0.45684956666937504,0.08397994296079886,0.4848272915556645,0.5007146928574561,0.39245407111851627,2.2511685008988467,0.008571929670715132,0.005762309817161398,0.004635857412198009,0.019445581093523914,0.021658905818389092,0.008744494935765335,0.018970584250449424,0.024373862016047704,0.01039488613145087,0.01547489805761389,0.022600122769325208,0.03624852019116938,0.027402551848116807,0.030613408164160128,0.019796992151532425,0.04735212873240672,0.05975358442583418,0.014762134432411101,0.06967948436883412,0.04502521155785505,0.07670452054193887,0.03644758188275529,0.06751260577892752,0.02732801332924102,0.03692594378918753,0.12212917086859298,0.07650195115534704,0.08145744727495945,0.02499232691717455,0.018941553031963872,0.010786162143201649,0.002192309378699522,0.028324637172797824,0.029990792300609463,0.0005261542508878853,0.032007716929013025,0.024246941728416713,0.0006138466260358662,0.0210900162230894,0.039812338317183324,0.015346165650896654,0.03213925549173499,0.047967729205945546,0.044021572324286405,0.0009646161266277897,0.034200026307712544
353,77.75466417910448,-10.619140094979647,598.6458573609226,0.17246760515603798,0.10552544097693349,-0.03447405020352781,-0.03321536834294436,0.3099339630257802,-0.9380186587940976,-0.1875056394165536,0.3272144380088195,-0.9144619068012212,-0.1178242028493894,0.32976649423337856,0.29217647557666215,0.10243385345997287,0.08239017978290367,0.07674821913161464,0.1465658921302578,0.10317842605156038,0.08158115671641791,0.3662474559023066,0.442483039348711,0.2537165027137042,0.19824542062415196,0.41437499999999994,0.12607954545454544,0.18732445725915875,0.8934663331071914,0.5764675203527816,0.6202404172320217,0.20704715061058346,0.06351763907734057,0.004833785617367707,0.48473541383989144,0.02501696065128901,0.012254070556309362,0.07382123473541384,0.32619572591587515,0.08416723202170963,0.391918249660787,0.1192757801899593,0.2837516960651289,0.3593113975576662,0.6198270013568521,0.46633310719131615,0.2798083446404342,0.025864993215739485,0.3674949118046133,13.037509787091802,15.208489975364127,30.494142137691675,0.08834598070998341,0.09330456652032644,0.07888167752027708,0.0789724166903383,0.0856268706379731,0.06997341837429932,0.06396722212216335,0.08822877593036352,0.07184563233752117,0.06451907852129693,0.09140353751015037,0.5224917135240291,0.23836112124163442,0.1717137227383708,0.21347681282302367,0.3055915031513266,0.27214834606391,0.18779133904117043,0.45893311396915104,0.4702223260144606,0.4166610548850733,0.3295443816073829,0.4147076205337502,0.2368670438682416,0.39212361360795056,0.8541192004049944,0.5861497438758525,1.043558745582658,0.405198210473579,0.2438968447780094,0.06935866284948021,0.4997775338943515,0.15617985336716997,0.11002009615655134,0.2614852944817425,0.46882981373528765,0.27764433663136995,0.48818893961002635,0.32411961201143985,0.45082733831976357,0.4798087938922065,0.4854394727999519,0.4988758293629857,0.44891444603996783,0.15873583003916203,0.48213302931505403,0.5194419709112497,0.3914048255099012,2.7120044099563243,0.007092227451978119,0.0048745282618835595,0.003310011448925073,0.023167210999448754,0.020203702073527542,0.008218418649026843,0.02132285269049739,0.02074398282661239,0.009897084594835261,0.016903956239664165,0.019205402196497478,0.04015943688250011,0.02382054870033499,0.019313064495611248,0.017887461306873596,0.02062757070771318,0.022769791799177375,0.01782216003053047,0.0504503243862104,0.03750795064241191,0.041502777424415896,0.040916762074375605,0.06075011660942205,0.0303404995123606,0.031759742187168725,0.11305813509731587,0.07976338888182165,0.1016448289021753,0.017046177331128357,0.010007208582453462,0.0005512445405588772,0.04032565831319171,0.0027138192765975492,0.0022049781622355087,0.01157613535173642,0.031675359369037016,0.0067845481914938725,0.028071068142305897,0.020565661705465803,0.041597761099096804,0.02883432981384896,0.03718780477462579,0.03426196836704406,0.03460119577661875,0.002162574736038672,0.029512784632998345
354,56.818721830578994,-3.051352132208483,462.6296140067029,0.1154652143765168,0.14038189067375476,-0.06550843638044608,0.027724699468392455,0.34040066999884433,-0.9305597449439501,-0.22285003802149544,0.3850007574251705,-0.8855226725990986,-0.10654408875534495,0.37884254015948227,0.18804576447474866,0.12305847682884549,0.32516757194036755,0.051903963943141104,0.46951461920721144,0.10322893794059865,0.05547324627296892,0.4042540159482261,0.2959690280827459,0.5221200739627875,0.11973592973535191,0.3619981509303132,0.11208251473477406,0.21406621980815901,0.6311990061250434,0.36292615277938284,0.2342153010516584,0.07968334681613314,0.1073038252629146,0.05680110944181209,0.0005778342771293193,0.18190223044030973,0.02299780422974691,0.012943487807696753,0.39321622558650177,0.1719056974459725,0.45030625216687853,0.11995839593204669,0.2913440425286028,0.08967987981047036,0.8690049693747833,0.2880503871489657,0.1194383450826303,0.005778342771293193,0.37703686582688084,17.02406708473538,13.081955682616725,17.78811821249909,0.11898011788461908,0.060578412551789765,0.11175490251291506,0.060316048450962376,0.08128120754034088,0.062287942122727105,0.06438149260438893,0.07975411312492592,0.06452417468212078,0.06603820038332994,0.0871312798044773,0.34448458270793153,0.3565634567499759,0.3022615100519925,0.14748496647428433,0.26399389760326175,0.19910106661401167,0.13961356956777726,0.35760508883082054,0.3180588152565355,0.5866263526112189,0.1782652113949562,0.3212929585424256,0.2199402805878993,0.43539416197860253,0.6474406672008043,0.3565562613418333,0.3645225089976423,0.270810171127194,0.30950807699439403,0.23146887332682492,0.024031932018829052,0.38577507497242314,0.14990064588168364,0.11303403121246519,0.4884782628574824,0.3773093622168137,0.4975387778006961,0.32492226706206223,0.4543947867473404,0.2857308463029052,0.3374046691327058,0.45286776477247187,0.32431297291990474,0.07579766162886674,0.4846582719751988,0.4245362611961861,0.4372031204854088,1.4496908407974574,0.005620687662525281,0.0030255995377058654,0.002355215255706443,0.013220366252528171,0.013754575382837331,0.005820383126264086,0.014641197457382259,0.014688945680439179,0.00769935515746894,0.01113002022536839,0.013588962727535393,0.025683906385437737,0.021594914764518924,0.03524992776654146,0.016224212655301936,0.02929615718000578,0.02964172204565154,0.012320138688240393,0.05165674660502745,0.0248899162091881,0.05684253106038717,0.03270326495232592,0.05566136954637387,0.026183184050852355,0.023002600404507367,0.0776191852065877,0.059043051141288654,0.05183357411152846,0.009939323894828085,0.011499566599248771,0.005778676683039584,0.00034672060098237504,0.020456515457960126,0.0027737648078590004,0.0011557353366079169,0.030049118751805836,0.012019647500722335,0.023230280265819126,0.012481941635365501,0.038832707310026006,0.010863912164114418,0.019763074255995376,0.025657324472695753,0.018838485986709043,0.0015024559375902918,0.026466339208321293
355,72.30732141092777,75.56056219741131,486.0915423377137,0.19610720284556862,0.07828154332575832,0.1549676415373975,-0.03501250731153047,0.33361410675822545,-0.91233679048513,-0.23432394867107992,0.28440975787965617,-0.8994151150083982,-0.14481493923525343,0.32229256002371304,0.21661594704080622,0.11917942891018675,2.231517142574844,0.09323831637190001,0.8350405098310444,1.8535263313901789,0.08531913842505681,1.4673253631064123,0.13776800711392156,1.8859806343246712,0.1293577709712479,0.42313654777195925,0.11053601422784311,0.19723149886374866,0.4382803082699338,0.4052346606066594,0.2551556170338899,0.19380495998419128,0.2671672759608734,0.9545005434245628,0.006274083588578204,0.014178440865527123,0.5850212429601818,0.10211441557158384,0.4974804861179725,0.009040608635510325,0.9199189803379113,0.12449362711194546,0.1273095543918585,0.11006817508151369,0.531370417942891,0.293893884003557,0.11318051575931232,0.034581563086651515,0.32042288311431677,37.691267456225674,37.78325191314616,53.816457830708366,0.12310566662975916,0.12540819462899633,0.13481555775640788,0.09014871605179854,0.09657153123815958,0.13381080046984878,0.09586741515451654,0.09359532569913086,0.13246146186917954,0.09300648659744538,0.09526271311292805,0.38591439987907744,0.333925594361541,0.8339755138949644,0.27752945627257014,0.3528923883202882,0.5817132467044941,0.17561624238654458,0.5794413301484096,0.21677775977397287,0.6826068243844664,0.21245849541320255,0.3645671841870462,0.21149152184739875,0.4069551839852819,0.46335554024807163,0.4614304328215451,0.4385103842975724,0.39528763790820953,0.4424913507677625,0.20840201926803595,0.07896219024305687,0.11822902870980921,0.4927305371972433,0.3028061945756774,0.5000060028685355,0.09465367737893932,0.2714252926643754,0.3301520085976507,0.333327647671369,0.3129824456103094,0.4990272531908574,0.4555551793361726,0.3168211567947447,0.18272199645824086,0.4666506370513922,0.6931475717602885,0.6184872288918533,1.8126327750605207,0.008447211106170643,0.006270589397757027,0.004860332987500618,0.021490603280470328,0.021307169803863445,0.009862529815720566,0.022228607084630207,0.021511235857912158,0.010741699619584011,0.01756568351366039,0.018862655007163675,0.04186453238476359,0.03112296823279483,0.07726742749864138,0.025311990514302656,0.045512573489452104,0.12270144755693888,0.017336099995059532,0.06907168618151277,0.021903068030235662,0.08142236055530853,0.03509905637073268,0.05932414406402846,0.029653673237488267,0.027578676942838793,0.06739390346326764,0.06537275826293168,0.07162294353045799,0.01981127414653426,0.02415888543056173,0.004891062694530902,0.0011857121683711278,0.0015809495578281705,0.035867793093226616,0.013042833852082407,0.026332691072575465,0.0014327355367817795,0.007805938441776592,0.015414258188824663,0.017044612420334965,0.017489254483474135,0.04357492218763895,0.03478089027221975,0.017094017094017096,0.004298206610345339,0.029445185514549676
356,52.69143725544997,-15.426495248742315,543.0783258803801,0.18014246785913915,0.07783625628842927,-0.12160194242593628,0.07408650234069313,0.30995220573644494,-0.9262321770192845,-0.1166112062604807,0.38504442660005583,-0.8953081492453885,-0.022957203745108998,0.3600538708775853,0.4128287451089994,0.23517328116266067,0.4335082448295138,0.06709055338177754,1.135481064840693,1.373397847959754,0.062138764673001674,0.48257755729457796,0.07724077697037451,0.4331512017887088,0.2020895053102292,0.4269343907210732,0.22966880939072107,0.13412066797093347,0.5039285215204025,0.5145398965902739,0.26586151481274456,0.2386109558412521,0.3176006148686417,0.01526690888764673,0.005484907769703745,0.4804709334823924,0.12203046394633874,0.052228898826159866,0.4116825041922862,0.01970374510899944,0.7876956400223588,0.13058971492453886,0.16496646171045276,0.13963806595863612,0.10658887646730017,0.30422023476802684,0.19459195081050867,0.004262157629960872,0.25911822247065397,16.138578303201964,18.089282474620422,27.852427337740952,0.10505265772766409,0.10618706981718828,0.09798227227293721,0.10427973939486024,0.07982839996693676,0.10583561859118543,0.08923667728145429,0.07516556516513218,0.10424001268703739,0.09907592336412795,0.07805589272231303,0.7442054263972167,0.5484871011679538,0.348382916539899,0.18741256809624562,0.48008179553428393,0.5621643260906465,0.1255647431721793,0.44922216438603957,0.21051842123556952,0.47074890703326205,0.3860550814260027,0.350777042954447,0.44637110120083073,0.28508621942701967,0.5087499189434771,0.5240304053370746,0.46676818817175547,0.4262418501143654,0.4655513249929823,0.1226146631389654,0.0738580674760382,0.49962719748952267,0.3273267067091787,0.2224921804657276,0.49214680905341684,0.1389826692878701,0.40894628163006447,0.3369569822428837,0.37115676051077384,0.346617186233661,0.30859522816251117,0.4600844255541225,0.3958931661626521,0.0651470637433036,0.4381582776884736,0.6121126366907732,0.5574118715718129,2.6359081857247664,0.009237710931768157,0.005184711595569997,0.004279775006113964,0.030208018446703695,0.02633123523040911,0.010278870488767775,0.024879764804527825,0.017763619082555984,0.010041856374244488,0.02240359151731125,0.020382279984627747,0.055516193271145584,0.0299290780141844,0.05569891346120253,0.021039024560667995,0.04828145197917758,0.10946791042168885,0.01607728050868183,0.056785102889284844,0.012807183034622506,0.06495510603360934,0.045858575271634706,0.06350766865807218,0.04178632568214373,0.026370750794815358,0.09144953359186667,0.08332459909862698,0.07812318764629843,0.016909478391503335,0.015931244104391572,0.002445585717779408,0.0016070991859693253,0.02389686615658736,0.021800649827062153,0.009432973482863432,0.02655207350731929,0.0028648289836844497,0.029172343919225796,0.019494811864584426,0.02714600146735143,0.02096216329525207,0.02131153268350627,0.03787164168675541,0.02739056003912937,0.0007686126541592425,0.04443978618593439
357,47.577086848236526,22.19527597011328,565.2120671647787,0.25508114405077525,0.055268498433357426,0.06790093998553869,0.03550307222623925,0.33452965397284484,-0.887599686269784,-0.15798578765967702,0.3151498950751185,-0.8840349543665139,-0.06730553547039447,0.3394866232827187,0.33867518277496583,0.22598618140917492,1.5225106451353743,0.11898047722342733,0.8689475375592512,1.0698521732144293,0.0885835944404274,0.6006676307543987,0.5850751185024504,1.5643994536836188,0.2736080983369487,0.6248116011890416,0.171608419699526,0.33197879006989633,0.5664015425403712,0.5647465252671326,0.3444629227926408,0.2529926890013658,0.3188720173535792,0.7490961677512654,0.002811922551618864,0.3671567445970917,0.8741062103318069,0.0393669157226641,0.4713585602956536,0.5502530730296457,0.8859162850486061,0.20157467662890657,0.2210171125572427,0.10870089178115208,0.6848236522856913,0.3022415039768619,0.1673495621434884,0.027315819072868966,0.2856109906001446,44.02987726545486,30.397996598296036,49.033413302356294,0.17582807550555818,0.18316266059017508,0.25920424475629045,0.13614089504057345,0.12551129230014232,0.1743804853677073,0.13111645353138762,0.11182295590896732,0.1738007227031656,0.14213225623334136,0.12232861946226957,0.6404347594905958,0.5704754191818521,0.6610243392737463,0.3496497595929388,0.561249367663825,0.6833066402773852,0.19613686874613023,0.470557684186097,0.5526809816309262,0.8488689379877599,0.6553364581628218,0.6300317384222098,0.3375974275595082,0.761289912095748,0.6982312957741186,0.677614503487996,0.5580378857290653,0.43474426149374823,0.46605804864010336,0.43355068969761457,0.05295508415352004,0.4820491036782469,0.3317429504165313,0.19447416324131475,0.49919904726993836,0.49748820339747657,0.3179256855065527,0.4011922950655049,0.4149486495429953,0.31127607093461895,0.46460473489966053,0.4592477781951964,0.37330266815938246,0.16300858841415658,0.45172308603618455,1.054145910332637,0.8903181745139002,3.0906154587819383,0.010125100433874337,0.007403985216133698,0.006896432588783545,0.019032502089024586,0.016217190261931545,0.010644212518078098,0.02163385866945203,0.01826046199582195,0.011368255584123415,0.01692768761047726,0.016106379559697896,0.05730837216776475,0.046408484653703994,0.07965290053029085,0.028965129358830145,0.04719026193154426,0.11266752370239433,0.021325727141250198,0.06404386951631047,0.043507954362847504,0.08951872087417645,0.05357142857142857,0.06961915474851359,0.037382291499276875,0.038133536879318655,0.08553752209545236,0.07243853446890566,0.05597782420054637,0.02330065884621565,0.02129198135947292,0.015587337297123574,0.0011248593925759281,0.02241684075204885,0.017596014783866302,0.007070544753334405,0.027076972521291983,0.023220311746745943,0.008597139643258879,0.01872087417644223,0.022015105254700306,0.015346295998714446,0.02699662542182227,0.0263538486260646,0.017515667684396594,0.003856660774546039,0.019283303872730195
358,26.474992283156705,29.299588435024173,577.2493003395412,0.2680968206605618,0.02272955036526391,-0.013002829509208764,0.0675840962033131,0.38622108298178826,-0.852607206039716,-0.09039953786397777,0.3838030469184073,-0.8508221652433378,-0.013344016874164004,0.4027697293960284,0.213288918613026,0.1394942895359605,0.8307439036937956,0.07205576705422367,0.2814096100421854,0.14158401070068935,0.0925722810988785,0.30711801625681656,0.0856878279658401,0.6271072126762013,0.17218592447782693,0.4073243132009466,0.14799619302397363,0.29642761600987755,0.43210052474534416,0.46495164111534104,0.4511081386973968,0.10350859141887025,0.08529684123881058,0.4080152279041054,0.005710464039510237,0.06528449428953596,0.052525980039098676,0.0445004630105978,0.21020681140034983,0.04141372569194362,0.41125630208869224,0.09651198682992078,0.18674760777857805,0.28094454161950816,0.11127688033748329,0.2921082415886408,0.23042494083753473,0.02289330178001852,0.462341804712419,37.21293719311472,88.64361501501304,74.20260382104769,0.1558336684125497,0.128354859938288,0.12979462940395964,0.10541906768455797,0.12606296456203425,0.20244094055120612,0.11310749595314185,0.12380206963392687,0.202892508087291,0.11025290830466532,0.13251300704848307,0.4701956892429236,0.42785502601204006,0.48650408992994826,0.24717539491756946,0.4886899758623379,0.4485168190276863,0.23319035733888457,0.41857192538463495,0.3152397580318275,0.7639512669205822,0.35217803410253073,0.4966279635021644,0.3671548839927881,0.662678967359606,0.5569028828141201,0.6134028868006253,0.6825738421532408,0.3046298360977149,0.27933009893991606,0.4914786144439176,0.07535347872363578,0.24703353738560416,0.22309092739536462,0.20620950364051072,0.4074658872568983,0.1992502733799452,0.4920741945786261,0.29529969418297114,0.3897188119238615,0.44947202300098094,0.31448278837195753,0.4547435049673369,0.4211156738502444,0.14956720686758576,0.49859266885316567,0.4271132376395534,0.4750578793023615,1.9236044657097289,0.0076130061223439825,0.004172197355558986,0.0029548798682924315,0.014961638730256726,0.010757653804599476,0.00714694376704224,0.016005033389926426,0.01188709039460822,0.007512329217471832,0.012442558007923031,0.01062386170705356,0.02737922518907239,0.025881051602613576,0.05852394916911047,0.01851365951535731,0.028509543653856047,0.024704944178628393,0.0141544477028348,0.04582548747234655,0.010450172351700366,0.065009003447034,0.03559499922827597,0.053061686474250136,0.031852137675567216,0.027146164531563512,0.07853063744405,0.0679209754591758,0.04544322683541699,0.011730205278592375,0.0119359983536554,0.040901373668776046,0.0011318619128466328,0.006122343983124967,0.005607861295467408,0.004939033801512579,0.022894479600761436,0.004115861501260483,0.030714616453156353,0.01584606677985286,0.021299583269023,0.02397489324484231,0.009415033184133354,0.032721098935020836,0.027061789370787674,0.0028811030508823377,0.017183721767762516
359,31.16010899006836,16.286150522378435,473.72086611634205,0.3843507351992777,0.05194344124854894,0.018031278214884566,0.08216009947762157,0.44857730607506763,-0.8489715952534502,-0.13772944073261964,0.44111868134915516,-0.8451562968528311,-0.03206274990326325,0.4708022055978331,0.4956790919644008,0.22961434283503157,0.5141406552302334,0.10277827937572553,1.9690029665935767,1.6781877982716367,0.08931091190506901,1.476036050561073,1.185763252934348,2.248489294466658,0.18662582226235003,0.4647072101122146,0.1456658712756352,0.21861859925190247,0.62522604153231,0.6228701792854379,0.21488585063846255,0.427447439700761,0.374629175802915,0.3465432735715207,0.07784083580549464,0.7648329678833999,0.7144976138269057,0.23448987488714046,0.7232361666451697,0.5800657809880047,0.9528569585966723,0.25444989036501997,0.1800593318715336,0.12762801496195023,0.4271249838772088,0.3801754159680124,0.23703727589320264,0.03508319360247646,0.3357087579001677,31.32133194375095,23.07215160881944,31.144564194522466,0.13054429159639094,0.1574597119620311,0.12180153607591776,0.10204786185121983,0.11601718196704458,0.14655241409253977,0.10308937301087814,0.11856206335732208,0.14679036040940663,0.1071792346608321,0.12271137127449844,0.7634834899220506,0.512320004517109,0.6504650060384722,0.2717656011776496,0.729186925068975,0.9300990656094292,0.19302929000646193,0.5062472640302027,0.5468702828923478,0.8345061842318822,0.340468037565337,0.4356803226800288,0.2871840888782138,0.49490158087966607,0.6499980606220008,0.6747449730125982,0.3909598176919501,0.4947160982902626,0.4840348244168445,0.4758763866749623,0.26792527839315683,0.42411000826718637,0.451660659871922,0.42368639566569494,0.4474059326457317,0.4935557979119066,0.21194816250067736,0.4355585620882916,0.3842430607094308,0.33368052845324103,0.49466869966287463,0.4854376043553556,0.4252721923091171,0.183993083439242,0.47224525305888726,1.7165392925091099,1.2195253297217115,2.709051626842088,0.014732030569797815,0.012582857695656379,0.007858985521266647,0.02287809954532263,0.019101979523394923,0.013385030408564704,0.02243292480087711,0.019864912353680955,0.0140406221985747,0.019730095772467836,0.019050723936667638,0.05743123407823031,0.03839153848634355,0.06493502305633485,0.02562477830447261,0.07711908677566025,0.14515204282351424,0.021186675695720875,0.08881332430427911,0.05762406887878495,0.11037470574957273,0.046214569023894744,0.06980490793589372,0.038636935281029315,0.04014446486730515,0.11032601335010157,0.09082583599367966,0.055010157685982386,0.023024088226758246,0.016478023926993646,0.025281351778401212,0.012608429267034277,0.02099255103027958,0.03769630131243752,0.026184257199058397,0.02215342942826739,0.03518106478346393,0.002096030440811325,0.02799006804037277,0.028054561284705428,0.020831317919447936,0.046499629163845084,0.04353293992454291,0.03431040598497308,0.003289155460965464,0.03534229789429557
360,7.333540184652641,49.853496291811716,480.7480096866959,0.2278077796276676,0.12777493567428483,-0.0810796882094748,0.03345350476767065,0.32391560065082486,-0.9195967940820342,-0.18597985023459965,0.38331511677009233,-0.8779285927803844,-0.08273823217799303,0.36791940366278186,0.2021424247010746,0.140628878462237,0.29868094445285304,0.05887921901014076,1.1133895868018768,1.302930982291509,0.09500529741183594,1.425746178295747,0.5523883759648858,0.4054010897532919,0.22897078855759043,0.5341834418041471,0.16375889208415317,0.17890721961555925,1.1356220675041624,0.6500507037990011,0.2437490540336007,0.16709550476767066,0.2062963523535644,0.30823369153927654,0.005297411835931588,0.5896019373391858,0.8326774632965037,0.1305433630997427,0.7901468139851673,0.44997729680641746,0.40948993491751173,0.2719842591191161,0.2700923263205691,0.15286817012259724,0.6008778568185258,0.4226577871953988,0.34455880127137883,0.007113667322536704,0.2632813682457999,21.380179432813218,23.079063043105823,30.40627820917547,0.10733824697127424,0.10701659722651342,0.0949018960279389,0.0781280268658476,0.08548503777864308,0.12904901199425897,0.07474653629505834,0.09107756485642941,0.12491693480086617,0.07655254273616403,0.09291443072845049,0.3441736179567232,0.34260821437650685,0.4211186470839142,0.16786141342161606,0.5605359092810388,0.669674511151448,0.2204092966530573,0.7308487683847072,0.45424071451186016,0.44367463601173895,0.36814135316329816,0.5187038217362728,0.3028569276288013,0.3519597554202973,1.2254735456469235,0.6876845887079426,0.4346141539244597,0.3730752339818138,0.40466104280163406,0.46178113918516117,0.07259303041023445,0.49192459377742265,0.37327771164033136,0.33691302083925195,0.4072190758109388,0.4975102617490361,0.4917583033134477,0.44499866046993203,0.4440240780903493,0.35987399683938087,0.48973646850833513,0.4940006580524083,0.4752421759972667,0.08404521172465036,0.4404304362636837,0.5778324377507001,0.585786725194884,1.7354272307575873,0.008876712328767125,0.005684174676455006,0.0046601074699159925,0.015187998940437444,0.011757787254976159,0.00599190040112011,0.01641552531597669,0.011200222962234161,0.007013485658064028,0.012912283357299627,0.010568833724362372,0.0346976462574737,0.02723983955195641,0.049575418148792856,0.018428820101415274,0.05784833118898055,0.10621811851963975,0.020620600923333083,0.09097782486944676,0.0475554378263831,0.056580640278513575,0.04055399984863391,0.06341557556951487,0.027662150911980626,0.03235979716945433,0.1456429274199652,0.10128358434874744,0.05434799061530311,0.022250813592673883,0.016574585635359115,0.04223113600242186,0.001665026867478998,0.025959282524786194,0.020964201922349202,0.019072125936577613,0.021266934080072655,0.02928933625974419,0.03186255960039355,0.021948081434950428,0.02436993869673806,0.013320214939831983,0.041777037765836675,0.03330053734957996,0.03269507303413305,0.0010595625520320895,0.02754862635283433
361,-4.313655244029076,-45.47869678089304,567.2261786085152,0.28030903426791276,0.08680155763239875,-0.10523997923156801,0.08819198743509864,0.44560997632398747,-0.8742433061266874,-0.08755782528556592,0.4592646632917965,-0.8672677804257529,0.0006741952232606437,0.47334080996884736,0.12057320872274145,0.10046573208722742,0.2756339563862929,0.041737279335410174,0.9971303219106957,2.0333442367601244,0.05047196261682243,1.2981116303219105,0.09713707165109034,0.8063961578400831,0.18224195223260645,0.4146682242990654,0.12940498442367598,0.15825285565939767,0.6493914849428869,0.5049086188992732,0.2270820353063344,0.032554517133956386,0.102803738317757,0.1847871235721703,0.0010903426791277258,0.8322429906542056,0.9803219106957425,0.017445482866043614,0.7265835929387331,0.022533748701973,0.702907580477674,0.10825545171339564,0.24397715472481826,0.05623052959501558,0.14418483904465212,0.41967808930425754,0.2420041536863967,0.003790238836967809,0.2014018691588785,29.487442808471396,23.260836771297793,36.43050071368259,0.0736610824426318,0.08073489933591899,0.06493693066925252,0.05883927678210952,0.06631002224117478,0.09826693232867832,0.05114687540495183,0.0729687423148313,0.09735838784972538,0.057809284004835794,0.0727660391941985,0.2266151244988324,0.2606868354341897,0.28389877222615034,0.14483507429204148,0.2454868387299304,0.41294170589745754,0.12627200248902498,0.3617089681516688,0.13846805201744178,0.29954400130667475,0.3426065995046087,0.4856841567917694,0.2522519768455922,0.3190993892159291,0.6223709570615952,0.5154950777646392,0.3611980091104735,0.17747212703109244,0.3037102548513432,0.38813485333766684,0.033003187496805274,0.37366006540453856,0.13889515383911674,0.13092756786182566,0.44572434371682035,0.14841537165468896,0.4569894494949106,0.3107108324667224,0.4294902561842371,0.23037233484416908,0.3512861773517057,0.4935190336899521,0.4283079127053455,0.06144972729071416,0.4010579853768434,0.3877563736434914,0.30217560621008355,1.3499558647904877,0.006970455371514616,0.0052323069733631045,0.00392133547951607,0.015531827457292697,0.010164606625473804,0.006006563528739809,0.014096164079131834,0.012284130899839037,0.007519578119320836,0.011990134482579571,0.011406303546393897,0.024409886286930783,0.021256555376706995,0.044801910794953013,0.015827405368918426,0.03492029700399813,0.09984630562334493,0.01482943039617841,0.06812399397684199,0.021951814735967603,0.0692117970818838,0.03743288851965315,0.06370112674593698,0.029938729944441567,0.03160081001090399,0.1149535282205722,0.0885767693026637,0.06892465860117349,0.005192377589698323,0.011942468456306143,0.020302196375720442,0.00020769510358793292,0.017134846046004466,0.0011942468456306143,0.003426969209200893,0.033179292798172284,0.005711615348668155,0.0427332675632172,0.013292486629627707,0.02248299496339374,0.011838620904512176,0.017082922270107482,0.04808141648060647,0.04403136196064178,0.00041539020717586584,0.045900617892933177
362,39.42060982495766,-14.723224167137213,559.9626933935629,0.15060564652738567,0.07439339356295877,-0.1195256916996047,0.049411130999435345,0.22686778577075095,-0.9564509627329193,-0.14034459424054205,0.2776785017504235,-0.9322644905138341,-0.04806391869000564,0.25960937323546024,0.34281479390175046,0.19842857142857143,1.0329932241671371,0.066472049689441,0.031028232636928287,0.029580463015245625,0.07711518915866743,0.1158498023715415,0.05029813664596273,0.5498746470920385,0.1403054771315641,0.39188706945228685,0.11321964991530209,0.2535081874647092,0.4256273291925466,0.5630067758328628,0.3976741953698475,0.31326933935629586,0.34596273291925467,0.5383399209486166,0.08215697346132128,0.02038396386222473,0.08181818181818182,0.010559006211180125,0.01733483907396951,0.03540372670807453,0.7552795031055901,0.05889328063241107,0.22224731789949181,0.0857707509881423,0.033766233766233764,0.2612083568605308,0.22868435911914173,0.0010163749294184077,0.2435347261434218,16.100747273335905,19.59668864862903,19.06643523567376,0.08458028827299474,0.13779441874311318,0.09370713560638767,0.10809329531198465,0.07749501576717854,0.08364463349096454,0.10928175689315216,0.0895305921099065,0.08670551291608353,0.11176998345856992,0.08676525306298637,0.5867187620860138,0.5856418363182974,0.5101603634451177,0.1729034401614522,0.15348669910213059,0.12851958616237355,0.207299962191484,0.21724970448738173,0.21024107954297797,0.44266663292909647,0.25571648860815477,0.35955923963779124,0.23088388859572534,0.6232582183381803,0.5416797805024268,0.6601106598908718,0.6862216866963745,0.46383597157796685,0.47569454233952485,0.49854195868695894,0.2746114770032441,0.1413137837141188,0.2740952554806859,0.10221596526001969,0.13051936381768667,0.1848032230734132,0.429933497757714,0.23543150147229974,0.4157682146994247,0.2800331358756293,0.18063199486182585,0.4393056434519861,0.41999736113758124,0.031865329846367044,0.4292271732311982,0.35033598735106447,0.36061324750127055,1.32676040431419,0.004638940651646055,0.003471568129199842,0.002082443955051104,0.014005784177536847,0.014091343892935796,0.004616061381218589,0.0144008543113671,0.019001374894121632,0.008008331921621776,0.01114004178666215,0.015566491614433341,0.02751143486362866,0.02166694900897849,0.05568016262917161,0.01623694166807838,0.0040493534361059355,0.009798407589361341,0.014460443842114182,0.022264950025410808,0.00373651815461065,0.05374781184708341,0.031854988988649836,0.04799649895533346,0.029668530125924675,0.019503077531198825,0.07063527020159242,0.09020441583375685,0.08566999830594614,0.011293692472753967,0.012253656332938054,0.015924106386583092,0.014004178666214919,0.002089333107459484,0.01022079168784234,0.002032864645095714,0.0007905584730927776,0.0016375854085493252,0.02366028573041956,0.007115026257834999,0.026483708848608054,0.01660172793494833,0.005138630075103055,0.03817268055790841,0.029702411203342934,0.000338810774182619,0.03083178045061833
363,40.45432715814636,5.633647525397946,458.837779105775,0.1942149997283642,0.06258545661976422,-0.022921442929320364,0.06281714657467267,0.44001596724072356,-0.8900381557287989,-0.14153375131743356,0.39749030344434183,-0.9010227551746617,-0.04379964144075623,0.436724561308198,0.27861031129461616,0.1268840658445157,0.03242081816700168,0.046168033900146684,1.0540177649807136,1.5536966914760688,0.0504981800402021,0.3710425381648286,0.3886130276525235,0.3924900852936383,0.2003419894605313,0.37365214320638884,0.1339256804476558,0.17996088444613462,0.5712098658119192,0.43711251154452113,0.21542429510512306,0.20791003422610962,0.19753354702015538,0.01317433585049166,0.0017656326397566143,0.596539360026077,0.1709947302656598,0.012821209322540338,0.292334437985549,0.046422556636062366,0.2738360406367143,0.045852121475525615,0.23499212256206878,0.1693649155212691,0.4480360732330092,0.3907480849676753,0.22958657032650623,0.00842070951268539,0.39710436247079917,15.676967848975595,11.84889349907274,11.30656052194395,0.055733990113861764,0.07455918948478191,0.06178324127659372,0.05961060072244005,0.060796686577172444,0.04210815488069897,0.055633635666651755,0.06387897539818639,0.041264275308214894,0.05785824780001789,0.06533268631732839,0.4902881232477043,0.32848517348638506,0.13458571533242705,0.15047780405970193,0.3643650122866238,0.5995168741276092,0.09890829172472475,0.32015462044996085,0.3214500387821155,0.4417421619125839,0.4324129732002804,0.3178208896145282,0.29032885587997553,0.36509268994828403,0.5772876402165376,0.4324061089471477,0.35372788447149534,0.40581760115563453,0.3981436308011035,0.1140224797243708,0.04198289007034707,0.49059829787474213,0.37650947289429776,0.1125040876061291,0.45484132834627333,0.21040129602251903,0.4459319063555442,0.2091671409723131,0.42399965595215666,0.37507900821013107,0.49729917358038733,0.4879246723709519,0.42057268311624324,0.09137848751556948,0.48930459966590445,0.31649960611740413,0.3100670958628745,1.241061581506533,0.005629967674462826,0.0024874365034091225,0.0020341998750441417,0.015062244750495748,0.010044211284057261,0.005462715100643793,0.010746971423138567,0.009598739304050198,0.004867506560182544,0.010438893869013664,0.009636650096433327,0.031465786542797386,0.022184554369380383,0.008678455980224377,0.014898269633010079,0.04402873984733654,0.09603618287018173,0.012420612283704127,0.05627006763914922,0.03319153559883737,0.05336973351805069,0.052355146279846804,0.06111237877923561,0.032746040800804066,0.029608562192703664,0.09243582430119796,0.07058539103034255,0.0438763480292288,0.013093200771466602,0.0128758862358406,0.0004889577051585038,0.0004889577051585038,0.024936842963083693,0.017330834216173634,0.0027707603292315215,0.03713362127509304,0.0031782250835302745,0.022329068535571674,0.008611088474180316,0.0387363159753348,0.024149077771439438,0.03667182788688778,0.04835248417678537,0.039442588216119304,0.00038030043734550294,0.027653274658408715
364,-27.8196736954366,-61.55166239452167,611.8443635751306,0.2429806724418583,0.010777517914943776,-0.14251989821692518,0.1433681666510749,0.4156613279510543,-0.8857481216532265,-0.010866929518962709,0.44391361275656255,-0.8847867365801635,0.07562334649278725,0.451653207850768,0.17250771792616987,0.08241772222949838,1.2405613037214436,0.10015211330851127,1.5933171178924916,1.0486062828596552,0.0775108050966378,1.2397073736598876,1.6503624151028118,1.2818341534604374,0.26016595880030685,0.8286949688476434,0.11349954160196081,0.212296667726907,1.1605422193949144,0.7451187157370853,0.23429079274795592,0.04656949875577675,0.05059217542612308,0.8382509776039815,0.015997156061144685,0.8236196605983498,0.16638913315995285,0.01949594925814358,0.9571725260538477,0.7809044473964862,0.9264692124908788,0.3315433981327296,0.35364005463356224,0.1675117406028402,0.28302804647594815,0.3652964619155425,0.20826239077965086,0.007764701479970812,0.48788519467884073,36.71246037153178,14.913676598594552,15.567970084138683,0.09041525020009603,0.12791025733223768,0.086170654110527,0.12160538948836973,0.0706944398684738,0.04387143159309114,0.11425462144867783,0.07151204169972153,0.037359035203078574,0.13059779082935274,0.07801306591787838,0.32434653289423954,0.25362702847243623,0.498985603505249,0.34588173952482826,0.40181821187125266,0.47810754216648726,0.16230355369285723,0.48364004222277657,0.5550747817386542,0.4909781180118207,0.4073782946514625,0.7314258536617672,0.2140058854009584,0.38443024137818693,0.9677591266286732,0.7308276233922877,0.37225897519243817,0.21071689847049405,0.21916547612410667,0.36822386266151835,0.12546530032352912,0.3811469970376487,0.3724330607501729,0.13826140056945255,0.20246987041361353,0.4136373927225302,0.2610082095068775,0.4707722591094143,0.4781035904586934,0.3734356257346906,0.4504741592731503,0.48151769951238604,0.40606927059430226,0.08777559480896845,0.49985788616803645,0.5574130898476967,0.4842308124087863,1.6405792762788607,0.00816455861991543,0.0049368521498334775,0.003227070313961756,0.015155843767541068,0.011092412191744939,0.005514899599595854,0.01521980851700782,0.010023587677281743,0.005366569752647533,0.012699846574112186,0.009901358380421362,0.02856790031059387,0.02150563185271115,0.06440949743666505,0.018002469782584293,0.047487744639449166,0.09797141039553942,0.01808741533510459,0.06767653332335441,0.053746772443213714,0.08532088463121656,0.06649852187254424,0.13376248924147738,0.03536036373161696,0.046346592822662125,0.1968057478576507,0.12259065224712797,0.03798525614639075,0.006810612580922801,0.006698349736182315,0.016689742918085546,0.0020581521535755717,0.0212176776559518,0.029955469071586274,0.003592411031695543,0.008195187666055459,0.020656363432249372,0.011506941585899787,0.041219174493881676,0.04759944616996595,0.02950641769262433,0.026737267522359016,0.058208284997941846,0.04084496501141339,0.0006735770684429144,0.02263967368933129
365,68.8232319345918,19.80781291331009,559.1077119153541,0.13492579054947695,0.1349828063003487,-0.1309065528435734,-0.011596597282674042,0.28525221300949866,-0.9460523434170977,-0.14874610179151138,0.3116888261151858,-0.9275408658891428,-0.0847489479379584,0.3070445833834315,0.17813514488397258,0.09644751713358181,0.2768031742214741,0.06615654683179031,0.12653769388000477,0.14315907178069015,0.07416905134062764,0.4371641216784899,0.014954911626788508,0.9377388481423591,0.1706824576169292,0.4923946134423471,0.1660678129133101,0.1348031742214741,0.5527358422508115,0.39854731273295657,0.23026307562823134,0.11052062041601539,0.14591799927858604,0.01135024648310689,0.7144162558614885,0.03912468438138752,0.042371047252615125,0.045978117109534686,0.22277263436335218,0.09967536371287725,0.8356859444511242,0.1998076229409643,0.07180473728507876,0.10378742334976554,0.13798244559336298,0.33471203558975593,0.219237705903571,0.0014909222075267525,0.4681976674281592,19.796527743933524,23.663743422788084,22.00959559835087,0.08179089205894803,0.10290005693703297,0.11401389481319354,0.09354006835207485,0.07391640473071139,0.06855492359829773,0.073700294027338,0.07540243038471026,0.06860597359004203,0.07687715265311092,0.07314274293552703,0.3437814688973653,0.2265046464002751,0.3534878640305369,0.1742326661470778,0.2359052795360401,0.308388512625771,0.16639744194341613,0.3487232065412874,0.13146764741101266,0.501741294650608,0.25924436024509856,0.4003820001768901,0.3030099027635127,0.2755072542817986,0.5956875984674553,0.399592723326482,0.3833653617949178,0.31354134800465183,0.3530282336211504,0.10593247017464873,0.4516974380849484,0.1938939078511107,0.20143663361233324,0.20944016971075247,0.41611194585433403,0.2995702649257247,0.37056477005779404,0.3998604526739177,0.2581674257918472,0.30498824717736817,0.3448857065976795,0.4718953737457829,0.41373500035798555,0.0385841309129425,0.4989935863808455,0.42552904963447474,0.2959599846094652,1.9449307425933051,0.005427448056944979,0.004089866294728742,0.002286528472489419,0.022821837148903425,0.019110230617545212,0.006504960152943439,0.020447662851096577,0.01994460051943055,0.008203661841092728,0.016559710465563676,0.017291025394382455,0.028493410927279722,0.02257983839938438,0.03458830319353598,0.018311850711812235,0.017497835706040788,0.031862254713351294,0.015773855328972682,0.052374230473258954,0.002584166987302809,0.06811321662177759,0.03432522123893805,0.05802448056944978,0.02983214697960754,0.02267121969988457,0.07933772604848018,0.06501202385532898,0.04901308195459792,0.010172181608310888,0.01640053866871874,0.0011061946902654867,0.03357060407849173,0.00399191996921893,0.006011927664486341,0.005434782608695652,0.02407175836860331,0.010677183532127741,0.01555886879569065,0.018035782993459024,0.011711235090419393,0.012144093882262409,0.026741054251635244,0.03833205078876491,0.033330126971912274,0.00019238168526356292,0.028424393997691418
366,53.258162565704275,55.7792209441101,504.9978923846525,0.4277090221172647,0.046728295370864106,-0.113080419491633,0.044858178994946804,0.43940154500901446,-0.8752618798151394,-0.11914287938345901,0.48536038287499045,-0.8475525385845967,-0.04192120565755059,0.48700474848277087,0.29795866026764173,0.1663634747720982,1.1386699169650338,0.12608085117188492,2.397264670780326,1.8573131713262738,0.08762575861456033,1.5971280566770778,1.723921942053274,2.216953353139839,0.20737538406845943,0.5769274523247252,0.15691932657880703,0.1653292196744623,0.5241017241817121,0.40704349813361773,0.44417003123333587,0.18582565196414513,0.26619435768517813,0.01604834818821259,0.22076635941189915,0.7359132576623245,0.5617683654554226,0.05223331047967294,0.6270282623600213,0.3613417637947233,0.7261115766486377,0.2577385033391737,0.29712297808587895,0.10522840963916609,0.3955206825626571,0.458038140219903,0.3406718976156014,0.0038089433991010894,0.3501688631573601,54.93503894165039,36.33713385453347,137.04088925094743,0.17416631898993462,0.07385929252945668,0.15799717809576042,0.08569490714520867,0.10080573285425133,0.10126513717449241,0.06520160975272557,0.08388149361221436,0.09760542025371037,0.06031478718021161,0.09515833936570581,0.532043546255058,0.43255132397508755,0.4369519386673882,0.3600083275434481,0.6633966253590121,0.6034897835999731,0.18570332234964487,0.47647474903769177,0.6115612893787328,0.5979681540332389,0.35897550175567905,0.5297327349577331,0.3009228506262125,0.30939234406573607,0.5264717586523814,0.40589296983080647,0.7198009183438556,0.388970848455098,0.44197271621526696,0.12566304028581193,0.414768540741482,0.4408513014349641,0.4961762998615291,0.22249999745173457,0.4836008263084968,0.4803954139171071,0.44595807540734655,0.43739481623518783,0.4569969553531437,0.3068514011510418,0.4889684483005155,0.49824241691265414,0.473941198423361,0.06159977032149528,0.4770287294935395,0.5637912646013205,0.5178567800914169,2.1441797866937535,0.009299415947181311,0.0034467750126968,0.0031681818181818183,0.02166704514982224,0.017574560055865926,0.010928837785678009,0.017210695860843072,0.014439112265109194,0.010420106297613004,0.01587854240731336,0.01557534281361097,0.048119857795835455,0.03525139664804469,0.09590553580497715,0.024351193499238193,0.0661056373793804,0.13154139156932454,0.017795327577450483,0.07170924327069578,0.06156069070594211,0.0910576434738446,0.04676637887252412,0.0829880650076181,0.04063153885220925,0.02490147282884713,0.08055332656170644,0.060881411884205185,0.07939106145251397,0.021203656678517015,0.025571356018283392,0.0029964448958862367,0.021356018283392585,0.02351447435246318,0.03499238191975622,0.008481462671406806,0.03902996444895886,0.0281868969019807,0.03339258506856272,0.02833925850685627,0.03555104113763331,0.017775520568816656,0.03682072117826308,0.0430675469781615,0.03996952767902488,0.0009141696292534282,0.026612493651599796
367,7.533722919042188,-3.592014171689201,517.6577435250042,0.36530006922951624,-0.055271115002443395,0.05322654341097899,0.11067104155807134,0.5170924516411468,-0.8288703005375467,-0.06786788831650106,0.5083774272682848,-0.8407304362070371,0.025452516696530376,0.5452949584622903,0.2945799397295977,0.14093968887440952,1.0832588776673726,0.0978363740022805,0.5137304528424824,1.9053673236683497,0.058288605636097085,0.41497902752891347,0.04827251995438997,1.0809578107183582,0.14059903893142206,0.35455082260954557,0.11215833197589185,0.11324095943964815,0.6087937774881902,0.6025105880436553,0.33476787750447956,0.2385160449584623,0.21190340446326764,0.8865246782863658,0.004907151001791823,0.09673806808926536,0.0913015149047076,0.030868219579736112,0.31124776022153444,0.01694086984850953,0.7692213715588858,0.0018732692620948036,0.13029402182765923,0.11532822935331487,0.4168024108160938,0.3614798827170549,0.2863658576315361,0.006210294836292556,0.35891431829288156,43.853515737537315,49.33695731609816,147.77286955343462,0.08569579069170519,0.09761925146547086,0.09286802193015888,0.09717339632706253,0.08182723449430901,0.08864243127064295,0.08861487353765837,0.07463250366419703,0.08573508556699855,0.09860644684269086,0.08304840659147518,0.5343480701141277,0.38095243383367067,0.39642614303981427,0.27018254025742083,0.42783624980341756,0.5383599449256321,0.12261247260331021,0.45971096255626825,0.20748698490606526,0.6196960901709022,0.3778795229832568,0.28792849446634916,0.20448246096538003,0.2374147338921198,0.5780404200374358,0.595200477013608,0.5542960649924911,0.42618052458313904,0.40866092559422124,0.31717616787768566,0.06987968445911422,0.29560377788951464,0.28804034027945585,0.17296237087188387,0.46300859283741713,0.12905121419081414,0.4213353388474889,0.043241163218513935,0.3366300596776839,0.3194208921751388,0.49303459383743914,0.4804340505356059,0.452067046365647,0.0785611401601939,0.47968689331347264,0.8420944391276904,0.7176416688725541,2.9253568446987432,0.006607236667956262,0.0046696055873429575,0.0036373317586691377,0.014814294557227504,0.009267629695994789,0.006994553440166153,0.017084092952698984,0.010482567184541143,0.0073325479220541214,0.01371654008266987,0.009985380057420943,0.03884811956588137,0.027973366455580212,0.06740730182647472,0.019424161593125776,0.04212131701655435,0.1040911404776934,0.015383111726497119,0.054118221986927575,0.005927388975993157,0.08165787705402049,0.038838753028853014,0.050972898128728794,0.031410071063509196,0.02217222210909979,0.09754922522449146,0.09534462747653275,0.050833418175154244,0.01537333794872839,0.020036244425892365,0.0204842092402924,0.0010588259249455316,0.008592779621673352,0.014823562949237442,0.00598643888334589,0.022479688868074364,0.001628962961454664,0.021033984239783348,0.0005701370365091324,0.02528964997658366,0.017552075909674003,0.038911852741748285,0.044877929588075995,0.04300462218240313,0.0013438944432000977,0.030828124045529516
368,20.833524418747693,27.44450731947349,489.7134284659861,0.1994113175052282,-0.03364111206790503,-0.11102297945626767,0.18792489044162872,0.4080718634764423,-0.8632771196703161,-0.06641785958912536,0.41257003518267926,-0.881974228367573,0.06886047484315413,0.4326197318243326,0.20942403739697382,0.11134825931848936,0.24884463033583465,0.058207159552220444,0.7793386640423176,0.45228638208881783,0.08628687415426252,1.15051568458605,0.4182556279985238,2.1688662812154016,0.18699397219830238,0.6067976380858654,0.11096813876245541,0.148700209127814,0.7390827900110714,0.3606377168163366,0.18596038873170134,0.19350473612990526,0.24674621724689383,0.2320826669947103,0.08913765530815598,0.43360806987329314,0.5296346414073072,0.02868741542625169,0.8701685324148112,0.2797146020420716,0.9364497478164596,0.2442366834789027,0.2206175421331037,0.08694796407922253,0.07951777586418994,0.40546192643621604,0.2338541025956452,0.006077008242096199,0.37928404477795546,46.83377177228149,29.488151281387037,126.02297807004118,0.1378563449864223,0.10573180362292067,0.1736679662662799,0.1010818252720896,0.10983815973825894,0.12160860123595305,0.08830854573166035,0.0991529211930223,0.11841732207579303,0.09292499244479539,0.11350889276924378,0.37622856574903796,0.3340306301059679,0.4136384955912004,0.1778262892477914,0.559100128798507,0.5239295991284044,0.18850569378949336,0.6813866896743341,0.46433592017816266,0.6832589588133331,0.34032122278772753,0.5459109203106245,0.19487419598831343,0.3633322915736819,0.7560144175786758,0.40182377724244667,0.2926214132838899,0.39504998787794665,0.43112306185115606,0.4221666585437247,0.28494583933724676,0.4955786054021057,0.49912715553314707,0.16692852720809725,0.3361220570554699,0.44886445670890723,0.24395303205242638,0.42963899663793287,0.41466814775297894,0.2817622559442194,0.27054851701533716,0.4909872541323024,0.42328568305816827,0.07771889617246742,0.4852148499253689,0.5631458517862415,0.5341674047829938,1.9591649443952368,0.0074790867040645595,0.0044375553587245355,0.003164476921562839,0.019868056392087392,0.016080932560771578,0.009667389922251746,0.018052992052947546,0.015120675622478104,0.00808593526719811,0.015535995472886525,0.015157292589312076,0.03151067808286586,0.02698405668733393,0.031623855919692946,0.017129711642554866,0.04282108060230292,0.06772364924712135,0.014646688318078928,0.0699200373978939,0.03132639503985828,0.082468507036709,0.04408522783190631,0.09138027753173901,0.030092018502115937,0.03532083456352721,0.10740650526522981,0.0687998228520815,0.04063428796378309,0.017837811239051274,0.026596791654364727,0.021897451038283635,0.0141718334809566,0.022955417773841157,0.03547879145753371,0.004182659187087885,0.009816947150870977,0.02012597185316406,0.003346127349670308,0.020864088180297214,0.028983367778761933,0.008660564905029033,0.019781517567168585,0.045787816159826786,0.04118689105403012,0.0008857395925597874,0.03124692451530361
369,14.621359969266232,114.79568446664105,567.6616276091688,0.0305437315917531,0.03884200922013061,-0.07530269560763221,0.11577496097451657,0.19485077605967469,-0.9367870908246895,-0.06366876098091945,0.20454549759892432,-0.9410847038673327,0.026710494301447046,0.20405618517095658,0.2785628761685235,0.11520329107440133,0.07687123831476501,0.09072384428223845,1.249297925470611,1.4468126520681266,0.0932100781149955,1.0241794724036368,1.7178928159815596,1.8012866564220773,0.15282942758355741,0.4130368805224741,0.13959822000256114,0.1751936867716737,0.4956681393264183,0.4092851197336407,0.4174494173389679,0.2908182865923934,0.2228198232808298,0.024138814188756564,0.13228326290178,0.6048149571007811,0.9263349980791394,0.057945959789985915,0.8651235753617621,0.9351389422461263,0.9589576130106288,0.1819375080035856,0.30999487770521195,0.11515558970418747,0.19083749519784865,0.3953771289537713,0.20386733256498912,0.01274170828531182,0.3448905109489051,55.88848388799899,34.14948257091529,99.4618640425094,0.12473929544647183,0.10951365999784798,0.17784374975830505,0.103856534884822,0.09348411298826184,0.15759212991041424,0.1009963779757602,0.08106969002040812,0.15810066603818765,0.10263622875874175,0.08774523755431518,0.46599795017077783,0.28982043253564954,0.28441704151028907,0.26828849037346886,0.5829014685955105,0.725261666101938,0.334029702300678,0.41239852407177735,0.6426816144875996,0.6374008518844043,0.3242218071330191,0.39546482657044757,0.2550614233539982,0.39547998156908565,0.4931162689915519,0.4545613983680104,0.6571057878991614,0.454147127835924,0.41614503934555314,0.15348252668152684,0.33880389035937486,0.48889822753147294,0.2612291218307853,0.23364497254620056,0.34159700001755844,0.24628447536182577,0.19839145525333715,0.38579919159104037,0.46249854218846437,0.3192147272024069,0.39296754241404863,0.4889393707377235,0.40287794621479334,0.11215952874377584,0.4753401729202029,1.027270689931167,0.9238834640627501,1.8505810789178805,0.006880390587481991,0.005281062910196895,0.006679077957419561,0.016332812293901072,0.01439819036337442,0.005105291083720187,0.015168681927325116,0.014377428045461821,0.00516904149191612,0.012475172082599649,0.013352681287017769,0.03897967024171602,0.024347366736033296,0.013538018248759404,0.020018889066752043,0.047427565231311024,0.11733824235633104,0.015387866175764368,0.05167408356010886,0.05100336161357452,0.07349191611973746,0.03544165199295662,0.054207779734272446,0.028778613734592607,0.02453913878661758,0.06830350568272771,0.06491115735553066,0.08583512085801184,0.018184728669761487,0.018088682567632464,0.0026252601248599326,0.020201696814470947,0.027597246678405636,0.0023051064510965264,0.006210981271010085,0.008644149191611973,0.00445013606531135,0.001248599327677285,0.026764847126620778,0.02897390747558828,0.016199775892428367,0.02935809188410437,0.0427725308147911,0.02298703377621258,0.0014086761645589884,0.03707379542180247
370,55.319099884176275,-0.5134383100766644,518.1654817715514,0.3002272902763223,0.02725784567867189,0.12060487562737851,0.04837635844685897,0.4772523460371739,-0.8505170485080802,-0.16606431821190223,0.45851951006563335,-0.8460654987590315,-0.06967682422370525,0.4966662070487011,0.2760396558380674,0.2681614362142188,0.27100490871987204,0.0739768904086923,1.7235781258617837,2.2947777287518614,0.05903535381390988,1.5050730792565221,1.2417072968948213,1.4566295295350506,0.20693011968451824,0.4861165958855,0.11531079366830292,0.19100904528156198,0.8084303127240637,0.44147482212784733,0.2606866692405273,0.21733495118857205,0.29237218024378137,0.057112128398874855,0.0030610556505432686,0.8126413325244057,0.8171088191495229,0.0024819370139540016,0.8020793116761348,0.5175114444873421,0.8671612155975953,0.3878991782030776,0.31021454966631734,0.17015057084551322,0.855110032540952,0.3101042413545861,0.1739562076002427,0.02228227896972037,0.1992719651425735,21.240054011608333,23.369750400118853,31.543166866308823,0.13139613832321734,0.10935051900566735,0.09364165920759768,0.0710618209529555,0.11272363815499196,0.1170387154527046,0.09120676562003809,0.09763316862695234,0.11596785479982256,0.08270175652843544,0.11708638842227355,0.52286795999287,0.6803184276379624,0.3586799482688451,0.24345007816728037,0.6329346508551149,0.8771770225723925,0.12063402372832531,0.6773852242400333,0.5652803330382767,0.6428043020696257,0.38497510521486866,0.4502043678561336,0.20866385445863028,0.5021583425511966,0.8609301600936364,0.4539300310449029,0.44527547549947233,0.4124380695129895,0.45485865283759097,0.23205994541151795,0.05524282530556197,0.390204556703523,0.3865826148508729,0.04975786650560585,0.3984375326025691,0.49970014540193397,0.3394050950190303,0.4872781070935798,0.4625877041041013,0.37577020645532916,0.3519947181371403,0.4625424313942576,0.37907704790355473,0.14760209964056725,0.39945844520275453,0.7439728634069662,0.6572184992140316,1.5239954772344937,0.006644962907807286,0.0057295717161688865,0.00435826369929125,0.018926815366371582,0.010876029784065525,0.007489061029756487,0.01735769534761865,0.011661641267477457,0.008348166211632332,0.015279115302942558,0.01159692231322909,0.03734315104382118,0.03184633628416205,0.04046772014009542,0.01723863103609939,0.05021455558313339,0.10025785278949835,0.014067455392846309,0.07180883042387139,0.04316428118364083,0.08226303742312678,0.036290504950222,0.06866357794876038,0.029643142770469654,0.026528501696037064,0.09332119908441577,0.0642003805741706,0.05443699842806322,0.024185764319792614,0.01889081933758032,0.005405256336008384,0.0007170237996745816,0.015774523592840792,0.029342820109759797,0.000606712445878492,0.016574280907862442,0.03066655635531287,0.02098673505970602,0.022806872397341495,0.03998786575108243,0.021152202090400155,0.014175008962797496,0.03358980723090924,0.023055072943382698,0.001820137337635476,0.02625410220346929
371,33.19006068138617,2.898727884193595,596.7264073694984,0.3164591680070186,0.07945229565725982,-0.03384895452551543,0.0031107003216844548,0.4313136294414388,-0.8759083277891505,-0.1250439010454745,0.433413897243749,-0.8664156636204122,-0.0683059657844714,0.45318043573621875,0.21128929668080126,0.14511003070624362,1.6962191109811375,0.09373373300190085,0.49429046644246233,1.100729273285568,0.07755117707267145,0.6616398596286006,0.18098223424477267,1.0286207778915044,0.20398047960228105,0.30958363795876587,0.11607142857142856,0.16074097090217868,0.6242466003801725,0.5061712238631378,0.3489099283520983,0.11770726714431934,0.16438806843105716,0.8960374323731539,0.14143149583272407,0.2516449773358678,0.3683652580786665,0.049787980698932595,0.2899181166837257,0.13781254569381488,0.9596797777452843,0.186028659160696,0.14391723936247988,0.19918847784763855,0.7399473607252522,0.3436174879368329,0.2633425939464834,0.0015353121801432957,0.4615806404445094,12.376704592834612,18.089363354173955,41.04930225943804,0.09160338152135783,0.11117057175503205,0.17889513116332373,0.09026794616089492,0.09444163591937342,0.11736965004284344,0.09194940402723657,0.08824067376449736,0.11704210533507285,0.09266944200883698,0.09685737051817958,0.40214654469602923,0.3669591867470257,0.8485089321176091,0.26109796124621776,0.6081542630576187,0.8519841594161909,0.16803110631853851,0.49717579413715535,0.49587971885522414,0.5404494653870761,0.35700617821042313,0.2852514279990797,0.21660765819407213,0.3262034020305282,0.6652015929716829,0.5254318318357287,0.5593595083242442,0.32226706761558954,0.3706341227454531,0.3052175577287115,0.34847247640421786,0.43396620491523874,0.4823699828742064,0.21751061382858322,0.45373244098816234,0.3447094306547733,0.1967127765634021,0.389136907235581,0.3510122099145827,0.39939737021997695,0.43867105951240803,0.4749239465573198,0.4404547239540863,0.0391536848323473,0.49853087963474724,0.33346737342350574,0.4742387132151344,1.7783622738073475,0.006331858892341435,0.003652604642661304,0.002300822518735149,0.019204468323889598,0.013290811844269786,0.007238953061597514,0.020394280204715773,0.013589459952476695,0.008041544946079327,0.016113873149332845,0.012177298482909887,0.032198501188082616,0.026634984463535,0.06407384390422227,0.017721440321696216,0.03408663864010236,0.09788265399378542,0.013321878998354962,0.05456260281484189,0.011362456589288979,0.07248254432462073,0.03403253518552367,0.04867373423505759,0.026844818131968564,0.01939718515810638,0.0658168524949735,0.0566411990495339,0.046043502101992324,0.010784134527508682,0.014951562785596784,0.006945713763480168,0.018022299396819593,0.010893803692195211,0.02248217876073844,0.004971668799122647,0.023396088466459512,0.004459879363918845,0.004094315481630415,0.023542314019374885,0.02039846463169439,0.022591847925424968,0.03023213306525315,0.02105647961981356,0.019338329373057943,0.00014622555291537195,0.021422043502101994
372,22.51695437731196,51.258364893429636,572.3677998943103,0.20144092390347013,-0.034833032411484936,0.02531792760260701,0.10959547397392988,0.11321295827461686,-0.9381470756781752,-0.08009576809934825,0.14192488836533382,-0.942309855007046,0.015687400915976753,0.13055227232693326,0.4043081733309846,0.18600647348951907,0.44268473665668484,0.10921481416240973,0.29726528095825255,0.22235819975339086,0.08995023780165581,1.3921397745288004,1.1159459221419765,1.2740553989783336,0.19857891491985202,0.6685601990487934,0.1714094151840761,0.19237185132992773,0.7513636163466619,0.4356709089307733,0.45710256297340146,0.31277523339792146,0.4406596794081381,0.1411617051259468,0.4590232517174564,0.1214770125066056,0.1944689096353708,0.10265104808877928,0.6879293641007574,0.7542716223357407,0.7889290118020081,0.10093359168574952,0.2191518407609653,0.11388057072397394,0.2429760436850449,0.43341553637484587,0.24039985908050027,0.014708472784921614,0.32792407961951736,16.50912161342196,14.412093211696932,28.0997923689938,0.12115113813526539,0.1642492578788266,0.07487127614583995,0.21908037101887728,0.17618720636518995,0.09493990308072889,0.1960031693550177,0.17844546483366525,0.0907408079869924,0.19921826453013705,0.18160979362312318,0.6978554599150455,0.43683963531743353,0.4340434478632109,0.29285394071205684,0.5036413294656922,0.468195305790373,0.2022326057022433,0.6569750197086741,0.6128104951137969,0.7281675458461792,0.4135148832820759,0.5752567774866738,0.3341228938390873,0.3610104326956291,0.7642601162523259,0.45368555594233795,0.793754224932061,0.46362875204192794,0.496471704738389,0.34819211310144227,0.498323563477727,0.3266844009606462,0.3957956570481208,0.30350591210642675,0.4633435887519657,0.4305229648183653,0.40807314634707464,0.3012440869221801,0.41367629792536065,0.31766965282805215,0.42888545796635197,0.49555213284917954,0.4273310048470845,0.12038460332539318,0.4694621714520001,0.46463062864692284,0.4205438731696576,1.9235010459099418,0.008476890895078719,0.006077023010018716,0.004025057800286248,0.02253859594847517,0.023599025255972697,0.008193747109985687,0.02258857635142574,0.022702746383353515,0.007706091863921612,0.017953187272927443,0.021997269624573376,0.04588550038533524,0.030110315974898157,0.056060772872398995,0.021166134537047233,0.026761862820653973,0.039414510624243095,0.01664163822525597,0.07712848177914786,0.04693713530771772,0.08306022239348233,0.05214290432676428,0.07795023670593415,0.037885280193768585,0.03125773422877904,0.10643708025982605,0.06775360563690411,0.08659099416492348,0.01867224485302213,0.023648574259605856,0.01942089617967632,0.029263459209512274,0.009842563029835957,0.020411758229659804,0.008697566883188373,0.023186171969613565,0.024595397996256742,0.018363976659693932,0.01448860508642519,0.02609270064956512,0.0205218540129913,0.030210282946163163,0.03269844764945502,0.03604535946273258,0.002554222173290763,0.02338434437961026
373,65.50755974809623,-3.5959974704223856,511.74068930989966,0.2570505652024979,0.15708363415983767,-0.1025121867671471,-0.04523016942900055,0.3401647857500461,-0.9168944880767306,-0.1823130237147901,0.35061609662459486,-0.894928805196174,-0.12374258912808621,0.36148380806829855,0.2923569866406682,0.1614418592395457,0.3597483597270164,0.09427235118969196,0.11833047877526284,0.22407630892466598,0.10781771231324602,0.7051347790572053,0.2579829253511106,0.3918626650154146,0.22225975600115938,0.45903059207926006,0.13353350372849201,0.28318094384864695,1.03792100339912,0.6845155595372981,0.46787989776290484,0.43205712629443227,0.23891333561697978,0.0179705409607125,0.031487971331453715,0.02084266554240995,0.04542699797106796,0.21027113910041897,0.36286263866564783,0.0742009433216516,0.3425206186925246,0.1305103949830044,0.3079233748781323,0.180548602144871,0.31374667334194095,0.4956127638270401,0.31095359806065714,0.011172301125135042,0.39506205370082476,28.161066322481062,20.047123260988247,41.132100594027,0.109508444150788,0.14074649077409726,0.0762584258483971,0.11446199820371657,0.11079209681761087,0.09178383195826012,0.11324838646016139,0.11422917484801651,0.09650565801713115,0.11826783835994766,0.12173296287501958,0.46211424727816053,0.39311602384932204,0.3039786630416552,0.2759211226091664,0.28323447174572136,0.382837640038161,0.24652807395893256,0.5065979033916536,0.4202255336781553,0.5428132017750272,0.4168382277628798,0.44924520024908826,0.2856096157797028,0.542598583271445,0.9613883977397719,0.6307905295648354,0.780483475994157,0.4953687837238633,0.42642531008926116,0.1328460222991293,0.17463471186782067,0.1428593245197628,0.20824151476494485,0.407506518776344,0.48083202490830107,0.2621010749331203,0.47455893057988524,0.33686855295066115,0.461640753766515,0.3846488047300433,0.4640208743350025,0.4999873391065513,0.46288994782990667,0.10510838177284094,0.4888704581697265,0.6948194993412385,0.6061001317523057,1.8291989459815547,0.009166587615283266,0.006850276679841898,0.004118814229249011,0.016811271963109352,0.016805828405797103,0.007493281238471673,0.016018695256916994,0.017828724110671938,0.009294549538866931,0.013339156785243741,0.017502450592885375,0.04205059288537549,0.0315372859025033,0.055714888010540184,0.021072463768115942,0.02199841897233202,0.0550608695652174,0.019901976284584982,0.07831304347826087,0.039900922266139664,0.06928669301712781,0.05666218708827406,0.08176600790513834,0.03263399209486166,0.03414255599472991,0.1830719367588933,0.11670303030303031,0.0886471673254282,0.02023715415019763,0.021027667984189723,0.0021343873517786563,0.005375494071146245,0.002898550724637681,0.008115942028985508,0.013649538866930171,0.043794466403162056,0.008484848484848486,0.030303030303030304,0.022687747035573122,0.0433201581027668,0.015810276679841896,0.034756258234519104,0.04869565217391304,0.04964426877470356,0.0012121212121212121,0.030566534914361003
374,73.2254510626181,57.52115399549584,611.4541999948228,0.1767358080298206,0.15939100722217908,-0.08967603737930677,-0.02834831236571665,0.350637762832958,-0.9242303444642903,-0.18946665897854054,0.3970186743806787,-0.8874491904170226,-0.11876050322280035,0.38969752271491803,0.3013274313375269,0.17548445548911495,1.2090955450286038,0.10221350728689393,0.3290300535839093,0.7386371049157413,0.0673653283632316,0.564013098288939,0.5759514379643292,0.40702674018275486,0.2197797105951179,0.41199477103880305,0.11226191400688566,0.16931764644974245,0.8836996194765863,0.5792097020527556,0.24365121275659443,0.2460200357226062,0.2143615231290932,0.4774921695011778,0.006445600683388988,0.10243069037819368,0.660479925448474,0.036758044057880974,0.5371333902824157,0.20141854986927596,0.6224793559576506,0.06450777872692914,0.24508814164789935,0.07237710646889804,0.2229815433201315,0.44389221091869224,0.3589604203877715,0.013098288938935053,0.5313608242085371,19.72569388217305,22.607239884247793,29.125045348117865,0.07085203865257446,0.0904387597678025,0.06816700848666794,0.09456559141730922,0.07523848540152846,0.06160263991714204,0.07926224440247166,0.07094628344792477,0.06282587445380043,0.08691827210534264,0.07588281675155199,0.5360781093312891,0.4258551205541203,0.5370922084151281,0.32697374631462645,0.42603884869601816,0.6049027439425229,0.14919109209382808,0.5214444719108051,0.6737736600582763,0.5531780979580968,0.35287080563683954,0.4382921601843841,0.222734084803158,0.36070121877388206,0.7954233581395808,0.5729461167600983,0.38493651360190473,0.4306959247107042,0.4103839910535514,0.49949960571173363,0.08002637499308385,0.3032177831646339,0.47355252982455887,0.18816962246734562,0.49862565847089785,0.40106518357658516,0.4847730300753134,0.24565847711406225,0.4301450150958727,0.2591146443581263,0.4162514381883168,0.49684837341516097,0.47970177579005596,0.1136972224592287,0.49902198839301526,0.5164509448615066,0.4773336784882216,1.8342635257571844,0.00650585037535594,0.004619777375097075,0.0031088791095003885,0.017664814651825005,0.012893435852964017,0.005544402976960912,0.016356273414444733,0.012774657520062127,0.007323662050220036,0.013712787988609886,0.012255423246181724,0.03885995340409009,0.029284752782811285,0.06563344550867202,0.022955216153248772,0.033340409008542585,0.0915097074812322,0.01554698420916386,0.07026947967900594,0.042999482267667616,0.05391379756665804,0.04060264043489516,0.06578022262490293,0.03229717835878851,0.02517551126067823,0.1172114936577789,0.08430701527310382,0.05328501164897748,0.018172404866683926,0.015842609370955215,0.03145223919233756,0.001553196997152472,0.0101993269479679,0.036784882215894384,0.005125550090603158,0.037199068081801706,0.009862800931918199,0.025653637069635,0.011959616878074036,0.032254724307533005,0.013409267408749677,0.02676676158426094,0.04131504012425576,0.03681076883251359,0.0009836914315298991,0.024592285788247476
375,31.78048937540245,19.354099592187165,531.1986424125348,0.22741875939042716,0.027382753809830435,-0.018966570079416184,0.046508087250482937,0.3568867082528439,-0.8768083637583173,-0.10448588178793733,0.3665863308113329,-0.8667327183945053,-0.03265394934535308,0.3791812084138227,0.3569387207555269,0.2550445374543894,0.257994204764971,0.12787132431852327,0.8083172354582528,0.29528224940974457,0.10627334191886673,1.348985297274093,0.1903085426057094,0.9687905129856191,0.2307002575660013,0.677765614938828,0.17365851040995922,0.2224238033912857,0.6371528224940974,0.5464890534449454,0.37556342562781714,0.2084138227087358,0.25091221292122773,0.22231165486155827,0.27157115260785575,0.28868855977677615,0.08580167417900837,0.05001073191672033,0.9293839879802532,0.1943550118051084,0.8188452457608929,0.33011375831723544,0.311547542391071,0.22757029405451815,0.26867353509336767,0.3169671603348358,0.25391714960291906,0.0472204335694355,0.35291908134792876,47.096459885255385,54.19577486523656,64.9654701686114,0.19532999850963503,0.1720415953624522,0.15533650087490866,0.12482152696049778,0.14109995673009007,0.17557976236366424,0.12137118453141642,0.14733112580056124,0.17797788522207092,0.12663448693976018,0.15217938679901463,0.6342733654511974,0.6283480013399623,0.4331432233860902,0.3620378667773345,0.5573228115855393,0.5803144515207145,0.22340426401083457,0.6854315623914472,0.31003913874638217,0.6428833350314083,0.40589421443987306,0.6205318421450929,0.3547086132434348,0.45459742075951426,0.7984459257614442,0.6127460558326382,0.6136377905747665,0.4061851232032665,0.43354972087537674,0.41581060668730513,0.4447818310156181,0.4531649751273717,0.2800784821386266,0.2179729526687763,0.2561892126943267,0.395713967053352,0.3851566816537297,0.4702664475936152,0.4631384037742595,0.41927495538910764,0.44328163808971577,0.46530699271841813,0.4352624458080579,0.21211571967400575,0.477890634052534,1.3361524013952242,0.8433861014220554,3.2802736785618465,0.010079366782935337,0.0070722833378052035,0.005321169841695734,0.022513664877917894,0.01885340171719882,0.011586522940702977,0.020768695411859404,0.018135445398443785,0.011579681620606387,0.017926482425543334,0.017267185403810035,0.04337912530185136,0.036213576603166084,0.03463053394150792,0.022792057955460156,0.047699490206600484,0.04770807620069761,0.014838744298363297,0.07464663268044003,0.026962167963509524,0.0809551918433056,0.04441105446740006,0.06431446203380736,0.031214381540112694,0.028733029246042395,0.09891065199892675,0.07983418298899919,0.05795331365709686,0.01679635095250872,0.01840622484572042,0.016206063858331097,0.022913871746713173,0.019425811644754494,0.01030319291655487,0.005258921384491549,0.005849208478669171,0.0218942849476791,0.020177086128253287,0.017601287899114568,0.019103836866112153,0.01631338878454521,0.028441105446740004,0.018996511939898042,0.02393345854574725,0.004078347196136303,0.029836329487523478
376,47.91243013128818,39.22307942285194,542.5722572468477,0.13267775900168982,0.08357396334329911,-0.0003701416872481472,0.04460381314181723,0.2947953804757571,-0.94048583933446,-0.1504719800142987,0.2877319184323411,-0.9323643366696998,-0.05612082412582867,0.2997169504744573,0.30707623813856755,0.18965000649941505,1.452977057064864,0.09461133497985182,0.13731899129078382,0.2732425581697648,0.054260691537761606,0.10513518783309501,0.18226537111659952,0.7947968932796048,0.219083582477577,0.3943435590796828,0.09022910438060573,0.21824808267255946,0.7487885090341869,0.84726667099961,0.3679968802807747,0.14071233588976992,0.17285194332510073,0.902931236188743,0.07705056544910958,0.0373066424021838,0.029637332640062394,0.009359157675809178,0.08553230209281165,0.13236058754712077,0.8694267515923567,0.13486286234238917,0.16469517743403095,0.06005459508644222,0.07048615624593786,0.39412452879240867,0.3887625113739763,0.0009424151826335629,0.40247627713505785,13.825884501025643,14.233867851717058,20.515368594674033,0.10059132222056974,0.0958306285309824,0.08397631095496373,0.07693904591457075,0.08964204129135243,0.0801933255012546,0.07542859247032746,0.08335243517298406,0.08013643849615187,0.07183730222406917,0.08954380690694086,0.6832519028076266,0.5001840852693163,0.4306776820265855,0.2812196940404574,0.32106964605304783,0.35368911257048513,0.11962010223241458,0.26609881149567893,0.41310261532708226,0.5592470701309459,0.3774130128518254,0.39144875647920446,0.1572869328763505,0.483970276663589,0.8017669430197613,0.8568426676917378,0.5932584093013217,0.34773021704254203,0.37812536995886964,0.29605618934284966,0.2666759960662575,0.18951523421767366,0.16958742809104438,0.09629052472548759,0.2796767228113356,0.3388878790067085,0.3369385174208776,0.34158258506317035,0.3709112383764094,0.2375918246725716,0.25596872315107727,0.4886697707428645,0.48747712103478286,0.03068481113069827,0.4904048724531495,0.6364856520750057,0.5483929674043742,1.9081505313444476,0.008211530337005621,0.005420265834714504,0.004609144974163985,0.020461776835331968,0.018658707614312174,0.006790634493516623,0.0196661831269702,0.01884295408014039,0.007592606025153553,0.015649475155178574,0.016561307724805824,0.04114555913035001,0.03317994215332618,0.07412271294400571,0.023738585031360695,0.021374020993792858,0.06622989178122259,0.017229209320464078,0.023985570829677293,0.02425270546943551,0.078411491339248,0.04075688147931494,0.0704812973254038,0.029296415456111276,0.03853140944395697,0.12937311104611485,0.1311013616717039,0.06819927854148386,0.013974196483702187,0.019011406844106463,0.014721653504923467,0.01436417405999155,0.0027298430340255437,0.004874719703617042,0.0025348542458808617,0.0138442039582724,0.015274121738000065,0.0175814890643788,0.020733807806051153,0.030288258425140553,0.013259237593838354,0.011959312339540477,0.05017711481589809,0.043157518442689544,0.00019498878814468168,0.028468363069123526
377,89.04369275551429,70.9323505056335,607.7234272665679,0.18463938169682062,0.34273842563549217,-0.07839083084489724,-0.18590026009384955,0.3252195057087651,-0.9078902772828786,-0.3347908173446087,0.35652352834307793,-0.8498076151664953,-0.2853436802087777,0.36632834809666004,0.28972597927279115,0.11515118817595545,1.1737707962159045,0.10549622343228526,0.41883942686507236,1.0936802087776967,0.08693784346691426,1.1772894030262728,0.2043539685327846,0.8408506687410604,0.1753900780407016,0.5159735012923139,0.1334543675190083,0.24376903967278107,0.6553682467190283,0.466701212014755,0.3590502120398484,0.14842789390479535,0.3268926752151765,0.6722290532232567,0.01616019673282979,0.10283305312288274,0.23018242955007404,0.17881608993500792,0.7870065995834483,0.10649670020827583,0.9596747885874884,0.1617023412210484,0.15530350555820432,0.22187648992497053,0.5048555870618052,0.3102557024917819,0.18325763468921732,0.001756543123133673,0.5442272464931871,15.878788896430468,18.89475849177324,26.26765978388743,0.1092770379824676,0.08884384724444916,0.09820590662276119,0.09300532615328351,0.08967322347700295,0.09543156622044294,0.10211626382032671,0.09465144464246002,0.09816516552857513,0.10623283924663188,0.10027998577698251,0.47206970030879747,0.282126143694361,0.6985153616604353,0.31097897237473154,0.44828248911816726,0.7536611478217194,0.17322433616810545,0.5065438728675286,0.3954054204199247,0.5808390971440992,0.27625338918704667,0.4671967795437255,0.25100510983556057,0.4824695487816772,0.6653102609398229,0.48327943244062144,0.606035626585486,0.35552809458103,0.4690835486967125,0.46940673449466935,0.12609299642188088,0.30374451674136504,0.42095477822844474,0.38320305421005346,0.4094281600599629,0.3084761593480643,0.19672330786147896,0.36818215014868505,0.3621983140112988,0.4155137128579588,0.4999826959088829,0.4626040116865417,0.3868824497945763,0.04187483350219394,0.49804635839261713,0.4093023839397742,0.38658218318695103,1.6913299874529486,0.007164918444165621,0.005397089084065245,0.0036493350062735256,0.015659810388958594,0.012459243337515682,0.005840507929736512,0.016423833425345046,0.01160659756587202,0.007987365997490588,0.013562258469259724,0.011396035131744038,0.03592321204516939,0.026427603513174407,0.06959372647427853,0.02054102885821832,0.03506298619824341,0.10037465495608532,0.015172396486825593,0.06639196988707653,0.02135909661229611,0.06708632371392724,0.03454755332496864,0.061068005018820586,0.03049887076537014,0.027112672521957336,0.09520301129234629,0.07164391468005019,0.053718444165621076,0.01907151819322459,0.021028858218318694,0.01864491844416562,0.003262233375156838,0.006524466750313676,0.01713927227101631,0.014203262233375157,0.015683814303638646,0.004868255959849435,0.004491844416562108,0.011718946047678796,0.01987452948557089,0.0208030112923463,0.029962358845671267,0.037992471769134256,0.01613550815558344,0.0002509410288582183,0.01671267252195734
378,46.506608669108665,34.082211538461536,575.2609546703297,0.10711672008547007,0.08429277319902317,-0.07774641330891331,0.08622781459859585,0.28749432844932843,-0.9435444763431013,-0.15362202461080587,0.28537610264041513,-0.9370202731227107,-0.03550705891330891,0.29439865689865685,0.14582455738705738,0.06650373931623932,0.19126526251526252,0.05154761904761906,0.9734176587301588,2.9059016330891336,0.06548267704517705,0.20377709096459093,0.33194864163614163,1.4640209096459096,0.17302274114774113,0.5638415750915751,0.1340873015873016,0.14581463675213677,1.026946733821734,0.5172813644688644,0.2941781135531135,0.2397359584859585,0.32997557997557997,0.6491529304029304,0.0011828449328449328,0.5627289377289377,0.9255570818070818,0.047657203907203904,0.3187957875457875,0.4018620268620269,0.9871413308913309,0.1865460927960928,0.30170177045177043,0.04964133089133089,0.8967872405372406,0.38255494505494503,0.28125,0.004464285714285714,0.32936507936507936,9.597207113395115,13.830703878958298,15.885468656347605,0.06488380883222751,0.08869844371850291,0.060614403826075844,0.07481406816434365,0.06870119506150628,0.0688507028292698,0.06177818922327325,0.06323418022259501,0.06753058017700073,0.06344323705192108,0.06534195542475776,0.243045458290937,0.14506505917833615,0.21715224530651697,0.1281885244662995,0.4896841810600328,0.5968419929719397,0.13731466439483392,0.360771116207009,0.4720085003237942,0.5361098632722715,0.28658703789174483,0.4731137144473291,0.24285176968144573,0.2999711772766662,1.026023971888265,0.591236570379677,0.5099121771250258,0.4269304198877196,0.47021285919861927,0.4772442706920833,0.03437282199669992,0.496058937687612,0.2624953318386383,0.21304395473735444,0.4660185832309163,0.4902837037519539,0.11266680117061918,0.3895541533193459,0.4590052844445802,0.2172069734820855,0.3042423665818204,0.48602023844916986,0.4496177832652432,0.06666727423512352,0.4699916512924198,0.32919067424733844,0.440447208761018,2.197756324646087,0.005589422673331553,0.004143320486892814,0.002513565078032587,0.023644130270538403,0.020439705956423856,0.008027436944327853,0.021908752050978746,0.023646081924676612,0.01003304109589041,0.017511008509176935,0.0200611287060709,0.03266188422940436,0.023251039798527114,0.041993360552524145,0.019383752432556186,0.054730797115274545,0.112499332239478,0.015655359255160838,0.0338844583508223,0.03448887701759072,0.07624108062731332,0.03617850192696608,0.07117335063151066,0.028018849925592396,0.02116304804059984,0.12179036135383677,0.0843331934216049,0.08759262792383715,0.024115694280154157,0.029572251688480176,0.03415118098218033,0.0004578929293700156,0.030220933338421033,0.011332850001907887,0.006105239058266875,0.028122257412141794,0.02682489411226008,0.0014118365322242149,0.015720990575037203,0.03922616094936467,0.006601289731751059,0.020948601518678216,0.037738008928912124,0.03445644293509368,0.0003815774411416797,0.043499828290151484
379,36.0384300681856,15.105075669383005,572.7092998503242,0.27660608681190757,-0.04545009146848494,0.05311817728255446,0.12260061154165973,0.40492047287543653,-0.8720031738233827,-0.03828478659570929,0.4110596495925495,-0.8779042492931982,0.04679397971062697,0.4262771661400299,0.22162813903209713,0.13186994844503575,0.05370962913687011,0.08484383835024115,0.018879427906203228,0.5231308830866456,0.05379145185431566,0.10930916347912856,0.033277232662564445,0.8354501912522866,0.12425278563113255,0.6435366705471477,0.15180176284716448,0.13667986030267754,0.39221253949775486,0.4007693331115915,0.40125428238815897,0.21363711957425577,0.17359055380009977,0.006319640778313654,0.31741227340761685,0.0018626309662398137,0.0353234658240479,0.008182271744553467,0.005953766838516547,0.009845335107267587,0.9395642773989689,0.09113587227673374,0.1892233494096125,0.16480957924496922,0.5962747380675204,0.25488109096956596,0.1482454681523366,0.0018626309662398137,0.40292699151837685,11.95343888736659,18.153042221779426,38.18779468596859,0.2374895149002101,0.14958592876746904,0.14410350477238093,0.09576246628971474,0.09821490586273676,0.1382730103412374,0.09088316137132901,0.09450489851622994,0.13774781852685355,0.09832892976990232,0.10258464640726753,0.4605393153355599,0.40527785787067755,0.17370023715482827,0.25199932919619195,0.12033550146982347,0.4871024528373415,0.1384162962292958,0.22492041873074842,0.1676130037366478,0.5774686095935617,0.21506436766435844,0.4938601685494529,0.2751298437058389,0.26769749214546185,0.4346579520961584,0.38716920958528195,0.6551372348353766,0.4098803345735348,0.3787633101920084,0.07924589450926113,0.4654770980198723,0.043118713017086065,0.18459916583099667,0.09008658117907668,0.07693189427218204,0.09873565080038026,0.2382963171773084,0.2878070190035046,0.3916924514085302,0.37101477101675945,0.49065179312871016,0.4358016033892018,0.3553490527959461,0.04311871301708606,0.4904944782368958,0.43710750399148485,0.4305814262905801,2.5108468600319322,0.009902175359233635,0.0046344797764768485,0.004322013038850452,0.020827730275412456,0.017960312333688132,0.010644019458488557,0.019094647319052686,0.017574550891431614,0.009558178652208621,0.016688464608834486,0.01785767030335285,0.048013571048430015,0.03253858435337947,0.015347924427887174,0.019401942522618412,0.004350053219797765,0.09395788983501863,0.016117615753060137,0.023768626929217666,0.006772219265566792,0.07424361362426823,0.03847325705162321,0.07578698775944652,0.029010444385311338,0.025227182011708357,0.08471860031931878,0.06928020223523151,0.09125133049494412,0.02052288451303885,0.01852714209686003,0.0009313464608834486,0.03129989356040447,0.00033262373602980307,0.007384246939861628,0.0014635444385311335,0.0009313464608834486,0.001197445449707291,0.00874800425758382,0.018227780734433208,0.025612027674294838,0.01606572645023949,0.03449308142629058,0.04483767961681746,0.03399414582224587,0.0004656732304417243,0.03100053219797765
380,19.091747613961928,-50.21814406075708,556.7089711641154,0.1625413721202258,-0.009882147519028972,0.01929263082947668,0.08450322326196409,0.386122730186984,-0.8951476045364392,-0.07335616440353286,0.38499980113241444,-0.8941586800250894,0.004552069029819121,0.40429112207360696,0.19710234111444505,0.16957992168031327,0.38436267778738403,0.09039210700300054,1.0146671413314345,1.6955700215294378,0.23033209581447386,0.5475915848717557,0.0827489870992897,0.12715370662326875,1.7895856854667818,1.323632711183441,0.8460836766176746,0.34396480699791493,1.860670972554205,1.655324891081388,0.2498031836444083,0.1257353065825832,0.18247469867263388,0.013273661191069522,0.29698757395446607,0.41763718659411075,0.8792825781077828,0.23692552848836224,0.14729864890064248,0.012612520978487515,0.10201902049534659,0.4178914712912577,0.42738476665140956,0.49743172455881607,0.19230704029564835,0.3205851938497008,0.21322619471426876,0.008560918137279832,0.3525572564376409,30.54078108689233,21.013461398621814,21.326782212225762,0.16879769197811564,0.17054262333803133,0.161428489204929,0.11928025239223121,0.11309326945793347,0.0904952923993676,0.12239436546728616,0.12190451435741363,0.09879939536172987,0.13313429069624313,0.12717893115986822,0.3912149349136005,0.4150182857435987,0.3795372639146387,0.25207448216932266,0.47693097512844657,0.7938515973930931,0.4660167061288584,0.7752070132203815,0.24639033805873956,0.3609538061234784,2.016637304206021,0.9328634835513819,1.3430930772749494,0.6271938036888762,1.7271956142305707,1.367752155973329,0.403815224899923,0.3315536197838464,0.38623854282908027,0.1144451534397365,0.4569348906964341,0.49317389440039533,0.3258013587647517,0.42519982047339727,0.35440638567747856,0.11159595159029756,0.30267588770757675,0.49321629471505496,0.494703119704503,0.49999764199381397,0.3941163225647888,0.4667054957741114,0.40958958554076624,0.09212910889237645,0.47777034962665765,0.8504526344341222,0.7692869736217536,2.213904522953821,0.012523072489319862,0.008549365972740218,0.004826795280396012,0.019171687716145656,0.013703561520987317,0.007121229148301351,0.018530965704889126,0.013750954651793585,0.007255537872109582,0.015683461042923983,0.013460822540177664,0.035840170882213335,0.027922289279175425,0.055055265477724276,0.019843697023123347,0.05156998033498338,0.10966467756153793,0.035329558554282235,0.07588492574760969,0.01493117244185258,0.02911880382450668,0.31880551976673216,0.26025055943581743,0.2378983861124296,0.06596104292398454,0.32314538550213595,0.2762355055265478,0.05128161659998643,0.0149182884654506,0.01729165253949956,0.002203838068759748,0.038278971994303926,0.031904794195429576,0.01863090798128433,0.01088356953956737,0.013799416830541806,0.0019325964602970095,0.009798603105716418,0.032616803417644266,0.0599104902692073,0.02748016545738116,0.034956262290635386,0.042483216925476366,0.028582084491761035,0.001118871634908795,0.027497118057910084
381,48.45775527064655,44.858244851748715,422.22470548636824,0.19096496435237598,0.10068094611547994,-0.05988837550870536,0.05286232373550379,0.3616263954591353,-0.9237955180686026,-0.18005474786573233,0.32634315617637155,-0.92044035699642,-0.06883770386463081,0.35661384290566384,0.13281968116030723,0.08231174076680639,0.7319185459441265,0.058267494874697845,0.4787264771579817,1.611720265597748,0.0739267464275879,1.284316881368379,0.13163122303479086,1.7431792172822127,0.19269575594382057,0.5662654141550136,0.14900094856338544,0.17726538355619473,0.6060304152259723,0.46726018175698414,0.3368431198555735,0.07851656926042655,0.06991830115357547,0.04412349683302225,0.0023255102353049173,0.11043113735809798,0.7903062941770448,0.026651571249349776,0.6240323123527431,0.1559621798598574,0.7290474587680915,0.2765827239068572,0.2658731372969003,0.08769621492610385,0.939475536244301,0.3088644778311557,0.14225390899911264,0.014259049600685414,0.3193598727089134,17.57881713948536,33.79535826012755,36.52114273919121,0.05552837522791713,0.07541654709706912,0.07236501907084696,0.06931990893608168,0.06271603517297102,0.048973746891783666,0.06525717376302771,0.07031939495436743,0.05262992753626743,0.06493591021282304,0.071196920080374,0.28990424211370835,0.31293715802217836,0.44324376349714584,0.22979295305061712,0.5019482787502968,0.3928162637863953,0.1718771355163435,0.5527622738636258,0.4330795032854246,0.5100973423111915,0.3596319477163804,0.5027555615256886,0.2707385000383691,0.3300973349334268,0.7193426493527338,0.4695439295042075,0.6107870397909567,0.2689868613090155,0.25501318046569227,0.20537259908350666,0.048168176548532234,0.31343118425015093,0.4070962129787564,0.16106538670885087,0.4843791538496705,0.3628250355242906,0.4444584415036194,0.4473151498513485,0.4418037853640587,0.2828569195993031,0.23845962547817026,0.462032189581755,0.34931571405591033,0.11855867411136571,0.4662357728177133,0.2905507955936353,0.27394736842105266,1.1562760097919218,0.005439075887392899,0.002774908200734394,0.0019946756425948584,0.014709029283965726,0.01401780070379437,0.006264468451652386,0.014616588219094246,0.015324756487148103,0.007135987239902081,0.011033965728274173,0.014209424724602203,0.030182068543451658,0.02175214198286414,0.05154130966952264,0.015298653610771113,0.03278212974296206,0.09909118727050184,0.01489657282741738,0.06731640146878824,0.010333537331701345,0.10017992656058752,0.0487515299877601,0.0789874541003672,0.03565881272949816,0.024180538555691557,0.0841297429620563,0.0700608935128519,0.0951340269277846,0.005416156670746634,0.009271725826193391,0.008384332925336597,0.0004895960832313342,0.0069767441860465115,0.029589963280293757,0.0021419828641370867,0.030263157894736843,0.008017135862913097,0.0352203182374541,0.02405140758873929,0.03436352509179927,0.012913096695226438,0.013127294981640147,0.03616891064871481,0.025703794369645042,0.0016523867809057527,0.034516523867809054
382,35.47749514720155,-55.945895341313495,563.1578655774831,0.4020220397929472,0.07602664995147201,-0.048537528307990935,0.0019686324813976033,0.4552047971934649,-0.883823972258169,-0.13914532097217727,0.4545420845600128,-0.8730460998058881,-0.0779490456163054,0.47721562601099976,0.20301197023616957,0.09212835651892591,0.17450339695891298,0.07491305402782271,0.019230831446133936,0.6639477515367195,0.0743088806211582,0.12968901649951473,0.04914105467486251,0.11429998382400519,0.11666046586865093,0.31476180847622126,0.10678138142995794,0.21157028469750894,0.5591948398576512,0.4177357651245552,0.34321174377224195,0.12532351989647364,0.09398252992559042,0.0029925590423811065,0.7273131672597865,0.0013345195729537367,0.11557748301520543,0.030977030087350373,0.06611937884179878,0.012131996117761243,0.20074409576188937,0.012415076027175672,0.15541087026852152,0.07554189582659333,0.9349725008087998,0.28760918796505985,0.13070203817534778,0.00897767712714332,0.2919362665803947,7.302980759072293,17.000886437482457,16.706465000983943,0.06226112404192351,0.04075610424302549,0.03420155193790716,0.05103533867424309,0.07441830913964236,0.047795759923069045,0.05327252489181432,0.07309342207356445,0.04926654801534617,0.05675279088790571,0.08270581137240561,0.40515536056816465,0.3265855199731493,0.1894823659881048,0.25696057741485934,0.0889668233735592,0.47606799265552424,0.1660379251309436,0.1764524973607405,0.14601864405970416,0.22545718260137151,0.1987918397375114,0.3342627541801778,0.24669754948433473,0.45562737925317626,0.5049517357929482,0.44235116724379037,0.632003931377686,0.33109208442395194,0.29181031097450577,0.05462347750309314,0.44535013722434214,0.03650743114183389,0.3197240409330941,0.17325896123677573,0.24849568156578575,0.10947737425221153,0.4005650914287912,0.11073137661382869,0.36230324311391326,0.2642690713177182,0.24657936318199816,0.4526570766628209,0.3370810144897966,0.09432623311056479,0.4546623389970895,0.20271363287095073,0.3029845917418207,1.262890767177579,0.00443446435070975,0.0021338213289117153,0.0015409471427993687,0.01210406195656569,0.011113535608848625,0.006534977312249768,0.011471106846766691,0.01127616204958143,0.006965020342136126,0.009150564160634126,0.011567557730416147,0.029959153961256924,0.021026408379504185,0.03952683301654062,0.01749383265256602,0.004856634448174061,0.09368787155740688,0.014767662878634692,0.029365470942694226,0.009812755287742144,0.028614065596311727,0.028601124277106,0.05038945282484733,0.026678529542605252,0.032886318599102196,0.07688195090387026,0.07656691066445585,0.08079427346625147,0.010757471589760181,0.010919238079831762,0.0004044162251789542,0.03672099324624904,8.088324503579083e-05,0.018117846888017146,0.0045294617220042865,0.012496461358029684,0.0009301573179115947,0.026610587616775185,0.003073563311360052,0.02418409026570146,0.009058923444008573,0.011566304040118089,0.03825777490192907,0.028996643345331016,0.0010514821854652808,0.030573866623528935
383,74.06376539903587,41.69045624969567,608.1337731898525,0.10816282806641672,0.05423445488630276,0.06761929687880408,0.005408790256610021,0.28376788282124943,-0.9461977437795198,-0.16203096533086622,0.28697458229050005,-0.9318606659687392,-0.08301818668744215,0.2935986025222769,0.39234625310415344,0.14794030286799434,0.07784803038418464,0.06543044261576667,0.8244030286799435,1.0165927350635438,0.059132541266981545,0.4673486877343332,1.018468861080002,0.6919640161659444,0.17836709353849153,0.594069727808346,0.14805034815211568,0.18474972001752935,0.9305602084043434,0.5461196864196329,0.40495033354433463,0.19097239129376248,0.20896430832156596,0.026220967035107366,0.10493256074402298,0.5630569216536008,0.1912888932171203,0.030968495885474998,0.5298242197010274,0.5794176364610216,0.6757559526707894,0.23830160198665823,0.33739105029945954,0.15277304377465062,0.7734333154793787,0.39005210108584504,0.24446121634123777,0.005843112431221697,0.3612747723620782,31.80405450322026,31.416516558861854,27.09953818660881,0.07651327868708832,0.12003982858210491,0.09564200274842959,0.07855962685463787,0.08473727541263616,0.07447146515001173,0.08017293962880011,0.07579875384523023,0.07480461762546942,0.08218697043084269,0.08431469456689132,0.7118133367446278,0.3736378241252431,0.2656800898552299,0.2129251002855754,0.7745567312793711,0.7554483403596782,0.14480292214646587,0.607647348289271,0.9142444151849535,0.7398101893569582,0.3977097651088719,0.5241278440796315,0.2771919862934454,0.3515086620152716,0.8046368103692222,0.5702735476585447,0.6317390914493025,0.3930721291311161,0.40657379486113726,0.15979377203929004,0.30647023532775436,0.49601392576002573,0.3933207583532543,0.17323446188598046,0.49911579917548177,0.4936585583000178,0.4680974041213239,0.42604972453730944,0.4728253085742702,0.35977297309959855,0.41861496437055346,0.48776762082930314,0.42977252927073556,0.07621753012746246,0.4803758209901988,0.7204562608039344,0.4670172619482385,1.8002385995666248,0.005874832615099944,0.00558566454848684,0.003004187665863219,0.01491884249993913,0.01116604966766489,0.004303638156453145,0.015182363133932267,0.010684339347016287,0.0050852089207021655,0.011686850242251601,0.010246074063253232,0.04225476590460887,0.02728361697465488,0.011060307257809265,0.015777518077569205,0.03988070021668736,0.08693983882355806,0.014234655369707595,0.04957563362793076,0.045079249141771964,0.07052175395028364,0.0443571202493122,0.07770335743675894,0.032537920288267234,0.026704160884279213,0.10140530275363378,0.08319869500645193,0.051754680690477936,0.010980449443673459,0.011077837021887858,0.0031164025028607603,0.015070727728678207,0.01640980692912619,0.02108441068341733,0.00467460375429114,0.02907019209699803,0.013049935480729432,0.02653811506342366,0.024639057288242883,0.03802984929272271,0.017870620602342173,0.02500426070654688,0.03773768655807952,0.03564385362646994,0.0006817130475007913,0.019769678377522946
384,53.340186709559404,21.279707950925665,543.7875705680134,0.16816059545210837,0.11323537389220045,-0.05764361182073358,0.011118834516037467,0.2849416048822026,-0.9327567642791813,-0.20225609319708582,0.34566958655817326,-0.8897839168322453,-0.1029938814772763,0.3280546882391901,0.2839877629545527,0.1744422367300596,0.6510571798025673,0.12755795250260196,1.2065272652726526,0.723502381177658,0.06461317690099978,1.0976449995269184,1.1958964897341282,1.06136815214306,0.2716482164821648,1.0810259564134104,0.16504084271611946,0.26015927082347745,1.1217261172611726,0.533749014413221,0.329654965780427,0.25145866843283815,0.21755448323714005,0.17062478317090862,0.5725549563187939,0.3963478096319425,0.058599047528936826,0.02554640931024695,0.9616173084807771,0.6174977134386729,0.9265461885388084,0.3572712650203425,0.3800107231841549,0.2080613113823446,0.8190620367742139,0.48724256473333966,0.362664395874728,0.02248714794840256,0.4504998896142808,24.95964448288975,34.59027520620616,55.12634290143681,0.12106458458951953,0.11825365572704323,0.0884207181056726,0.09405252428833372,0.09598455508757628,0.12226351698720621,0.09523093603102463,0.09459122158694028,0.11929349077139212,0.08835100405998159,0.09807749237797703,0.5183558097006611,0.4095193602815063,0.43560395212591585,0.3631929885343211,0.6652385228034038,0.5784522675359746,0.1366154366747536,0.6139338624710422,0.8195121844944572,0.6395040432690667,0.4624842571821076,1.0166213451258321,0.29738207935238953,0.512378997095422,1.0349460881305512,0.5293778387803946,0.5541010355993874,0.4338584367577515,0.41258926174025806,0.37618669539728455,0.49471557204532124,0.4891459593195445,0.23487643358884108,0.1577801490240694,0.19212137993186126,0.4860059020737872,0.2608840654156478,0.47920324565031663,0.4853967493715606,0.4059273321091247,0.38497284432178264,0.49984510366228235,0.48077668611175245,0.1482638506726597,0.4975515518356063,0.576865577493219,0.46273891377026427,2.3509619630353877,0.009086608212956537,0.005867753737462941,0.004069797514665994,0.024940958966757076,0.01643399649908535,0.007214388538446981,0.021143251308900525,0.01643883337538636,0.010134092853087742,0.01774881725856305,0.014605910553207596,0.03739576105468997,0.02580047940452911,0.05526335709329464,0.022496688323976537,0.04609947643979057,0.08156184949220968,0.012888412287895038,0.06570712168043903,0.05159402005929477,0.07988677221976914,0.04796063836497824,0.10836434744212453,0.03155175676528101,0.028847221346117453,0.10131173910300889,0.06536775373746295,0.042795685359238,0.02037469248722639,0.024317163943733046,0.017157635778716963,0.031224373935532707,0.023623288967387877,0.008137261086229735,0.00321705670850943,0.003437835110073803,0.023307891250867345,0.01012426670030909,0.025011038920078218,0.03308522046300385,0.02113164700687567,0.019680817510881222,0.030215101242667002,0.02854349334510818,0.003059357850249164,0.018545385731407304
385,43.79968926729228,-56.93043316139457,540.1309241190727,0.35992492697781364,0.04727586849791809,0.02477304083027779,0.06624136461375923,0.5009643253371449,-0.8364563175688272,-0.1663150720899882,0.5169056614877882,-0.8117082616990865,-0.060103784724380084,0.542417500466099,0.3182891057112672,0.22040954570878132,0.36780622708346283,0.058154869181530046,0.125138897520353,0.5775607482443601,0.054353986700640115,0.2683972406935554,0.041782984276925,0.2454869181530048,0.14411037225778386,0.33498974582064506,0.12048598595488161,0.15141072649307066,0.36163383257721704,0.3614486358834131,0.25835311664905847,0.19259213224784041,0.20172767385494997,0.004536697532782301,0.006525386862221118,0.0037287924926977813,0.0014293704555341496,0.054751103101112426,0.03231620160338077,0.0012429308308992604,0.2506370020508359,0.233608849667516,0.12945124603815797,0.05984711950779939,0.9052886706854764,0.1275868497918091,0.10950220620222485,0.0013672239139891865,0.24392517556397986,10.205425014030014,20.785470864532915,52.34790140363515,0.19380617833664057,0.135345409102247,0.10664393138384118,0.059629222643263785,0.08780426830236697,0.12075965390046879,0.07115121147134312,0.09089009409614633,0.11753546366151951,0.06933581044660031,0.09630143375070027,0.5510268395836785,0.4610096332855409,0.26269819057194593,0.17296355160648957,0.21984860667015266,0.34176460150890486,0.12797261197332283,0.5430487197729094,0.1814270388549177,0.2652911273012264,0.29797970448857164,0.35023780195525545,0.2560255337529945,0.48732686055516267,0.5269692503698991,0.4314547012698148,0.512956550277922,0.3943476477133376,0.401302414346762,0.06720414114254054,0.08051837739018457,0.06095177996639026,0.037781160180792674,0.22750084902320647,0.17684402245014352,0.03523440231489861,0.4333933181583518,0.42313931768274693,0.335709137336736,0.23721074746800425,0.2928249003373535,0.3336395711195585,0.3122779745940168,0.036951853405464044,0.4294614609261991,0.24930391547545058,0.23742697327532622,1.3398570540708514,0.00519869484151647,0.0036085767557489123,0.0024068365444375383,0.013186236482287134,0.012524068116842762,0.00883793467992542,0.013044711373523926,0.00990976283405842,0.0074393155376009925,0.01120677439403356,0.012013300186451211,0.027511497824735862,0.020218147917961466,0.044126786824114354,0.016391547545059046,0.017684275947793662,0.08961839651957738,0.012205096333126166,0.03194530764449969,0.0057128651336233694,0.044821628340584216,0.030561839651957738,0.04708825357364824,0.02297203231821007,0.017808576755748914,0.0571597265382225,0.053860783095090126,0.06547172156619019,0.004039776258545681,0.002175264139216905,0.0014916096954630206,0.0011187072715972653,0.0007458048477315103,0.0004972032318210068,0.007209446861404599,0.00584213797389683,0.00037290242386575515,0.02399005593536358,0.007333747669359851,0.019825978868862646,0.00870105655686762,0.014605344934742076,0.012057178371659415,0.013424487259167185,0.0001243008079552517,0.025357364822871348
386,42.57793811127144,58.97621933621933,501.0834279300946,-0.0006406285072951706,0.08167798621131954,0.04255555555555555,0.03172173663620329,0.15836174558281224,-0.9750222928972262,-0.18972590703864037,0.13528990094596763,-0.9606738952060286,-0.08065848965848967,0.1496687189353856,0.17378803912137247,0.12062818662818663,2.3042780182780183,0.06363091229757896,0.8658066378066378,1.005877825877826,0.06234888568221901,1.0864454064454065,0.9145759179092512,0.9205217251883918,0.18664357864357864,0.6516062209395544,0.1172509219175886,0.15526663459996792,0.7150604457271122,0.5287051467051467,0.27370851370851373,0.10665383998717332,0.1622895622895623,0.5025172358505692,0.03649190315856982,0.3415424082090749,0.9876543209876543,0.024434824434824434,0.7042809042809043,0.5432098765432098,0.6965207631874298,0.10511463844797178,0.3409331409331409,0.12926086259419592,0.9481160814494148,0.305659772326439,0.19814013147346482,0.0031425364758698093,0.24316177649510984,14.648198669566794,20.493776339633158,34.9954762228742,0.0547855875715181,0.06343888544338268,0.07570017110675908,0.06626470359228977,0.06788415878867521,0.08443492061147626,0.05634553720184743,0.0740051721736873,0.08388383229879282,0.050264547361806584,0.07041717443086393,0.377723733260006,0.35540525803896694,0.47273832932582494,0.18250598047162062,0.5377685689962068,0.4597434980180551,0.12891076369440205,0.41835047520398394,0.7467344294481376,0.5122473601582158,0.3190598856027102,0.6245144662129735,0.22696650904214946,0.28978241115744435,0.6884217760836235,0.586555090200345,0.47156674261389364,0.3086775887194262,0.36872214460502417,0.5000016802494801,0.18751365729344094,0.4742345446646008,0.11042488049486426,0.15439730636437116,0.45637264474297684,0.4981373943274019,0.45976773277285693,0.30670599554030376,0.4740305263294647,0.335493817078967,0.22179620154846993,0.46069369618180467,0.39860470984858876,0.05597107643849218,0.4289988677175728,0.5011929194458696,0.48575230887634685,1.5453084915341204,0.004930541303232425,0.0037535595177013853,0.003082157516675218,0.01914280204592098,0.020055964244484352,0.0049841101526423804,0.019681467996408415,0.019627607234479223,0.006629540886351976,0.014163866085171884,0.016657260133401745,0.0350849794766547,0.027373011800923552,0.07047684710107747,0.02152834787070293,0.04909087993842998,0.1036727167778348,0.015273537711646998,0.0618746793227296,0.04623781426372499,0.07132760389943561,0.04023698050282196,0.09225981272447412,0.03186570035915855,0.025211326321190355,0.12892989994869164,0.09677526936890714,0.048071767573114425,0.012538481272447409,0.021357106208311955,0.042938686505900464,0.009940995382247306,0.019016162134427913,0.001026167265264238,0.0038481272447408927,0.03674961518727553,0.01879168804515136,0.027706516162134428,0.016482811698306826,0.044926885582349925,0.023986659825551565,0.009299640841457157,0.05031426372498717,0.03341457157516675,0.0003848127244740893,0.028957157516675217
387,54.51929329794293,-63.35040920150409,568.2611977438619,0.2535989825259899,0.07665123866401238,-0.04619846272948462,0.009199600586153508,0.45449843618668434,-0.8673252621654501,-0.10767854777704046,0.46840603339969034,-0.853311801260783,-0.05666716434417163,0.4870721632382216,0.5938039150630391,0.26669320946693204,0.6293950453439505,0.08943541251935412,0.2861452112364521,0.1797041583720416,0.13012718425127184,0.2794326476443265,0.42937071444370717,1.089743419597434,0.3342778146427781,0.5107476222074763,0.13256193320061932,0.28954932537049327,0.8626664454766643,0.6717678610926786,0.45952444149524435,0.296449900464499,0.35390400353904006,0.16340411413404113,0.031408980314089806,0.12115682371156823,0.042247290422472904,0.16666666666666666,0.2874364078743641,0.298717097987171,0.6048993585489936,0.23661800486618004,0.09417164344171644,0.13885202388852025,0.5294735677947356,0.41025215660252157,0.3927228489272285,0.037712895377128956,0.3711015262110153,43.289635184847924,36.76921833647351,36.25676739006106,0.12232775491653936,0.11551325428357977,0.126898170816748,0.08055018392508591,0.10832416021945014,0.10792231674855883,0.0725407627010618,0.10955868775857756,0.11122528444119342,0.07954222551369768,0.12490336137795911,0.930996711235077,0.5644311249614826,0.6438305765519614,0.2774693006939863,0.3552199897140542,0.35248573518695053,0.27046913589970106,0.4319622600063792,0.4329530272094931,0.895083068534891,0.5640527340818079,0.49951324491143234,0.2486005075094434,0.55470038699081,0.8700136001443582,0.6559290956879642,0.713232173478762,0.45670438017424225,0.47819306207889173,0.369744194521023,0.17442516632798452,0.32631845805008997,0.20115838155765622,0.3726883007582072,0.4525793254024205,0.45770817996343505,0.48888581611166515,0.4250175450202915,0.29207543946013903,0.34580160751026134,0.4991443537714807,0.49189298055278197,0.4883695338338253,0.19050627231581316,0.48311291618612723,0.4200906929159985,0.4489741746391639,1.6147873693524304,0.0054797876458552225,0.004047834983133329,0.0028777304650776966,0.013428973013327435,0.011580453685782225,0.007854118619698059,0.012548714759719073,0.010514178344301277,0.007742740806282144,0.011054692252391748,0.011140629320356137,0.03397445114195653,0.025350882043908642,0.04808107061881325,0.017932865121937733,0.022165569872255708,0.03646131725930433,0.01437814521926671,0.03678482552673782,0.02730465077697285,0.07312558756843443,0.04939335287286401,0.06460211248133606,0.02790244981474313,0.01971796715146823,0.07977547973234529,0.0754924514737599,0.059757783553613886,0.006525465907205662,0.010728308355914394,0.008405684897417463,0.003428634629209755,0.007963280429132333,0.005308853619421556,0.00685726925841951,0.017474976497262623,0.01421224354365979,0.016756069236299288,0.015152353038765692,0.014267544102195433,0.01282972958026876,0.0210695128020793,0.01509705248023005,0.016645468119228003,0.0027650279267820606,0.018249184316761598
388,80.65173852015239,95.10925606577099,508.30410667736106,0.08469841588129136,-0.0022630840184479635,0.055621335472227786,0.03710036675355925,0.2952900213354722,-0.9175646571485861,-0.15162341588129133,0.23577169897734104,-0.9254581364347302,-0.059980509324243036,0.2738117505514337,0.3058925205534389,0.17366873872067376,0.2094429516743533,0.09268538199318228,0.26824022458391816,0.6814112693001806,0.14173330659715258,0.46658832965710845,0.5025373972328053,1.8559001403649487,0.2664952877481452,0.5822458391818729,0.1505398034890716,0.2555235612592741,0.6933956286344496,0.6938536194104671,0.36047563665530374,0.1679967916583116,0.2634449568879086,0.024383396831762584,0.2691397633848005,0.19157810306797673,0.677481451774614,0.044996992179667135,0.32717064367355125,0.37260878283537197,0.937317024263084,0.2054140765991578,0.3282133547222779,0.22382193703629435,0.2911570082213756,0.31886905955484257,0.21800681772608782,0.006336474834569882,0.4005614597954682,29.06453279758061,33.885025051547885,50.14981698589162,0.1435669880957462,0.14240903907264732,0.09734014042386042,0.11693499803249013,0.09250630502894795,0.14996203101618374,0.09955870286466581,0.08645484585266362,0.15093071991041102,0.1018704147237397,0.0913171037745368,0.6546134600379,0.5083259849365005,0.2774474400682557,0.26025708939368014,0.5248421512716324,0.56408476968775,0.3562386661578472,0.646625396340583,0.7642632333431411,0.6869076838794734,0.5045333281051613,0.5111859765595819,0.2703010373044663,0.5005118075126928,0.7084884552608846,0.6686538738063249,0.6254442989311186,0.3738709341534715,0.44051049226067346,0.1542394270714537,0.4435216343300401,0.3935506891474298,0.46744956671718596,0.20730167947904704,0.469189558813415,0.48350889691910454,0.24239673401951073,0.4040119797493192,0.46957234950901766,0.41681248176942237,0.4543048338077418,0.46604752233327107,0.41290032985604025,0.07935097000574123,0.4900220470795779,0.6605117510227,0.6335044517526269,1.7165436753027996,0.006895042913291089,0.005656212400737948,0.004751503970482072,0.015271715208149515,0.011617492981471083,0.00654546635116708,0.013229413611935508,0.014977153605518568,0.006783735581936312,0.011185610010427526,0.012409962300473249,0.035630865484880085,0.026911045159220343,0.03153685730328066,0.01678912328547365,0.019160583941605837,0.07314069142536295,0.019436111333921553,0.04508542552338173,0.02795259485040507,0.08671853693751504,0.06421833640811743,0.06441164674741318,0.02855297986684848,0.025210956926285395,0.06599943851768669,0.062411165476858904,0.048796823614341865,0.012593246169888505,0.014839175423117029,0.00192508221705302,0.018328386941525627,0.00902382289243603,0.017927328146306248,0.005454399614983557,0.013034410844629822,0.013916740194112457,0.00653725836207588,0.02253950429132911,0.02462501002646988,0.023742680676987246,0.0300393037619315,0.020093045640490897,0.01540065773642416,0.00096254110852651,0.01804764578487206
389,41.56967164387873,1.7577123474490335,591.5572437668287,0.29368832395006467,0.09816952827219637,0.0013712277511627121,0.008668975626813999,0.42940489446445435,-0.865083036961919,-0.18243509406581107,0.4317789773402805,-0.8441389956988495,-0.09832209672343252,0.4537501835856908,0.3314491030527678,0.13963842361086826,0.15123159772004058,0.07221281952652375,0.9366171276707347,1.0182851348043502,0.26075287617582266,0.8954572157918662,1.195864601181942,1.9024488582718468,0.2440248977165437,0.7461558904780221,0.18329230338846733,0.31947232227156697,0.46953246844074553,0.4413169213553869,0.26158722942966045,0.28429555547784735,0.40458789383501764,0.0070287093051718715,0.636780081826765,0.16239465678217996,0.7557785781725356,0.20292338357170334,0.7658495646396475,0.7763052068398784,0.9453089484911005,0.18194216176522013,0.347938594957513,0.2098821554708536,0.8741476378641116,0.27135713536384937,0.18204706787425254,0.016155540790992063,0.40004196244361295,23.242812498734548,27.20522457826466,44.794722263629886,0.13463943589185934,0.09006004433975394,0.10820025694238788,0.07751347159548747,0.1017596531232756,0.1513294682691059,0.07996802519502005,0.10500583670561194,0.14962941301174493,0.07703824264438175,0.1111031400333057,0.5699094498157075,0.3534626717288062,0.22307197774987012,0.21502371909982387,0.5532287235807865,0.7694058384294616,0.7004193908454568,0.4477175429700183,0.5860536498764053,0.7151403674001042,0.5311263567378355,0.914535768583434,0.4199704131365253,0.6017465295000202,0.49637122312062953,0.45263647726915707,0.4553561140953917,0.45108614254917023,0.49082069448100224,0.0835437048286805,0.48093585586020166,0.3688189107573614,0.42963213753531915,0.40218296855928864,0.4234740605139606,0.41672713541457695,0.22738018457385928,0.3858035982641486,0.47632474529453245,0.4072314273307178,0.3316886977970061,0.44466769029236375,0.3858900623002283,0.12607575152898925,0.48991507815494073,0.36900265771436563,0.31273604699958035,2.0107952161141416,0.007375926703035389,0.004224891593229823,0.0027463281577843057,0.020274732410127286,0.013632908343824312,0.009115599979018044,0.021043029129948248,0.014645979682473076,0.010757352811582039,0.017080640649041825,0.013765701496712829,0.03572212896908659,0.023382291229542596,0.022726954818855782,0.017667505944887398,0.034934955937893405,0.08399356553364107,0.018484403413064766,0.05506294586655476,0.03470939991607218,0.07423695621765282,0.03701531682752832,0.05844593649461464,0.028996013428451536,0.024346062386347744,0.052511190376276405,0.05427017764722339,0.040663729192894106,0.012554203385088824,0.018499090781927543,0.0004895789620926003,0.02199608336830326,0.012659113162680095,0.01272905301440761,0.00790320324520912,0.012029654497132466,0.007868233319345363,0.0029374737725556023,0.014547489159322982,0.019548188557840258,0.01668065463701217,0.013183662050636452,0.019198489299202686,0.011889774793677437,0.0014687368862778011,0.019373338928521472
390,62.61517332874727,16.99282362479424,580.8723312777928,0.3328693708080485,0.08206589194899638,-0.008495368891727882,-0.007923521312925336,0.3920298073115004,-0.9031415994889812,-0.20495516281355183,0.41212179733680565,-0.8707217502395402,-0.11804102891678746,0.4218455642090263,0.3099265410412009,0.1237213473208363,0.8642417020858413,0.060969216028302575,0.1250671940643196,1.1893054566002508,0.047304375598850215,1.3947084981450997,0.008667420091885118,1.118935950667027,0.1298231088617547,0.3553546421639683,0.09948677001695208,0.1352259047244675,0.43227599931209004,0.4902864653711029,0.41558828587573393,0.2975947718841363,0.2518733262904454,0.8925140653023119,0.12080190649337887,0.0018671842370341252,0.07594034837726948,0.006338599120457951,0.8984350047908016,0.001228410682259293,0.7885905215831757,0.0382281404319092,0.15696631697909244,0.05751418814338009,0.5130580055524163,0.3578851681694224,0.3101245608431811,0.0024322531508734,0.44846817187922267,9.400988070552566,15.038882837405788,19.227099986103013,0.09610487874531831,0.04925911790437876,0.03455394419786805,0.06826979047075611,0.0903839341618058,0.09308793850137478,0.06538596861697446,0.0882092950270564,0.09405692799962907,0.05733767050198828,0.09652701297110701,0.49888451266202427,0.31701949748975533,0.43651003934591837,0.1836836818120724,0.23111586817912247,0.5217447301064788,0.09397696575303807,0.3415658329346829,0.07753539215513194,0.4032639551254189,0.26769983924276997,0.313935483159138,0.1951989707089366,0.31303267795340756,0.45167807036075724,0.48154208406812,0.6229251834686798,0.4572059265840394,0.4340942102510131,0.3097338623609507,0.3259009286664219,0.04317109737904708,0.2649059001671015,0.07936356863454254,0.3020791102521571,0.03502758674214322,0.4083131235404643,0.19174893226966486,0.3637734782153456,0.23282533816242168,0.499835599478467,0.47938400116285373,0.4625500773296639,0.04925847041597164,0.4973434906094849,0.2966242445088694,0.2444081371922756,1.8733231782222004,0.007150680556238022,0.002823939855535354,0.0020930175421355205,0.021513386762321257,0.018425087415851804,0.008581304555058721,0.020959435752542874,0.018158541472163534,0.010215243329566115,0.016297061569456043,0.017820672202840154,0.046927915090167555,0.02835536337280723,0.06819050660901185,0.018797356395263132,0.02220382290796521,0.12023586064566852,0.013475996265539776,0.052985111296742174,0.0014515257235516682,0.06514839565623311,0.02947349024617955,0.05218293941329665,0.025504397818289032,0.01948577465480812,0.06422903051447103,0.06000368532258857,0.0626200186723011,0.024470541988108694,0.020686944130509557,0.014888703257825169,0.020908063485823792,0.00024568817257137243,0.011891307552454424,0.001228440862856862,0.014765859171539482,0.00024568817257137243,0.02547786349565132,0.006879268831998428,0.023291238759766106,0.01051545378605474,0.04552601837747531,0.03196403125153555,0.028671809739079162,4.9137634514274483e-05,0.02530588177485136
391,55.475937270276894,36.2403038470963,627.0529674099486,0.25951815731438366,0.03336481254594462,-0.03547860818426856,0.023377205782896354,0.32792119358000493,-0.9191300047537369,-0.10133243896103895,0.3571975507963734,-0.904385413722127,-0.04159754962019113,0.3538396471453075,0.43202107326635625,0.25253369272237197,0.05530703259005146,0.05835089438863024,0.1877941680960549,0.09474344523401126,0.0942097525116393,0.3397770154373928,0.7509875030629748,1.5832668463611859,0.18033521195785346,0.5931457975986277,0.12865866209262436,0.13636167605978927,0.8157966184758637,0.6090840480274442,0.3995829453565303,0.32835089438863024,0.3154128889977947,0.04013722126929674,0.5063464837049743,0.044596912521440824,0.006125949522175937,0.0627297231070816,0.15275667728497916,0.6363146287674589,0.9346238666993384,0.1935800049007596,0.264101935800049,0.052830188679245285,0.43557951482479784,0.31085518255329575,0.27365841705464344,0.008135260965449644,0.4210242587601078,20.66037720606262,22.33624099831301,43.691420306861886,0.06803388432196052,0.13505174288760277,0.09227757818995992,0.09873774349502039,0.08728612893922774,0.11965526736873923,0.08478828702518539,0.08754091171962766,0.11806872689926186,0.0927963901209558,0.09026176328254078,0.740133780265754,0.6293607879241133,0.19538510239933574,0.16654279635826388,0.42128687567581236,0.3224123519015557,0.2689067499005986,0.5087846841287911,0.46072813855250405,0.6396633595013888,0.42589626122558033,0.5854981178729406,0.24197271200144282,0.27749340925416066,0.9660199627928374,0.6858722119191952,0.6119795377780997,0.4696247364016412,0.46469149019868156,0.19628579395430748,0.4999719718844854,0.20642217936635174,0.07803025476179602,0.24248213640262484,0.35976161246788146,0.48107137079183504,0.2471944358371282,0.3951131956751875,0.44086463739215065,0.22369982624596332,0.49584478438103047,0.46285498502506633,0.4458466435020191,0.08983025080669192,0.4937355355973654,0.5410115663595373,0.345584199176632,1.751715349931386,0.0058650754753969804,0.0040221525191139,0.003193246422270143,0.01917588178788473,0.01587878680650853,0.007712293373848264,0.019172943834542246,0.015604431189962754,0.008159796510488138,0.014839541266418349,0.014646441874142326,0.03619486375220545,0.028945304842187807,0.014130562634777497,0.01628553224857871,0.017623015095079398,0.018044501078219956,0.01643893354244266,0.039509900019604006,0.03705694961772201,0.07311066457557341,0.03518525779258969,0.06430405802783769,0.02898843364046265,0.019913252303469912,0.09092726916290923,0.06766173299353068,0.07060380317584787,0.015144089394236424,0.015536169378553224,0.005391099784356009,0.03425798862968046,0.0020584199176632034,0.0007841599686336013,0.00617525975298961,0.015095079396196824,0.020388159184473634,0.003871789845128406,0.01891785924328563,0.023622819055087237,0.011076259556949618,0.03371887865124486,0.021956479121740834,0.02479905900803764,0.0004900999803960007,0.032052538717898454
392,16.923674444613898,48.957516140511416,658.9594987545117,0.22480361954145697,-0.09080499212038025,0.04252554521885007,0.09647329180011181,0.29865313349600936,-0.9214064112653144,-0.031242674088760095,0.2912612276955925,-0.9295680855574197,0.03503101011641503,0.30267917238574554,0.14761425448629964,0.061785877687967054,0.2605541151949571,0.05896599054445631,0.02029688373748157,0.2078918204463423,0.06258959890193685,0.03159269991357837,0.10127243149814448,0.2844786741904326,0.13426363682578416,0.32579838340704587,0.0834873671902801,0.1513537695084134,0.6479126633114738,0.6079274058258349,0.594901631843831,0.02780743226068832,0.03095928015860912,0.505261552539271,0.07783030857607645,0.010014742514361243,0.0487519699049362,0.02363885923440598,0.06517208072797519,0.05658075339332012,0.8639113415688069,0.3149814447664074,0.15398302069035635,0.06390117431752326,0.06217274159930863,0.3170148950231305,0.3195058715876163,0.015352549438259366,0.4023689695490824,34.993716819138335,32.09374883204649,37.60464346459803,0.17279184317182072,0.12824212411309982,0.07020740242335184,0.0854621818780635,0.08996127158654652,0.13397405970803777,0.06928649835073182,0.09146977334821181,0.13327765233236363,0.07200713088305107,0.09546999684591684,0.23733261160001518,0.1522227053171515,0.39472304424050825,0.20210259393996585,0.1372165129956618,0.3967249423822286,0.13962297366618975,0.1531019379091812,0.31323357831276194,0.39240899707634025,0.260305314145553,0.37244345192252143,0.16875680582569494,0.35506291279804697,0.7672954931879938,0.6643217181552763,0.8949583576085614,0.16442491708395796,0.17321180195568625,0.49998502414340323,0.26791118021929544,0.09957384940708804,0.21535452862085047,0.15192510303492116,0.2468355281593744,0.23104563506837297,0.34289140048364475,0.4645202940895618,0.3609416475271182,0.2445830233410947,0.2414751665834067,0.4653251108654829,0.4662970331071502,0.12295371969594254,0.49038801679566285,0.4951804778851043,0.4929486527707168,2.227391967463141,0.005835434672089477,0.0053965429588205376,0.003614590747330962,0.01615190981189629,0.014462374173868836,0.006545489171326894,0.015782279410269443,0.015330520488052871,0.005896765632943568,0.012090696492119978,0.013601881037112353,0.031128622267412306,0.021035078800203357,0.0401825114387392,0.016968479918657853,0.0029954245043213017,0.045869852567361466,0.015425521098118964,0.005910523640061006,0.010336553126588714,0.04223792577529232,0.03074428063040163,0.04994763599389934,0.022507880020335536,0.01975292323335028,0.08396136248093543,0.06829181494661922,0.08225927808845958,0.006914082358922217,0.005388917132689374,0.039044229791560754,0.017641077783426537,0.0009150991357397051,0.006507371631926792,0.003253685815963396,0.006710726995424504,0.0036603965429588205,0.01728520589730554,0.021352313167259787,0.023284189120488054,0.010371123538383325,0.009150991357397052,0.02674123029994916,0.026842907981698017,0.0019318759532282665,0.029486527707168277
393,32.58361722386796,22.558484976724504,476.30895577655525,0.3062260897164621,0.05556622936944562,0.006918747355057128,0.08339691869445619,0.4489102148222598,-0.814687002221752,-0.16482572460854847,0.4563572517985612,-0.797955326756242,-0.04708093525179856,0.4844231379602201,0.3210447524333474,0.20388700804062634,0.6810362886161658,0.13039145154464662,1.6489721752010156,1.2423709267879812,0.0857707363520948,1.7225539568345325,1.0796556284384256,2.0183648963182392,0.18529623360135422,0.5530046550994497,0.16782585696148966,0.37939589504866694,0.6809775708844689,0.542078396106644,0.25693768514600085,0.22376216673719848,0.2532797291578502,0.08802369868810833,0.0108442657638595,0.5088341091832417,0.7081570038087177,0.09849767245027508,0.8696043165467626,0.4117647058823529,0.8460114261531951,0.23788616165890816,0.3058082945408379,0.2681972069403301,0.588076597545493,0.3332628015234871,0.20820990266610243,0.05649597968683876,0.41985823106220904,30.013281967204417,60.76085245693044,76.44891482547078,0.20075286322472527,0.14654185626200691,0.1987936816211875,0.0930142151313991,0.1654883127637592,0.200892974909915,0.10923363531843071,0.1614091576103696,0.19605938136804824,0.101362711638164,0.17618454240080067,0.6597412468007813,0.5411014052023532,0.46544303793026415,0.38969436661775203,0.6954002457897056,0.6902362932814698,0.1725020204666812,0.6615221768666374,0.5648183768924153,0.8177643010316207,0.408821246345322,0.5577100484125465,0.3407664468391265,0.8047352880509872,0.7092942106281165,0.6467580835302791,0.46072734155489026,0.41677553683430074,0.43490126833407444,0.28333685581946666,0.10357236659643813,0.499935175598216,0.45462247523143534,0.2979942590408422,0.33674715715049786,0.49216597446576255,0.360947343517737,0.42580033657384986,0.4607611224931669,0.44303255862703206,0.49219440061308195,0.4713920463092776,0.4060384961890901,0.23088309562562429,0.4935485614545553,0.6435856742316034,0.766010686134476,2.269396392107073,0.011369359360947998,0.006002539279479448,0.006233878220388298,0.01893057736867164,0.014840588795429297,0.01134247378722954,0.01811643035497011,0.014912087552240386,0.012160375072739777,0.015843622705390678,0.01485499656139237,0.05167380839020261,0.04067396709517007,0.0677760143892504,0.025088081256943343,0.05497804581283394,0.1058514521504523,0.01371316722213405,0.0698756811088187,0.04748875839813786,0.09038036290535895,0.042261016769824904,0.07479870919959795,0.038355287520499395,0.042498016187906676,0.09027085647780775,0.07469184785483786,0.0465576892556737,0.017457546421202983,0.016928529862984713,0.010051314606147173,0.0031740993493096334,0.024546368301327833,0.02650372956673544,0.007829445061630429,0.00819975665238322,0.02496958154790245,0.011691265936623816,0.025816008041051684,0.033433846479394805,0.023911548431465906,0.027667565994815638,0.031317780246521716,0.027297254404062846,0.00571337882875734,0.023699941808178596
395,42.25075342979234,66.53720668715796,619.4091910937851,0.03751521853212384,0.20641060049478968,-0.10797353624709499,-0.09782319293050451,0.09732069945273258,-0.9671869832821051,-0.1990172534672764,0.15280971973161406,-0.9458907168828247,-0.15123611215233526,0.12787765199790088,0.2826962291026314,0.09521553339830573,0.17996214109003672,0.07657957867906141,0.8455180298373193,0.6667497563535496,0.16958954944148735,0.9908696304070771,0.5751679286303321,0.6458568858235251,0.17376864832446212,0.41278918959442235,0.10467801184496589,0.21621373416298076,0.5513509258565109,0.7037172951495615,0.36095996701401906,0.5958092810555514,0.2993102931254217,0.0015368468400929604,0.2946997526051428,0.2898643076692406,0.47181197990853885,0.09712122348002099,0.5760551765499663,0.16995277007271908,0.4251817977359622,0.1460379338781018,0.2702601394407377,0.1692030886873079,0.002923757403103681,0.41408651323187645,0.5017617512557163,0.004648024589549441,0.3516380538271235,16.66943304735735,20.054038485950755,42.47691628668708,0.11953533966695334,0.09796439730389503,0.10861588018433917,0.09110565009894757,0.06906446815041624,0.12642818650200635,0.06845926375738998,0.0741708183455274,0.12525798260025425,0.07440633674268719,0.07191361096635769,0.5118099921750763,0.2630390146163442,0.2949924352556795,0.22875816707809002,0.49387524331868765,0.5641784624196617,0.36401486070816763,0.3848945150347123,0.4458509352671743,0.3453997132843029,0.2798598428859255,0.3955968791837112,0.18774162091692922,0.3920686976489049,0.6048076096816796,0.7241831302416466,0.5991601034784113,0.4907439341830823,0.45796452170977264,0.03917323656246772,0.4559162202019089,0.4537077329412223,0.49921415956222376,0.2961283142185235,0.49419102041412766,0.3755983413824358,0.494379811626312,0.3531508609536739,0.44410245365265216,0.37493822548086364,0.053993687813904206,0.4925728042379743,0.500006267445554,0.06801906997694977,0.47749060639304086,0.5433182141920005,0.564066424260599,1.997417250815309,0.007367320163436666,0.007447126738388875,0.0052478164711174426,0.024592028189076732,0.01739008066874086,0.004840533868126101,0.014716093413802152,0.014466588559433223,0.005210210743336957,0.015415976309180192,0.014122090190051355,0.04354687558571054,0.025948195074408667,0.03667991153428047,0.019737601679349254,0.04524196873711436,0.09711249390861042,0.015184615961314988,0.06217640664242606,0.03655508490459947,0.06710012370206545,0.034328822581249765,0.070901900513551,0.03006185103272482,0.04919593657457735,0.08456648048881059,0.07672077070135322,0.07535030175806876,0.028339018630280766,0.030663118041758818,0.0005247966413014956,0.03842261123814522,0.01795554222738689,0.01874273718933913,0.004610713348577426,0.028376504104659445,0.007084754657570191,0.026577201334482888,0.02526520973122915,0.043258237432994714,0.02826404768152341,0.0009746223338456348,0.02998837950294261,0.015893841136559582,0.0007497094875735653,0.034486636428384
396,23.68350489044548,-13.748618288984751,506.0843206765473,0.32517340793576216,0.051345961645239815,0.014548797676504506,0.07042591231367189,0.5441788086960235,-0.8181918104044761,-0.15250906534831074,0.5419455367103746,-0.8072308409003545,-0.050376286678341084,0.5826577115277838,0.219830008969376,0.12258745141588007,0.06416648870285738,0.06980096527570154,0.6413513859821466,0.99943962755734,0.08379191047708538,0.39095032674155383,0.6232755306880793,1.4553196941869901,0.16260453594157093,0.4151518387220775,0.1152962029641652,0.19359074018707556,0.4624264297612438,0.5819783880750011,0.2731183530517234,0.2401657198992013,0.3178148891641396,0.016102165463631316,0.12176995686157263,0.24571819074872933,0.3718874129756973,0.04155810874300602,0.24131892538333405,0.6579677956690727,0.9544270277196429,0.2648101482082604,0.3363515995387178,0.0874727715371802,0.780848246700551,0.2437961816085081,0.1783624482125315,0.010934096442147524,0.48733609533165334,21.148429329679523,17.834645210510935,23.169537568347316,0.10532558641869262,0.09805517326768838,0.08605298956216244,0.06400261322160306,0.07869285059763717,0.09176287396480297,0.07018928776554113,0.08332210744409872,0.09371720612667638,0.07538330122085352,0.08968444283541273,0.3610400647971026,0.2882031957100282,0.20170385815885872,0.23484990831072636,0.3448636836245378,0.6512209697221232,0.18583787226957013,0.3970067591207157,0.3501280854419656,0.7058210147089286,0.3026521511474188,0.4157583394300403,0.2226016000783092,0.37181333685173545,0.5498717234861591,0.6277318754127357,0.4512090573173575,0.42719309619960383,0.46563703242428683,0.12587121366855233,0.3270269137202925,0.4305214024524157,0.4833188826094426,0.199581396049604,0.42789241840884884,0.4744004510536702,0.20856158402697428,0.4412414863233415,0.4724708831442565,0.2825326444756679,0.4136805187333773,0.42938034191016944,0.3828257369353807,0.10399521094823215,0.4998502745353601,0.38684862463693837,0.30659063728002733,1.3807790876473602,0.00528246198530668,0.0035240902101486412,0.0025650948231676065,0.01559442516658124,0.008791360883307706,0.0070519250811549635,0.01775318669912865,0.01018263540064924,0.008646679309755682,0.014564283273534939,0.009921963095848283,0.032585853408508454,0.025336579531864006,0.016706817016914403,0.017898940714163675,0.03832222791730736,0.09475439945327184,0.01595762856654707,0.04769519904322569,0.03600034170510849,0.07546685460447633,0.03289082521783701,0.05334828293182983,0.027214249103024096,0.019647616606868274,0.07427387664445584,0.0763522979668546,0.04372629420809842,0.019306338629762516,0.02144199555783359,0.0016230992653340167,0.013369212369724928,0.02092943789509653,0.04339654877840424,0.005894413121476166,0.03143686998120622,0.021100290449342217,0.004912010934563471,0.017597813087305656,0.0280198188962925,0.01144712113446096,0.02686656415513412,0.03271826413804886,0.026909277293695542,0.0009396890483512728,0.016230992653340166
397,25.928973041015418,12.35498094338963,413.9740934997727,0.1037836637644673,0.06185121857407601,-0.03713640337074722,0.07411029186335186,0.327385062729466,-0.9280050373789294,-0.17450298930032518,0.3595773401167872,-0.9028961604251897,-0.05425581314031958,0.35708475820832897,0.18549529703835796,0.08602153921465786,0.005500541976992202,0.06289240882548341,1.504614497010385,0.8667785586908633,0.08071750760516103,0.9651057729291234,0.8357089408720585,1.4367320535683068,0.21955173257806218,0.7535997762159515,0.12947200951082208,0.17403685443546976,0.8671359138431414,0.9667540823105704,0.3306234483723207,0.41137802021049685,0.3629497534878842,0.0035315920137067728,0.4053638239099269,0.5941466484842127,0.23521801461589567,0.12458477569145775,0.2443791740969964,0.34466240078324417,0.8321969299625861,0.20913318647505158,0.2564075666981363,0.07916360711913004,0.5435854400503514,0.30413650826951993,0.33861323822511274,0.008461834329871673,0.27266687646421206,17.659719668018425,22.182417537461983,22.746510931551423,0.0757581967538873,0.10139101838338486,0.06440551246618777,0.09669045473844928,0.07709861805635337,0.07433674743491851,0.08806632644880193,0.07980545064992166,0.07478373116814177,0.09567937161314075,0.08243983294428422,0.3110265000112844,0.19912862933130293,0.09101586304451198,0.1631320804366634,0.7324427009129222,0.5966859107693386,0.19741747183044475,0.48131815617172313,0.6219613256983829,0.6845268114921853,0.48705605212985903,0.8336889078156903,0.28452049781571837,0.363109335570078,0.8346810933188747,0.9089702087470083,0.5167338797754367,0.492092076687516,0.48085893463135815,0.05932320731645341,0.49097089819682316,0.49106500640133194,0.4241424177485683,0.3302532710360414,0.4297260178176606,0.4752663762381196,0.3736978495578873,0.40669679158877936,0.4366570661665021,0.26999866563005204,0.4981053953315262,0.4600487941914971,0.4732463885142135,0.0915998093606345,0.44533873139662145,1.0188719490873488,0.787757885166795,1.8799601370725225,0.008661304986362684,0.00555731170011889,0.00448020840618225,0.017659858941184697,0.015604293936638928,0.0075636061612700195,0.020868378522973637,0.017272763584866076,0.010717081334359045,0.015569480383243585,0.015958318763549903,0.03209874816420728,0.026079446115112946,0.001501503601650465,0.021091684733198127,0.060783621232254004,0.13509406252185469,0.020199314637387233,0.0780711937897755,0.04706657808238338,0.09100146863417022,0.04411497307504021,0.07247045247919436,0.03724036645919295,0.03275543744317785,0.13402720469962934,0.10918106161270018,0.08489964333170152,0.023428211763060355,0.025736065459123016,0.0007692845653542205,0.043219805580809845,0.029162878522973633,0.03056157773270858,0.010070634310091614,0.018602699489474787,0.025736065459123016,0.01660955311560249,0.021505000349674803,0.017623610042660325,0.012448422966641023,0.04734596824952794,0.04517798447443877,0.03919854535282188,0.0011888943282747045,0.03405832575704595
399,73.1807646898556,2.6476432658250846,640.609953682681,0.3932682317682318,0.01157115611661066,0.04373076923076922,0.01654315697938425,0.42550488107347195,-0.87822419189901,-0.12091364876033055,0.4172453370720189,-0.8758360444555444,-0.05802538370720188,0.4408873853419308,0.44840432294977745,0.13681182453909727,0.11575924075924075,0.08568613204976841,0.049225774225774226,0.3577463445645264,0.10549041867223684,0.39687176459903734,0.7617750431386796,1.2936263736263738,0.16909953682680956,0.5793406593406594,0.15909454182181457,0.1512528380710199,0.7237476160203432,0.48744664426482603,0.47745663427481605,0.24480065389156297,0.23785305603487422,0.04091363182272273,0.08841158841158842,0.0034510943601852692,0.11247843066024885,0.13500136227408954,0.17795840523113252,0.22046135682499318,0.9015529924620834,0.18622286804104987,0.2114703478339842,0.17673235855054037,0.3630460448642267,0.3707201889020071,0.20656616111161566,0.00949050949050949,0.42157842157842157,26.43722024397308,20.957059265957604,69.52294698183354,0.1631825471307146,0.10746257101276577,0.15923239515389004,0.07949496784129455,0.10341414674844977,0.12074481325040885,0.07657408941861846,0.09230378400493605,0.11837556840216559,0.07891339297986626,0.10524531788332808,0.75149099718842,0.321765136631622,0.4166032520621822,0.2390817301294268,0.18334215383434863,0.38169030841049,0.2407170929443556,0.4376299534975739,0.3878471687996705,0.6623662776536686,0.3018273850938232,0.5199971454780173,0.2864708432521125,0.30074790853978906,0.787614140430465,0.49478766856607903,0.7407362293598371,0.42997870768635366,0.42577836002481556,0.19809464524794518,0.2838989949976865,0.05864589060950786,0.3159613371310282,0.34173278653950767,0.38248641074832956,0.4145671854551637,0.2979248642266762,0.3892952520263743,0.40836039495440546,0.3814507035406477,0.4808888803272647,0.483008617182411,0.40485062052009396,0.0969580662211839,0.4938229739097781,0.6303483038917398,0.44660097179964575,2.5207211298306156,0.010619772035784023,0.006883293220108079,0.005605785386676354,0.020060879478679444,0.017090020162572092,0.009144938876526952,0.021995467826165935,0.019089583352254667,0.010681875391671586,0.017188865174151947,0.018587620907315743,0.05650969529085873,0.03134280913673312,0.023333181962671996,0.02146042414059307,0.009921438626765361,0.07888560919122654,0.02089732528041415,0.06675945688206712,0.051689750692520776,0.12161028109531809,0.05027201307842514,0.10477226284001635,0.047009672585259524,0.03691794196448844,0.12027610008628127,0.09707597293492576,0.07276599609463694,0.016892965805367605,0.021434085645520184,0.004631942236955633,0.016438853821352347,0.0006357567776213614,0.017982834567004224,0.014349938694882158,0.02552109350165751,0.03251441805549248,0.017619544979792016,0.033604286817129105,0.043367694473457154,0.029244811770582625,0.05358521411380046,0.03369510921393216,0.038327051450887786,0.002724671904091549,0.024976159120839198
400,60.331066752063755,24.970530885283235,609.0975768573869,0.23288976658126953,0.08289994306860232,-0.08568033020210644,0.010310788820096783,0.3532888242954739,-0.9190330698477085,-0.17830566819669794,0.37870307105750073,-0.8914665915172219,-0.092288072872189,0.3820349772274409,0.2765716623968118,0.15587389695417023,0.18400654711073156,0.08980287503558212,0.1860592798178195,0.018465343011670937,0.0909361656703672,0.009133575291773412,0.08818602334187305,0.9996484486194136,0.25642328494164535,0.4173085681753487,0.18754803586678054,0.16236763450042696,0.5526636777682893,0.40445310276117274,0.23079312553373185,0.28419442072302875,0.34493310560774265,0.017648733276401936,0.249466268146883,0.031347850839738116,0.024089097637347,0.020637631653857104,0.0009607173356105893,0.06024053515513806,0.9710361514375178,0.3344007970395673,0.29760888129803587,0.09774409336749217,0.4560204953031597,0.27583262169086253,0.1643182465129519,0.002739823512667236,0.29284087674352405,20.296222336384407,21.46409786586163,24.817549992651642,0.09032737126595244,0.11240758707233467,0.13013229742933075,0.08187323761860314,0.10525896532225179,0.08184936843312639,0.09535413722235847,0.08878403188426162,0.08441818322122666,0.08204601718843144,0.1003924258637769,0.48428132152699505,0.409982166132363,0.23656500718808257,0.2430780703698744,0.27977870238576913,0.12011202208261858,0.19496471400447196,0.06374599614871773,0.2962874052420504,0.7062324437116028,0.4407398064687475,0.42203175268440446,0.35108963802300125,0.32089775821478916,0.6070237281491213,0.455273777534747,0.3768234355092591,0.4510379037386605,0.47535491843661115,0.13167335496774102,0.4327118112358903,0.17425912768896482,0.15332856725222527,0.1421704576030736,0.030981099246921225,0.23793618369719555,0.1677079151971705,0.47178896131589615,0.45721469064897297,0.2969736077247439,0.49807090879594534,0.4469408173887204,0.3705707039247654,0.05227249855213013,0.45507413290737364,0.45989040315980495,0.35886560153720254,2.1804113439846278,0.007163292175212612,0.00483393232039284,0.003272355264562502,0.027571518948155002,0.02035215140732306,0.008510065224353273,0.02257458370992421,0.01699755182720706,0.009610519980073302,0.019868234708038286,0.016992954488844608,0.029668718642137853,0.023844429420346584,0.030870725545315444,0.018280966444863538,0.019807849695762016,0.005762374123759031,0.01417713411379568,0.002524997331245774,0.007768565633562254,0.06782798989431733,0.03337579617834395,0.05059175177027364,0.026217129843788923,0.02237127708785539,0.07988613315304416,0.05868127957869267,0.043465110486424936,0.01907269686510337,0.024018788029747714,0.001921503042379817,0.02031811550368288,0.003060171511938227,0.004270006760844038,0.002562004056506423,0.00014233355869480127,0.002562004056506423,0.0035583389673700316,0.016403942639575845,0.02473045582322172,0.009856598939614988,0.034231220866099706,0.03003238088460307,0.024979539550937624,0.0006405010141266057,0.025335373447674624
401,19.228030113818818,-33.360605844364365,596.2080529489422,0.30427155956755986,0.0722252470831698,-0.027589717058550685,0.029754794519570412,0.4550207573411353,-0.8753877650123096,-0.12527272251757232,0.43995164762550404,-0.8755411951689441,-0.053342063010668274,0.46937003603667893,0.3999525457594462,0.15714739358475754,0.7431473222249972,0.08269026296071645,0.7370321475719841,1.8009055553573339,0.08082456202947158,1.485140043529454,1.3776340671495342,1.1345292039818746,0.2237121347272273,1.079871909230385,0.1268216362793021,0.13553002461911728,1.1542205730188748,0.4381153887322939,0.32363827737538803,0.4555607093160167,0.4950940164841046,0.34060013558354446,0.25339850858101115,0.6022050165911442,0.6498019766653584,0.04199521889606451,0.9658543547293681,0.8281656973632568,0.8497163449530809,0.22870803154101402,0.43097727191636637,0.16919399150818853,0.8824347950190887,0.46490883790630466,0.4087130267242302,0.0006779177221964535,0.22178613479858708,11.441811557675132,16.97984925225067,31.83062796251259,0.09490536628998496,0.07701360838059597,0.09423414554555284,0.076832335604039,0.08130871411862295,0.0817819972774866,0.06721727822941516,0.08135713912167726,0.08046920502856227,0.07591009314211515,0.08890581794400496,0.5982356202257931,0.33876297365552205,0.7333219641279071,0.22010659223448864,0.44448824182222,0.6585155033329004,0.17094957763925642,0.44807330050772615,0.48298353693001395,0.6454938486710567,0.4183599415082092,0.9129245788497049,0.22665777805682735,0.29033927704087625,1.0528857160850613,0.4900974309856413,0.5760753569138918,0.4980301188350623,0.4999848505258299,0.4739195046780366,0.43496488923290894,0.4894514093876246,0.4770403414468701,0.20058179378137697,0.18160643417604935,0.377243095048512,0.3573556135022568,0.42000828804793705,0.4952217819384254,0.37492986057668304,0.3220983223349713,0.49877598848952986,0.4916048326210156,0.026028490587180764,0.41545541718849327,0.3309641047598659,0.4046777991864696,2.1101869692428465,0.007863448226646684,0.004269963605223722,0.0032415970884178973,0.018802299614643542,0.013892834189681012,0.008378184721330194,0.01869544829800899,0.01597898597730679,0.009715497323913509,0.01549917933347606,0.015184114750588739,0.03296439020909156,0.023635195889531148,0.05322557625062443,0.017668593448940267,0.04416256333404696,0.11118140298294442,0.01427317490901306,0.06428387925497753,0.044783058588453585,0.08296510383215584,0.04701955327196175,0.10468065367872689,0.03117319631770499,0.027434525083850712,0.10238350103475342,0.07533575965175195,0.07186612431313781,0.008349389852280027,0.011346606722329266,0.018054663526725183,0.03279097980446728,0.025404981088988796,0.029151502176550347,0.004709912224363092,0.005673303361164633,0.017376721615642618,0.017269678155998003,0.020516663098551345,0.02922286448298009,0.02001712695354314,0.02265753229144366,0.03054306715193035,0.03332619710269036,0.00021408691928923143,0.0322557625062442
402,19.939245569822795,-15.96039441577663,613.781807272291,0.26296487859514384,0.11319540781631265,0.025985399415976634,0.00473200840033601,0.39620031129245176,-0.8902323373734949,-0.20751334137365496,0.38858132625305014,-0.8685097317892717,-0.11235549421976877,0.41345765830633224,0.33200088003520145,0.18698107924316973,0.37609304372174884,0.1340925637025481,0.5746109844393775,0.5582203288131525,0.07969678787151488,0.41680107204288175,0.5579863194527781,1.1680627225089004,0.22100284011360452,0.612463698547942,0.13149525981039242,0.25495339813592544,0.8781683267330694,0.7004296171846874,0.5491047641905676,0.515420616824673,0.49181967278691147,0.7790311612464499,0.0641225649025961,0.3254530181207248,0.6771070842833713,0.018000720028801154,0.38369534781391257,0.40861634465378616,0.9093163726549062,0.2830913236529461,0.40341613664546583,0.15120604824192968,0.1391255650226009,0.42397695907836314,0.313052522100884,0.009920396815872635,0.421456858274331,12.705654227107233,16.46850698752722,21.266015059470455,0.09254485318225172,0.11244488145496917,0.06538456146600409,0.1149836592970305,0.10305960286082794,0.11281705210376833,0.12264601806057633,0.09907780707920678,0.11338477161964598,0.12190396759375778,0.1067097358007694,0.5861428782447988,0.5753980544941781,0.4272487233695765,0.40629618472178264,0.7188104887621863,0.5591569452455135,0.2048742100447027,0.4707681436555235,0.7285450813010681,0.6244022560499305,0.36957129351071,0.6374472037332072,0.25977818819929005,0.5302684787927183,0.9085224764168198,0.8039494226693406,0.8519159884947323,0.4997721439458651,0.499943077129641,0.41490781779672203,0.2449760441338008,0.46855323406578514,0.467591516945661,0.1329563884571507,0.4862948566103719,0.49158793137136164,0.28716442283961685,0.4505094280922135,0.4905926874423903,0.35825677012294715,0.3460844309538937,0.49419658725089244,0.4637448039826261,0.09910789803857427,0.49380231764051014,0.4216817345387631,0.42469397551804144,2.204800384030722,0.007197975838067044,0.0058522281782542596,0.0037965037202976233,0.022985894991599327,0.019242565645251623,0.011668199295943675,0.022354016121289705,0.017028916153292262,0.011836990199215936,0.01805596447715817,0.01770057604608369,0.04691495319625571,0.033721497719817584,0.04956236498919914,0.028427874229938394,0.04339907192575406,0.08462757020561645,0.01794783582686615,0.059383150652052165,0.03426954156332507,0.0707328586286903,0.03815145211616929,0.06591007280582448,0.028291063285062805,0.03557644611568926,0.11587006960556845,0.08933794703576288,0.06616689335146812,0.02236178894311545,0.022561804944395553,0.023561884950796065,0.008560684854788383,0.01232098567885431,0.02320185614849188,0.0031202496199695976,0.034482758620689655,0.012160972877830226,0.009280742459396751,0.020481638531082487,0.03404272341787343,0.01568125450036003,0.017281382510600848,0.03432274581966557,0.03656292503400272,0.0015201216097287782,0.0265621249699976
403,27.317872323981756,-4.362072030296003,591.8042120720303,0.2470913130844733,-0.01746777185253883,-0.007921980060282866,0.06613667300409613,0.36654589419584194,-0.911830326686761,-0.10573020755081537,0.3679821066543009,-0.9077613034624005,-0.021408184558312077,0.3799897209985315,0.26829159904165706,0.12821663188809027,0.09841602905943272,0.06582541154648737,0.8228394775484967,0.28138109591158517,0.08494010356287193,0.7835706005100859,1.1659108122729733,1.450745807249401,0.14302805471829352,0.5653141664734523,0.09645799520828502,0.16514722930674705,1.1776764046680577,0.6126539918077132,0.4134137104876729,0.28124275446325064,0.20040188577169796,0.07856093979441997,0.2807017543859649,0.3249864749980679,0.2129994589999227,0.08277301182471597,0.7642785377540768,0.7781513254501894,0.9704768529252648,0.3232089033155576,0.28526161218023033,0.07160522451503207,0.4553288507612644,0.4584202797743257,0.4373985624855089,0.001970785995826571,0.37672926810418117,44.70987636051406,47.997229531807264,84.6360648551306,0.09417086637766656,0.10510785834518516,0.11241367802479249,0.07900432604751423,0.0681146743896359,0.09539943761727597,0.07336373094155152,0.07027825673237093,0.09594401707070294,0.07754263670565768,0.07275717539928904,0.4785590745019898,0.35347297821646345,0.21292115092231811,0.19678070620604582,0.5451478506301217,0.38792730353621085,0.185522395490923,0.5264144783153029,0.5964736412103774,0.5740876753926705,0.25072179464689787,0.4620010960859177,0.18287275531308017,0.3293644664714527,1.1669548632015914,0.6360141552166784,0.7363203329770617,0.4496143673180337,0.4003088337269747,0.2690574584804048,0.44935073393288955,0.4683788461160844,0.4094351810064344,0.2755441421643887,0.4244570844362857,0.41549790781250806,0.16927090146124948,0.46771076680916085,0.4515476762145532,0.25783809907277366,0.49801011274803597,0.4982777550160018,0.49607516533813667,0.044350625790919224,0.4845754848523301,0.8057309579935851,0.7960582756888356,2.3374772964408543,0.007931908644742436,0.0059805618889361215,0.004785369246821501,0.01937285187618348,0.018187524172044674,0.00904787173938246,0.017226586775901376,0.017606356223673535,0.008614404026741894,0.015151640452911853,0.017141670209065967,0.034589017274027134,0.02631912509178035,0.022875140085790467,0.020482281562777756,0.04997951849132435,0.05838930324226147,0.015444603315685744,0.07473354716543648,0.049357344359856246,0.08140240367894268,0.03851219229431542,0.06748232020713375,0.027808478571704605,0.023034354832476716,0.12339529311744021,0.08028210379874019,0.09556787881129962,0.014839432700854041,0.015921474668624647,0.013989256869034277,0.03694400432816787,0.02434594427483866,0.025427986242609266,0.008656335742164857,0.0271669822622406,0.02152490628743672,0.005526142906828457,0.02079066352359238,0.034509409900684004,0.013293658461181744,0.04645051590215249,0.02952428797774085,0.027051049194265177,0.00030915484793445915,0.030644974301503265
404,14.897697523584906,7.749643278301887,510.1090713443396,0.23170987617924524,0.031396580188679246,-0.07477653301886793,0.05824383080778302,0.35523622379127356,-0.9187824829599057,-0.024703080866745285,0.3533142460790094,-0.9207846609375001,0.017846874999999998,0.3657604658018868,0.5026079009433964,0.1845333136792453,0.12726857311320758,0.1070878537735849,0.9269743514150943,0.368278891509434,0.11591067216981131,1.2885041273584907,0.28208962264150944,0.6770580778301887,0.37183195754716986,0.7093095518867925,0.21895607311320753,0.24621727594339624,0.601329304245283,0.5086860259433963,0.4571314858490566,0.40203419811320756,0.3870872641509434,0.045430424528301885,0.17446933962264152,0.3955483490566038,0.6578714622641509,0.13617334905660378,0.8998820754716981,0.3313679245283019,0.4030365566037736,0.24516509433962264,0.39911556603773585,0.18808962264150944,0.6025353773584906,0.23640919811320754,0.22361438679245282,0.01875,0.38231132075471697,33.80619512286604,25.667622067450605,23.572964196717034,0.09183034126763734,0.09636671582779242,0.14894363905786126,0.10386356882702139,0.07176957160695295,0.07242227598143339,0.09752974407567787,0.08141531440688235,0.07418751688283316,0.09850030513356363,0.07965323975381833,0.7763985877721967,0.4403619909898137,0.2287367349613475,0.3044021649608434,0.6702316461912203,0.5119285237785635,0.25117131009621907,0.6857473962170424,0.42140317144781547,0.5720255753113805,0.7012746344064146,0.6504242692236363,0.4157801688535658,0.5072277077240455,0.6273700758828767,0.5204670214939527,0.8482500789252464,0.4903160095420998,0.4870910681883921,0.20824932073532373,0.3795181622011776,0.4889753587478515,0.4744293805311507,0.3429776028198057,0.3001615929420357,0.4707119663334076,0.490515222962508,0.4301913838883467,0.4897238011640039,0.390789481369498,0.4893807892952114,0.4248825852495241,0.41667266674387293,0.1356428395557488,0.485959192662941,0.49819570152421944,0.44792888941301334,1.5670627082166337,0.005859134998083669,0.004061676346590407,0.003352693180813114,0.015860638226362803,0.014156701435773458,0.007134196703912262,0.01559244960051888,0.016063341843804358,0.007688658303605649,0.012163477696866064,0.013921666322709986,0.03814322356201539,0.027638786520829035,0.022234735693858903,0.019254105368672426,0.04189628231964386,0.051774816474542296,0.01807806833927887,0.0767528523836198,0.028683039004687636,0.08602847961319612,0.06870721424570299,0.08491288068634098,0.04959373802293699,0.025294967422388636,0.0868955452696129,0.08805772575842447,0.07475751053981544,0.008137032341755359,0.010082844423479466,0.005424688227836905,0.019635012824670537,0.01783661074913765,0.026858103128040333,0.010141808425955953,0.007606356319466966,0.020991184881629765,0.0331967333942628,0.023674046994309975,0.027182405141661016,0.025649341077272327,0.02700551313423155,0.026828621126802087,0.022288392936112504,0.0020047760842005955,0.020961702880391522
405,60.89993843802407,1.8125034495934782,609.9552486891544,0.04662939690491859,0.12445279894707793,0.008376716836139001,0.01590911463264483,0.2728525456089328,-0.9404284869340013,-0.20249931256501155,0.2672828844545397,-0.922307071326979,-0.09844214235676225,0.27876610694801196,0.17813318615067827,0.17926995987857428,1.5364508459464623,0.1418198993780118,0.3705294329929734,1.2264610355148915,0.05799371643280193,0.19908166514530748,0.21238266075105608,0.47233786910650216,0.23573333050289763,0.6256700702655656,0.1095675801897807,0.19807969091642433,0.7432914428853462,0.48889464410809436,0.3669792175260577,0.2775595983611777,0.35890631965525294,0.8823953977115928,0.1163096779671811,0.27184919438724603,0.503407136943554,0.049461863417326515,0.3157492517035685,0.1084552189695799,0.759611098138281,0.20173222663298448,0.35782367800963766,0.06623219479058313,0.8011548177553229,0.4020421593393763,0.30895620608402147,0.005710403973931687,0.38571762158490247,17.83823718927723,17.72744308296707,19.949342880415116,0.08980637545409767,0.1240013053708453,0.1062842344249925,0.11219884622488845,0.09142492335988657,0.09909752426803564,0.09978245674761951,0.08457198306182628,0.09833249626635131,0.10562011439549845,0.08711859538438879,0.3409591041383344,0.4249919416000348,0.5622383769028638,0.41108505209176044,0.3706074572935366,0.585383940879409,0.1377956393473741,0.3607005228280808,0.3669851493189901,0.4818597133940718,0.49449444026850664,0.5984281113007683,0.19435475744241287,0.42674415992884884,0.7361173021900819,0.5240031253141195,0.5845543518198473,0.447799647729982,0.4796847484935737,0.3221427677177704,0.3205993117629692,0.4449173092426619,0.4999936983112167,0.21683262107207615,0.4648185110900075,0.3109577738371019,0.4273241792029548,0.4012975877896038,0.4793649669356492,0.24869017685505096,0.39913551282754245,0.4903155768763647,0.46206796165248165,0.0753519461772657,0.48676952236813553,0.4447756124485203,0.35837048359020085,2.069260816031928,0.005899121131066106,0.0052287606674309,0.0036373498068186633,0.022667891075446863,0.015225427716214497,0.005629244915721989,0.020427521228718208,0.014238391754765848,0.007018536428480448,0.016302212032437483,0.012974164649938436,0.03132806861121726,0.023893771494077187,0.06189593682333462,0.024662675667643182,0.03473994820192757,0.10197172334734429,0.013508682545747889,0.030678045259627227,0.01935040122277417,0.055906678554748866,0.039722965227359575,0.07412771196875133,0.02674882180613935,0.03197066191143378,0.10163843247144738,0.07857279327474208,0.07364709378847706,0.020973973591474546,0.019933766399184816,0.01203668322506687,0.014817645310576147,0.02131363308283446,0.02848893983781259,0.005009977497558697,0.028446482401392605,0.008236742665477859,0.024137052604763724,0.014435528382796247,0.025792892625143293,0.011484736551607014,0.023627563367723856,0.040674224090349424,0.03468772555513098,0.0008066912919797903,0.03349891733537129
406,54.534835611377915,-27.993863132619133,653.6350849649058,0.26223947173993345,0.07529645363871444,-0.05840690801625415,0.055897035833025494,0.40472945428518653,-0.888181978389361,-0.13860494444957516,0.4108346969431104,-0.8767385480236424,-0.04696102696712227,0.4278809567787218,0.33200868119689697,0.15360223494643516,0.2737717029922424,0.0752512005910602,0.5418008865903214,0.3819057074251939,0.10490857037310676,0.4070862578500185,1.0735514407092723,0.6047021610639084,0.22920160694495753,0.626956501662357,0.13747460288141852,0.2546619874399704,0.5528297007757665,0.46183828961950507,0.28730559660140376,0.27927595123753235,0.2979312892500924,0.007942371629109716,0.10177318064277799,0.11738086442556335,0.007896195049870705,0.10394347986701145,0.23226819357222017,0.41752862947912817,0.7764591799039527,0.2462135205024012,0.23462319911340968,0.1661895086811969,0.4162818618396749,0.37195234577022535,0.3203269301810122,0.014176209826376062,0.3290543036571851,15.878928326952757,19.6971898653009,45.02712470293648,0.11290175583053186,0.10672110634819176,0.09521983855976446,0.10727287333079881,0.1021218619023062,0.10422053036462751,0.09972838799174184,0.10362034080101733,0.10604700881193102,0.11217966365907464,0.11082862250023688,0.5493008768911837,0.37990932637480723,0.33235245465047375,0.21309640480409714,0.44253338421018723,0.4290761394874501,0.2322600373679819,0.4325204595745596,0.5545196826475427,0.5693854423740231,0.5084630839352926,0.6517561698713379,0.24659869424302608,0.6017556752280597,0.6095978058685523,0.4895541262847966,0.44769708489418636,0.4486537520073047,0.4573597000781089,0.08876741641782075,0.30235677897151086,0.32188100491748983,0.08851105530091852,0.30519425602382694,0.42228889921468377,0.49316295850013425,0.4166273359979536,0.4308143373230559,0.4237728708877168,0.3722592576353923,0.4929528317870887,0.48333692779335324,0.4666129465622831,0.11821966951456647,0.4698805849633559,0.5294527822673747,0.48095128145924726,2.586271069037173,0.010264696374971138,0.0066597552528284455,0.004026183329485108,0.02438836204109905,0.019193309489725238,0.010330096975294389,0.021845239621334566,0.018883474163010852,0.011118066081736318,0.019029508196721313,0.019297344724082198,0.04229785268990995,0.03010205495266682,0.04440637266220272,0.02072546755945509,0.046694066035557605,0.08116185638420689,0.018800277072269684,0.053867928884784116,0.050473331794042946,0.07576864465481413,0.04362687601015932,0.0759358115908566,0.031568690833525745,0.032205033479565916,0.07866081736319556,0.0681380743477257,0.0603638882475179,0.014777187716462711,0.017132302008773956,0.0009235742322789194,0.02004156084045255,0.01468483029323482,0.00286308012006465,0.009697529438928654,0.024012930039251906,0.025028861694758715,0.021842530593396445,0.02682983144770261,0.027199261140614175,0.02235049642114985,0.041653197875779265,0.027337797275456016,0.02567536365735396,0.0007388593858231355,0.03315631493881321
407,23.68245109780439,-14.348859614105123,568.1474517631403,0.23133809713905518,-0.012351882900864933,0.022526041250831665,0.08966883858948768,0.43609299827012643,-0.870276128117099,-0.12078334208915499,0.4397898180439122,-0.8650667827278775,-0.01807497005988024,0.46133905522288754,0.42188609447771125,0.18670711909514306,0.6912990019960079,0.05556300731869595,0.8194773120425816,0.7100327345309381,0.10390499001996006,1.032422887558217,0.8840912840984698,1.146595874916833,0.16916274118429808,0.5726727877578177,0.1192649367930805,0.2102719893546241,0.7186027944111777,0.5695824351297406,0.2794198270126414,0.29469061876247504,0.3140385894876913,0.7069594145043246,0.006546906187624751,0.42576180971390554,0.34416500332668,0.11813705921490353,0.93208250166334,0.8011709913506321,0.9147837658017298,0.11262807717897538,0.1341317365269461,0.1805455755156354,0.7793213572854292,0.3996806387225549,0.2973253493013972,0.011816367265469061,0.2909115103127079,27.451649975844322,18.059604366065088,40.767126729101015,0.10718169682304796,0.11247439923331357,0.09588372115681297,0.0924429094279383,0.10403079451238777,0.11000209430988407,0.09113686578575984,0.10107005162200135,0.1104597716114,0.09584755202166087,0.1130328950609076,0.6969137385992098,0.41462747591882554,0.6414901731061523,0.15218520293526713,0.4972599358770145,0.7105711172027221,0.2216764565704157,0.5147498404169822,0.3991953084799895,0.6987892805973851,0.3336760314032401,0.6541762499722119,0.21394782204601934,0.4283062144612146,0.6748336765035979,0.5905665134812405,0.44992653754215295,0.45590962884646674,0.4641380042359567,0.45516295361410175,0.08064872786716883,0.49446455683026064,0.47510152708267045,0.32277463830878544,0.2516076242034883,0.39912438349111234,0.27920691667300557,0.31614182467303503,0.3407983344464494,0.38464634173560025,0.41470972553620367,0.48983916895835145,0.4570870226460072,0.10806040670214855,0.4541888302237483,0.5943072337254485,0.5442114227923565,2.184425400542928,0.007441981157183158,0.004530686112737531,0.003655612923830308,0.018478764278490448,0.0155653772821632,0.009321005775270133,0.017834871639963806,0.016630956379411296,0.009716935992973864,0.014974902858359502,0.01692862085484644,0.03954676105817853,0.026714217277904934,0.05176478415925906,0.017457284292329803,0.04553095225421835,0.08253473146324587,0.015128014052270189,0.07817373715867357,0.044306169159525205,0.0927497737797413,0.03975142385692234,0.07765289828072602,0.03329589609836589,0.03863921860861233,0.1259243093628573,0.10480811199233514,0.08457071379145155,0.0136264438175334,0.01727258210464683,0.021796987278437218,0.001011337627082557,0.022462340980465217,0.022834939053600893,0.01027306115931229,0.009314951828391973,0.018124234843242666,0.009181881087986373,0.019534784691542025,0.01799116410283707,0.03129823814339703,0.026108479267578644,0.05338798105072656,0.04481822536860595,0.0009581093309203173,0.049236173950071856
408,58.233738417842346,51.853815709829114,645.7759975788053,0.14077375797364625,0.0873422265679564,-0.040857801368906266,0.01317137621641756,0.2888017699399357,-0.9365084269683848,-0.14747580076360758,0.27288716813335195,-0.9289472885412302,-0.07092522233086558,0.28887921963030216,0.3088988219956232,0.19485263304930858,1.271462494761838,0.11504260371560274,0.49804255715416496,0.49004469898030445,0.08483913023234158,0.5520677934534619,0.45757740839037114,1.8319392838850863,0.16156260185314522,0.4369022675420217,0.10252362992969223,0.13252037062904504,0.6258495134329749,0.7237244494109978,0.43758532383480003,0.21120268193881828,0.21194766494389347,0.9620524281789822,0.11500675140848349,0.3648088652977604,0.5265633002747124,0.050798528658564976,0.6000838105880709,0.3770079620058667,0.9735996647576477,0.16086976765842528,0.24542533873446012,0.07431205475625087,0.6695069143735158,0.3508869953904177,0.3666713228104484,0.015085905852772733,0.37994133258835033,11.872131513137195,13.941127812765714,22.83725504009711,0.10185527069008034,0.11243904054732488,0.12204039787395551,0.0826777683799792,0.09013086426089574,0.10925025805319809,0.08241848468394782,0.09657391047566609,0.11065237862961382,0.0778718872301132,0.09729434488330503,0.7705506945907447,0.6168111014980917,0.5441645580721531,0.38792671192452954,0.5958517160441461,0.596895432268573,0.18720353966556125,0.501970565989289,0.5450705906633326,0.710897963134605,0.28452159929890614,0.46407241439735525,0.19172237662591837,0.3144870850587257,0.6992468284528214,0.7510849165919905,0.7045842683416847,0.4081713689080897,0.4086974793103285,0.19107394782446466,0.31903751784396733,0.4813877303930238,0.4993055168173958,0.21959117320697696,0.4898922385002228,0.4846482179085794,0.1603263995181229,0.36741933967192564,0.4303491199442244,0.26228415196894933,0.47040164645528626,0.4772587531208807,0.4819069173614353,0.12189755188023829,0.48538323632889857,0.4284503631961259,0.5976625069845409,2.190058670143416,0.007930294281989197,0.004471130564350903,0.004943192400819519,0.020485960281244178,0.016259010802756567,0.00716999026820637,0.018880218336747998,0.018458107794747623,0.00843186147327249,0.014697196870925685,0.016633870366921218,0.041242317005028874,0.031571987334699195,0.07276494691748928,0.02221829018439188,0.02944309927360775,0.05922238778170982,0.01395045632333768,0.04237101881169678,0.02583861054200037,0.07319798845222573,0.03372415719873347,0.05925731048612405,0.023954181411808533,0.022308623579810023,0.09058204507357051,0.08046004842615012,0.07223132799403986,0.01741478860122928,0.018346060718942073,0.0045632333767926985,0.018578878748370272,0.013875954553920655,0.03408455950828832,0.006891413671074688,0.019975786924939468,0.016064444030545726,0.0025144347178245484,0.012013410318495064,0.031709815608120695,0.014807226671633452,0.029241944496181786,0.03743713913205439,0.03306016017880425,0.0016762898118830322,0.033246414602346806
409,36.01042810098792,-36.15588880996965,581.113388648544,0.21696384064053723,0.0889730419061148,0.05754720087815586,0.08115294795635047,0.45379978814489574,-0.8490710002259959,-0.18158272341318524,0.38420153874217083,-0.8706858430619229,-0.056701265577581185,0.44234038225608574,0.18393781881578095,0.08941563892296765,0.32529476334990637,0.07935203719248402,0.27569509911538714,0.203228191386324,0.06497449473752179,0.3170633434493446,0.14229902498870023,0.17320074901530313,0.21888164266804416,0.5058503906502226,0.08559243236262672,0.14190482340027122,0.5523116161942275,0.43346193581713693,0.14981823464841482,0.08697617356492542,0.11251372118551042,0.022244463098082264,0.28824175114612255,0.18983663717956997,0.11351456059921224,0.027087234454703946,0.3018660812294182,0.07218957835604055,0.5357396526118681,0.20982114031122878,0.2986698521340479,0.02702266416994899,0.8745722218634984,0.2688060954348809,0.1544521211338542,0.015335442629301995,0.12245754503777362,19.11509285004352,26.16555941615347,52.640176352233055,0.13976870113507492,0.13047678667230256,0.1192974644009876,0.08963986645114377,0.11760191492602372,0.14243124227558143,0.08227861213946604,0.09875789415223732,0.14280681876955845,0.0839705226936505,0.11599807733478765,0.3941539920621478,0.3532042249466869,0.341463103338411,0.27382291947650317,0.3816323070534911,0.3708459437739222,0.18924658049436074,0.355352397357108,0.3435458004300655,0.3519493788566447,0.34782615244077475,0.45894913897483647,0.15164823504076466,0.3072667309392832,0.5314204427402178,0.46634425726179807,0.26401843358535076,0.28180468889886057,0.3160025437357713,0.14747999583903715,0.4529515071459581,0.3921780895674644,0.3172258723021557,0.16234028162719652,0.45907488966228666,0.25880572946669256,0.49872909233109125,0.40718740441890117,0.45768213251523365,0.16215205417651474,0.3312086838570115,0.44334605481666745,0.36138743735646334,0.12288512667802039,0.3278187978581604,0.45214864559455015,0.46621250766796896,2.1956381364414175,0.008255222290381945,0.005105963258321763,0.003379846963484325,0.02434027892034998,0.01523566706486295,0.009618294450004842,0.021984925257482323,0.01576396648694024,0.008957143156943145,0.01895098957156233,0.014781906822070838,0.02871113550511736,0.022537048396990927,0.04457818099635167,0.019535724663416524,0.034514577212410816,0.031904562037903976,0.014453879185096696,0.05510606011687599,0.019576405256190876,0.032295224873276726,0.04178607173990249,0.07803958286249314,0.02812578697575308,0.022920608271720534,0.09541116456268363,0.07635101540051013,0.041586220256352315,0.009815000161430923,0.01530365156749427,0.00213088819294224,0.04342491847738353,0.013237335744035128,0.013172763374552029,0.0027766118877732217,0.03835598747296032,0.0052303619281309525,0.03719368482226455,0.026345526749104058,0.0424240467503955,0.0062635198398605235,0.019985148355018887,0.03586995124786104,0.027378684660833628,0.0019371710844929455,0.016788816065605526
410,67.82954211135801,44.97272385840819,487.69615035523145,-0.025191637194454004,0.1262886607617915,0.034000845043973583,0.07532429128978747,0.2935806639854778,-0.9414557565021439,-0.2501875003599261,0.25802313420550216,-0.9235520262276612,-0.09293017432944195,0.28665828925542236,0.261690713905668,0.11237050483552942,0.6929729898907703,0.059069512691308564,0.3478523363900973,0.9453466245187944,0.07513285969140245,1.1024340396231729,0.8233009921442208,2.0159597508685176,0.26472536070858493,1.0047782542017465,0.12346655816719351,0.19065037088041065,0.7862298519608151,0.46062814935369784,0.21869049482019343,0.13661544239616913,0.24525053988920534,0.6801665049607211,0.03273762949516447,0.30531125786360364,0.8562799286407311,0.02153297236393227,0.7949985915933774,0.7859847892084755,0.9645081531094488,0.10782135144439924,0.4641482269725517,0.09990297643266252,0.9950236299333354,0.29589058245438327,0.21254420831898846,0.008168758411317329,0.3496604175143188,15.123053120552136,17.247683257224747,14.693038269846854,0.08101902046922356,0.05562572745578952,0.05394535546678466,0.06998383888768926,0.10045158371498551,0.06066499586104676,0.057391239911467114,0.08918356925826162,0.0592041679974539,0.05791916584439361,0.09727630125404613,0.49276271617138184,0.3209234942134311,0.4576652149818567,0.1554447440043336,0.4228788965006471,0.5398982729236057,0.16271576367992344,0.6391137399597189,0.6317786241005283,0.6019657767488352,0.4929511070054703,0.8411608716628547,0.23326833729348345,0.36861742640773476,0.744875497636148,0.5276594046888208,0.38211722223352695,0.34344629136587507,0.4302423806244344,0.466419166903323,0.17795187050849642,0.46054634084649726,0.3508111518115803,0.1451549617175331,0.40370896933676176,0.4101438347880744,0.18502228818295594,0.31015950484166316,0.4987207985103883,0.29987528441717354,0.07036874865637223,0.45644919373603776,0.40911417269594597,0.09001268456162173,0.47687013666891,0.4262785602503912,0.4213270735524257,1.9042879499217529,0.006550140845070422,0.003527042253521127,0.0027217214397496086,0.020709934741784036,0.016226829170579028,0.00666425089201878,0.016198228043818468,0.014065200312989046,0.006529609420970266,0.014024068857589984,0.013623599374021909,0.033047261345852896,0.024697339593114244,0.0519943661971831,0.01736964006259781,0.02554585289514867,0.08807386541471049,0.013311111111111112,0.06498528951486697,0.040632863849765256,0.0862829420970266,0.040421596244131455,0.09992550860719875,0.03466291079812207,0.030132394366197184,0.08414773082942097,0.06765696400625978,0.03912801251956182,0.013834115805946791,0.018748043818466353,0.03374021909233177,0.006510172143974961,0.01755868544600939,0.017715179968701096,0.0028482003129890452,0.01696400625978091,0.014992175273865415,0.00513302034428795,0.014679186228482003,0.03546165884194053,0.018591549295774647,0.0006885758998435055,0.027668231611893582,0.02428794992175274,0.001189358372456964,0.025821596244131457
411,47.08012869950834,22.401829268292683,642.0539429287574,0.08400980911983032,0.10145042417815484,0.0402351296635496,-0.04228329044153088,0.2297627340451171,-0.9551421623686495,-0.13104650233780007,0.21563285071821076,-0.9488581569459172,-0.08985165815096884,0.22718451749734886,0.18970910054950352,0.1266612841029596,2.783988720717247,0.07115564446158297,0.8377320929335775,1.6038602622192228,0.07609587390340307,1.0963588161573317,1.231474019088017,1.7624956618143257,0.1277508917381664,0.4311645618432469,0.11032391786368458,0.1278856165043864,0.6069876120697966,0.713896172756194,0.26449484237925386,0.22741733346187218,0.2849946977730647,0.5225103634435554,0.7342138243516823,0.1071049840933192,0.9834184903113853,0.03827243806034898,0.6474742118962692,0.7609659693434879,0.9741877952376362,0.21541501976284586,0.349320350911019,0.12185481538609852,0.008097946592114142,0.3645763038658055,0.31866383881230115,0.0028439217198496097,0.336884218644558,18.55638378806043,15.465312787674716,55.480224781081766,0.08230945613549275,0.06970521032359459,0.05445739454262077,0.07043578127866769,0.07243593898179344,0.10562056595483259,0.08532250544618375,0.07371071827349782,0.10734786991652669,0.07025964611847531,0.07287231492130528,0.3041720769610082,0.2810003317909296,0.5351534712846341,0.18829004574914185,0.4197155617543872,0.6202450572284851,0.15359612166691333,0.3734527499524761,0.5407053917984921,0.48131018502503997,0.25143875664549975,0.3748836917917464,0.2163377805605294,0.2626528004424562,0.5549399447962723,0.7222923564703566,0.4663200928096698,0.41916932679382596,0.45141735817913,0.4994990457728316,0.44175625379244216,0.30925040242081187,0.12769869317860047,0.19185553332967067,0.47776234473999535,0.42649870673900064,0.15857660894735837,0.4111149017858293,0.476761073853486,0.32712199310909434,0.08962456943371806,0.4813169495406825,0.4659639787798178,0.05325318936240842,0.4726506384318103,0.5395989491696995,0.4067605022776024,1.8480441541539128,0.004948687667204936,0.0036452965703405553,0.0028629100286809185,0.019596871490202693,0.01675892292304355,0.004466844833819383,0.018847831095900314,0.02123155795232701,0.007031470415270781,0.014327251693138272,0.01696898122484394,0.03274734279723314,0.0266934997951363,0.07109083897712758,0.02068882408233111,0.04991925959846716,0.11644453013906629,0.01856016967535128,0.05787616591549974,0.046719047504278036,0.07764816466221593,0.03055457810127498,0.06365476850401293,0.02952110096165433,0.02825504326239426,0.09726422597671784,0.11134173676218938,0.06729604010508303,0.022197585018437733,0.021329926972114433,0.02822298811790509,0.04046660721602275,0.01443686582632378,0.0010845725579041237,0.005832590200284399,0.04022559109204406,0.02267961726639512,0.0031573112241208936,0.031235689667638764,0.04184039912270131,0.022559109204405774,0.0018317225422380757,0.049360102190836565,0.041165553975560966,0.00048203224795738837,0.03518835410088935
412,97.83962036640867,-11.357481815706562,551.3947333618576,0.37251367225485243,0.18399723832121045,-0.01152207398187405,-0.07440768882492511,0.4966069054027772,-0.847774451398343,-0.2583456899529348,0.4829343959313859,-0.8196364464584386,-0.19469547629234898,0.5251114006768058,0.16718503247889843,0.11845851647283052,0.5135279474114123,0.06099731611497918,1.8133198490800886,0.626713991209304,0.060190205764518265,1.6876798008479523,1.044069781010541,0.7302936714769147,0.20463573067797272,0.7091100392858531,0.09944533042903263,0.15132249406822515,0.6307273717375238,0.7289960714146798,0.23487105682834802,0.07149247345287642,0.06083472713835622,0.03438484577385351,0.01334163133533004,0.47566999883309347,0.21521646116146095,0.015869928818701622,0.9459722276245672,0.2980279279629702,0.6190439145824419,0.1412345871095725,0.2706056244894784,0.07273717375238244,0.9639814850830448,0.3847679800847952,0.4244816990159088,0.003111750748765024,0.213077132521685,12.705875243487963,16.534143602694602,30.486084658780822,0.06689923672774706,0.06851798738164484,0.05063538434048575,0.05292474688271213,0.07707448340110398,0.09540780206533182,0.0532694364981096,0.07396701162319126,0.09295043729533947,0.048523797528178245,0.08186284694436075,0.42697988754270794,0.4428856836269909,0.49218106177661164,0.20509173498938776,0.5635644312487192,0.4337887029287384,0.13956097809018767,0.34537757012471687,0.7942928888997278,0.666259565113807,0.36852191073758467,0.7479376613085779,0.18691220197401273,0.29087323092918355,0.6990096741745558,0.7042686863889943,0.44611299902864776,0.25765069729896584,0.2390315575987071,0.18221915289044943,0.11473510471009518,0.49941741320929145,0.410980420313647,0.12497472422875977,0.2260768900991377,0.4574007214085046,0.4856312590364711,0.34827014858903355,0.44428132774240003,0.25970964723466977,0.18633982960827003,0.48654988405744964,0.4942736984481257,0.05569729276643698,0.40948967070883485,0.42238991753539745,0.31105103469737044,1.8643651781546593,0.007678271355220165,0.003395518904621129,0.0028645557803018513,0.020517856814999222,0.01650903469737047,0.010775464719153574,0.01781613606659406,0.01439235168041077,0.010995918002178308,0.015547261552824024,0.015757390695503345,0.03636688968414502,0.029727711218297807,0.07432394585343084,0.022293838493854055,0.052878092422592185,0.10151314765831648,0.017575073906955035,0.058300918002178306,0.04222693325035008,0.058113427726777654,0.03840983351485919,0.0749245371090711,0.026761319433639335,0.01894040765520461,0.08314026762097401,0.06976660961568383,0.06325268398941965,0.013458845495565582,0.012058503189668586,0.005445775634043877,0.003850941341216742,0.023805819200248948,0.02512836471137389,0.0034230589699704374,0.007351797105959235,0.011825112805352419,0.0227555624708262,0.015792749338727246,0.02435039676365334,0.013770032674653805,0.004473315699393185,0.02073284580675276,0.01960479228255796,0.0007001711529484986,0.029951765987241325
413,35.9121647829867,-23.62759312512539,595.7547281481976,0.3174813080987093,-0.026430214672640943,0.08263809937805122,0.05025931304754898,0.37489455898481905,-0.9086758031498696,-0.061208366882899747,0.35465990516953116,-0.9172594827793754,-0.005503845382197551,0.37713395305289904,0.16557279475690498,0.06429947167792416,0.5734685347421923,0.08076004815087273,0.009152009630174547,0.046039590717581756,0.06955895138099379,0.24191433157225978,0.08776733765799505,0.6444960877415904,0.1506523774493413,0.7185608239149336,0.12072828195011034,0.15105798167591789,0.7523122450344412,0.3773834682003611,0.348307028689895,0.06390022069150003,0.05918544773624022,0.00451414431886578,0.9732160770413963,0.0,0.0005015715909850866,0.01658530060857353,0.06497024008560155,0.0007690764395104662,0.3901892596803317,0.24941483314385074,0.2918477897411891,0.08496622751287367,0.6027887380458771,0.43553133150538353,0.2586437504179763,0.0053835350765732625,0.4808734033304354,17.378783285718153,12.113225254005487,31.767307339949717,0.0918693179378861,0.07693970889479536,0.06239509735711587,0.07806125624161357,0.09368491114857269,0.09114888472833112,0.07368762698179983,0.08718507669525105,0.08953179100795712,0.07338741553560976,0.09668362064342327,0.33408699362888933,0.16554763117806182,0.22487835860952704,0.2346295713461372,0.05783570610208377,0.15457613424522262,0.18542380027128363,0.3477321517685489,0.17517584020632523,0.3407564318737254,0.33529270725105254,0.6668070351047759,0.2233130288302128,0.31596773613967205,0.6621274504836636,0.43310550262593134,0.6158478518716393,0.24457919519160815,0.23597540654299537,0.06703668464363778,0.1614540680025507,0.0,0.022390551147233942,0.12771363988897513,0.24647746223914505,0.027722024790436048,0.4878007358471045,0.4326815621344191,0.454620246291041,0.2788360943159306,0.4893286031226607,0.4958346615638431,0.4378967602802868,0.07317603213305472,0.499642392990304,0.240775790001672,0.240277545560943,1.6546564119712424,0.006688513626483866,0.003660090285905367,0.0022506269854539376,0.015367055575990636,0.015844104430697205,0.007572488948336399,0.015760306269854536,0.017852763049657248,0.007679988095636182,0.012203577996990471,0.016341414479184087,0.03821167028924929,0.018282561444574488,0.04486172880789165,0.018410968065540878,0.0023166694532686842,0.012968399933121552,0.013346931951178732,0.038218358134091295,0.01862063200133757,0.07253870590202308,0.038583514462464476,0.11374084601237251,0.032366828289583684,0.032306303293763584,0.09468985119545226,0.06929643872262163,0.06369770941314161,0.01180404614612941,0.008527002173549573,0.0010031767262999498,0.003377361645209831,0.0,0.00020063534525998996,0.0026082594883798695,0.012238756060859389,0.0004681491389399766,0.03738505266677813,0.026483865574318675,0.03725129576993814,0.017856545728139106,0.041631834141447915,0.04320347767931784,0.03664938973415817,0.0007356629326199632,0.018458451763919078
414,57.37593457943925,9.901070025734796,579.5341256941622,0.21579727075714478,0.07642401462819991,0.07762257889746714,0.03967332913449816,0.383008454862522,-0.9111943250033863,-0.19051606555600706,0.3657569912975755,-0.8996560468305567,-0.08291182446160096,0.3905149668156576,0.24935324393877825,0.10970167953406475,0.06417682513883245,0.09202255180820805,0.9573195178111877,0.1517652038466748,0.05653629960720575,1.1112295137477988,1.4977004605174047,1.0137860625761885,0.113165379926859,0.38944331572531493,0.1077996749288907,0.15911689015305433,1.0480028443722065,0.5274058648245972,0.25517404848977376,0.1569483949613978,0.23022484085060274,0.0076865772721116075,0.028138967899227957,0.34945144250304755,0.09315318976026006,0.050521468237843696,0.7445482866043613,0.8426452661519708,0.9073885954219152,0.150142218610321,0.23858864960043344,0.05350128673980767,0.2500677231477719,0.4788365163212786,0.20618312339157524,0.01855614248950291,0.48943518894758226,14.987149492722944,10.889047388325606,24.663409534636582,0.045340746809646004,0.07330283367257615,0.06321945837733454,0.07059449716710225,0.08843629261266044,0.06798494702520108,0.07185164102706793,0.08131179250931077,0.06885647693258617,0.07059396758087351,0.09070386261899221,0.5390774639183162,0.29768436113231156,0.18588067871174735,0.2862382432308557,0.7006500707118315,0.28275743782843094,0.11307247580660586,0.6799965553646662,0.968879153351036,0.5908351431770402,0.17723521843479786,0.34316042188040746,0.19879941900453063,0.34948551167497827,0.9570249842890415,0.5542224153131698,0.40807274945280886,0.3637582670490883,0.420983805749602,0.08733700298066119,0.16537258670722116,0.4768048133373499,0.2906519113541096,0.2190220852960664,0.4361222031465891,0.36414106000937585,0.2898920108558158,0.35721681604929023,0.42622794080534654,0.22503469472041346,0.43305912690301185,0.49956036419215905,0.40457037136592194,0.13495343184559944,0.4998968360251395,0.3937083065253463,0.27964173241678236,1.8436490467644164,0.005639328163624665,0.003990112085604958,0.0024841353154312416,0.02075073986658088,0.016787977650604448,0.00841934245369273,0.019276540008804303,0.016771191662998206,0.008497446209068437,0.016130608513087945,0.015844874877247637,0.03909247908977007,0.024786156919846942,0.015366902576953032,0.02099996613727947,0.05326131861433748,0.0404442788933663,0.012511597981781857,0.06768412854288715,0.05991398868985135,0.07140327113880328,0.028131116453895915,0.054314449222850565,0.0264366259185263,0.0239270596999763,0.1134265686905286,0.07761504859300396,0.047988215773255224,0.01625410585486438,0.018759947174155973,0.0010158816159290237,0.0035555856557515832,0.021062612170261757,0.012732382919643764,0.008059327486370255,0.021739866580881107,0.01066675696725475,0.011479462259997969,0.022688022755748195,0.03047644847787071,0.010700619687785717,0.01784565371981985,0.038671226846364835,0.031018252006366192,0.001625410585486438,0.027361078189021705
415,27.887375656406096,-44.79676813388551,630.314092985527,0.40236434274004185,0.053092046279298116,-0.08579161507919565,0.07287795235452332,0.4770169965418605,-0.8602313045297357,-0.12793762250779148,0.5124245333219485,-0.8332549480852154,-0.0318594543824446,0.5273343295051872,0.47184519489390764,0.16493190453827436,0.6420074285958246,0.0870388080092217,0.5605311019083806,0.8558527942620501,0.12340178457072108,1.0173355249114118,1.129808735004056,1.9345933484182216,0.20679716517952443,0.814851641548905,0.1532643128548862,0.24934935746915426,0.864197583571703,0.5015843401784571,0.3355082611108739,0.23775775946719035,0.24266746360414976,0.1991205225632925,0.3148614609571788,0.22260171626179395,0.689237074670196,0.21478888272211075,0.7986594373052128,0.6610169491525424,0.947103274559194,0.3022670025188917,0.3067924689407847,0.16244716731417838,0.7413653246808692,0.4970755240575503,0.3742048413952098,0.0061478034410622035,0.3765956538445118,13.914736054683436,16.229248364947498,36.917185924657716,0.10627118718148358,0.09983839207433091,0.09341712748568473,0.09092470485654255,0.10168838666561095,0.07450086724171426,0.08580699667815277,0.10211155498966315,0.07721489568398446,0.08765100132218812,0.11641211198433277,0.8611991451842057,0.40450566644926633,0.4695512717868319,0.25195831173327937,0.7039674516953319,0.8383130911045151,0.3251304754289644,0.6223138643248542,0.7138774907333966,0.6702448424413359,0.40725955077992165,0.7096785566765007,0.29834014174696183,0.5225229565531315,0.8125389947772874,0.5084193756261581,0.5465533056634101,0.4257190914617433,0.4287048077404266,0.3993474034962783,0.46447059289503395,0.4160018996833609,0.46281581040717995,0.4106845739415818,0.4010104811065835,0.47337417428874645,0.22383208178440864,0.45925011282835304,0.4611723429513025,0.3688683967655952,0.4378937844739899,0.50000212079648,0.4839272426459658,0.07816820850002712,0.484542455199315,0.5846810690803518,0.660208351122876,2.2432157800358636,0.010595721970796687,0.00653765690376569,0.004658696951583981,0.02134822594142259,0.016661662112543763,0.010990064682776876,0.019110616642472888,0.015005202587311075,0.01092639023140637,0.017524677653488172,0.016485654512851167,0.04571898215353087,0.028569720775339428,0.06232900691657416,0.02261207411835027,0.04228460421825634,0.09575826146358127,0.021335923490735206,0.07423362650499529,0.05247288873708479,0.10256596362394331,0.04492186832892152,0.10135172060455983,0.03650072581333789,0.038590214328409186,0.10645333447186407,0.0804252412261976,0.05694902228673897,0.015327469900093928,0.01447357185552045,0.020450858167534797,0.03274699000939288,0.014132012637691059,0.02301255230125523,0.015412859704551276,0.01827341815387243,0.01963965502518999,0.008282811032362735,0.03056954999573051,0.03684570062334557,0.01959696012296132,0.03364358295619503,0.03727264964563231,0.03176500725813338,0.0006831184356587823,0.026129280163948426
416,56.84500134734572,-21.038753512722792,494.91923239789054,0.27874704546329443,0.052067174808484426,0.04404507833853023,0.06197010801863186,0.4604520078146053,-0.8499936884551718,-0.20119071243792583,0.44062668583747167,-0.8402460883473842,-0.08027254879316317,0.47602386726719786,0.23467913923855718,0.19842976479193133,0.1983169727066251,0.07179004503984295,0.5549998075220387,0.3364433922315894,0.07461639142318205,1.4064099010663278,0.5746587365746622,1.3468918658813565,0.17058513300227124,0.2966235516033414,0.11762020248681526,0.2178323132001386,0.6461562151133695,0.465310466951534,0.26563690957385383,0.10389960349539977,0.17965892905262348,0.02471417022750895,0.0022327443507718365,0.0877314547484313,0.04319205450975863,0.07760711398544867,0.9141163336797936,0.2772067598259999,0.9645455595334335,0.14047041613735228,0.0871925164568657,0.10112792085306233,0.4843900373407245,0.34495900219424874,0.22454478962158833,0.014551333872271624,0.3504253762944143,18.113976308927718,27.764283245134614,257.90169534284416,0.20072074846647545,0.11181358739158491,0.18953958510000557,0.06652700768063462,0.09616886504241443,0.14740235496572637,0.05929137434888764,0.09584370730235531,0.14283813014989774,0.06751400359894584,0.11264030692227243,0.5886081882454929,0.5817474528880263,0.33332628805316233,0.2127488092931278,0.44188557227540887,0.34081320127941156,0.16393288708115475,0.5980215876936453,0.45486064462071635,0.6313131369765134,0.28300118633166926,0.2866277190481129,0.21683938974949885,0.45817578247035823,0.6320799943575658,0.5140533922600639,0.4443745361054116,0.30513613378096155,0.3839105000187393,0.15525562124151304,0.047200052602157365,0.282909398387398,0.20329311814804873,0.2675574809802652,0.28019758117242927,0.4476280660645014,0.1849290123763704,0.347481116617511,0.28212239455983884,0.3015038372923248,0.4997658891459653,0.4753640582611042,0.41729022317363107,0.11975034274341109,0.4771123504306546,0.4122844163843548,0.33124037573144444,1.7137088081305822,0.006322451493686479,0.0042154681244225434,0.004175431167231291,0.015138022097320604,0.009143192408376964,0.006422672466892515,0.012871638358484755,0.010165596242685556,0.006710039267015707,0.012703726516784728,0.010373229134585773,0.032737911918694185,0.023705728364644286,0.02689405605174007,0.01512858022790268,0.034254696643055124,0.06092008007391438,0.013398521712349865,0.060958577148136746,0.030972821065599017,0.07034416384354789,0.03327379119186942,0.04577571604558053,0.023159839852171234,0.021054049892208195,0.08319602710194025,0.06455689867570065,0.048411610717585464,0.007198952879581152,0.00727594702802587,0.0031567600862334464,0.0003079765937788728,0.0053895903911302745,0.005774561133353865,0.00808438558669541,0.008199876809362489,0.01574530335694487,0.002271327379119187,0.014782876501385895,0.01616877117339082,0.015167847243609485,0.04534955343393902,0.035840776101016325,0.030066214967662458,0.0012319063751154912,0.025100092392978134
417,76.01750282060925,11.661918014291086,637.0875178638585,0.3526385859345619,0.09445159834524255,0.0773497555471982,-0.030861184881534404,0.3464406649116209,-0.9182349523505078,-0.14584256660398645,0.3794604198570891,-0.8946685341481759,-0.09530925159834523,0.3775974050394886,0.21339864610755924,0.10596840917638209,1.2136603986461076,0.08023166603986462,0.2959183903723204,0.6973715682587439,0.07380556600225649,0.7245881910492667,0.3225772846934937,0.8702892064685971,0.12458631064309893,0.3719390748401655,0.14096239187664536,0.16252651372696503,0.6653640466340729,0.3737156825874389,0.28443362166227903,0.1790898834148176,0.23478751410304627,0.492591199699135,0.08345242572395638,0.059533659270402405,0.7675817976682964,0.06739375705152313,0.47604362542309137,0.15178638585934562,0.8278676194057917,0.23392252726588944,0.23884919142534788,0.10500188040616773,0.5327190673185408,0.46212861978187286,0.23050018804061678,0.00620534035351636,0.3952989845806694,15.966448417012314,18.428856691810477,35.635052922260506,0.12369519205783053,0.11579295550746216,0.11997884798495714,0.09586551897649584,0.11513024558780215,0.08341681361825479,0.10219620953208157,0.10308732608162764,0.08227600452106996,0.10091586016307497,0.11460663857719001,0.35728327091864415,0.2768943359085835,0.5661664326001101,0.23844754806195995,0.4700144443574776,0.6230960332892067,0.16699229704854418,0.6136103235122071,0.5446205896738919,0.46843049309055823,0.2437854924571647,0.3661646196570536,0.2917852617950189,0.3114941788317716,0.6964897352144482,0.421789967737122,0.46126806547559024,0.38343477450970337,0.42387391325944374,0.4999545079287525,0.27657005450245153,0.23662524890598644,0.42238216238077025,0.2507074039406314,0.49943515386602966,0.3588204579628847,0.3775025610648347,0.42333145198191424,0.4263884292570852,0.3065616087011842,0.4989376962666566,0.4985730708769437,0.4211609219193472,0.07853066939986644,0.48892400991090645,0.5156869382075294,0.4904622212193013,1.9224491331001543,0.007412426191282109,0.0047659934559404265,0.003350370453947121,0.017933842491255778,0.016256950769115045,0.007101242355861448,0.016400612358494115,0.014490143781262928,0.00749450641242619,0.014119711158749859,0.014286471849260973,0.033679341080898116,0.028025875361991803,0.06525330023694009,0.019735604949415172,0.028726164955432697,0.09336078829591184,0.015069389597201848,0.06069351987664073,0.022846665914475914,0.06477678739328294,0.030270036481251646,0.05282898943171989,0.026031065478205273,0.023713565760276806,0.07386287562525856,0.054053179886419195,0.0475817067208244,0.01511903418706984,0.025010342622889165,0.033810974463123845,0.014141186204821543,0.0033848584000902627,0.019857835947196208,0.006694497724622965,0.028207153334085525,0.007747564782428824,0.01820301628492986,0.02245289405393208,0.025724923840685997,0.014742938809282034,0.030802211440821393,0.028508029636315768,0.029636315769679192,0.0007521907555756139,0.02519839031178307
418,17.21861077111383,101.01961138310895,536.9234455324358,0.2798908812729498,0.09333341493268052,0.041638188494492044,0.01826777059363525,0.38858309669522645,-0.8845381111995104,-0.1273735232864137,0.3770224764381884,-0.8789538458690331,-0.0604171664626683,0.4042104957160343,0.4084957160342717,0.2129593023255814,0.7192451040391677,0.10589565483476132,0.2408026315789474,0.6353843329253366,0.19087698898408814,0.755797429620563,0.23342564259485926,1.3853870869033047,0.5040911872705017,0.7035504895960834,0.19975397796817623,0.3672151162790698,0.8225774173806609,0.8271193390452876,0.32379222766217874,0.2376376988984088,0.3454406364749082,0.13234394124847002,0.2427172582619339,0.008017135862913097,0.19137086903304773,0.1783659730722154,0.060526315789473685,0.021297429620563035,0.3468482252141983,0.41854345165238677,0.2806303549571603,0.2239596083231334,0.06315789473684211,0.3274479804161567,0.24571603427172584,0.006211750305997552,0.3126376988984088,39.88393650002602,23.669288699678365,26.577581203702422,0.1793941576667701,0.13573485600275667,0.19032061799494693,0.1297199641257581,0.15226630584717754,0.11798071060504839,0.12730328424531318,0.16063686418450235,0.12136674808576922,0.12971081769075607,0.15999548757751145,0.6600638375916621,0.4924532117159982,0.7520398624626984,0.27275970645899095,0.3287322888682319,0.6823679430885525,0.43739292370614713,0.6162293928033105,0.2905401741689886,0.8951684029839055,1.1096700108223276,0.5799477637627843,0.38431071826516755,0.7183673924318058,0.9156713073072371,0.8980215684336004,0.5143009787843248,0.4256425340193021,0.47551900310300543,0.33886949746295053,0.4287321021126689,0.08918018142234567,0.3933863176525387,0.3828263801008951,0.23846303891778556,0.1443761993831382,0.47597422860828037,0.4933277590645011,0.44931407323667116,0.4169016917872704,0.24325045874733597,0.4692893985583728,0.43051752147310957,0.07857069025556986,0.4635751762904213,0.56415128981915,0.7215000459010374,2.191046237644971,0.012613849873007128,0.007385691116619236,0.004236665748645919,0.02605527742586982,0.03490779855564736,0.019120169436029257,0.023332246855778938,0.029547625814743416,0.01754551880412497,0.020351448942746105,0.03229982557605801,0.050794699960219104,0.0361896018850026,0.06820282138376328,0.024049695523118825,0.033538051959974294,0.0945344104776768,0.022788335016371373,0.06947764619480401,0.030406989197955876,0.09300896600263166,0.05240123626793966,0.09006946356987668,0.03726062609014964,0.0403500719116252,0.09512102573518162,0.08153156461336025,0.06433305792710915,0.017136387282352582,0.02285871660699532,0.007711374277058662,0.030080479818843906,0.0013464304293277028,0.018085008721197098,0.011383457266134215,0.00550812448361333,0.002815263624957924,0.021726491018697024,0.020686067505125617,0.02900945561369687,0.021298081336638207,0.007466568744453624,0.02585758438140702,0.018085008721197098,0.0013464304293277028,0.022828115915419687
419,46.24070396116076,-0.5320975394460995,586.5187686196624,0.41279642502482616,0.15325447791386224,-0.2463361285814116,0.008442489425870755,0.45755453848983035,-0.8725425395564383,-0.12790077045864132,0.5015656554121152,-0.8386372405016734,-0.06897664496671448,0.5062764721026886,0.2639626319467432,0.11366471734892789,0.031694067453749676,0.07874177056898012,0.4284957151789327,0.01808819743278532,0.07891022104527566,0.8595454043914817,0.9485280812093126,0.6369627422854831,0.1501022472323366,0.543090220309684,0.09679134944278937,0.16003898635477581,0.9984883592629371,0.3394519842583398,0.49945750119533633,0.19529956967891426,0.19478465555923352,0.012799293832064438,0.008017948435028873,0.37173121482952665,0.010739637353341425,0.06561477067931884,0.6505572106366545,0.8166905733936518,0.8537643900106661,0.08613777630659458,0.3867372834602229,0.08223914082901174,0.9090808782963699,0.43440361911066977,0.2953400272168892,0.002390672698517783,0.39368862407591304,13.120462887338777,11.139594071226194,15.698198020214035,0.07527137950623411,0.09480395478872333,0.05885786159174125,0.08218952252853341,0.07161380357445367,0.09035635117224272,0.07439568284966172,0.07672557361797423,0.09025050181707854,0.08593019014697051,0.08217885066792989,0.4596463059481253,0.28096020437277486,0.15317100539821232,0.21396564041049265,0.4286029494272555,0.13210276723120407,0.23988696472013513,0.5095101954786421,0.4578000809811157,0.4729998884619024,0.3092613012332625,0.5123268683723897,0.205924291403708,0.32467686081718067,0.9263703485329065,0.3272959235080519,0.8127507364983718,0.39643842922572714,0.3960421219662245,0.11240968220712406,0.08918493976560178,0.48327601723202923,0.10307612873227741,0.24761205052996818,0.4768027766567543,0.3869271082382968,0.3533487632462836,0.28057254876981336,0.4870115814159307,0.27473376315527936,0.2874993479308232,0.4956875545980151,0.4562038471762482,0.0488369235673513,0.4885761669179368,0.35867294394585847,0.3318817125202295,1.7460975430336911,0.006821391790495806,0.0045434750625275855,0.0029693982639399734,0.01809993206561718,0.01336303163160218,0.008745943210239809,0.015876902052376046,0.014397089929380609,0.010355875790790055,0.015204943357363542,0.014189201118140357,0.03987053111666912,0.026082095041930264,0.009831911137266442,0.020243489774900692,0.04214285714285715,0.005438428718552302,0.016096071796380756,0.06382521700750332,0.0447465793732529,0.08287222303957628,0.04183242607032514,0.09019273208768575,0.02770266293953215,0.02622186258643519,0.1106745623069001,0.06211269677799029,0.1268611151978814,0.01857437104604973,0.01798587612181845,0.0011034279829336472,0.0010666470501691924,0.026188024128291895,0.0010298661174047373,0.006547006032072974,0.0345005149330587,0.024496101221126967,0.025378843607473885,0.009121671325584817,0.047851993526555836,0.010519346770634104,0.017176695601000443,0.04259232014123878,0.04053258790642931,0.00029424746211563924,0.04509342356922172
420,39.91459895767128,-24.01342316003559,587.5995455701029,0.20330634295156985,0.07469572263887123,-0.06573693911274944,0.03578104118469555,0.3780560294902758,-0.9105929832528282,-0.1511209339646625,0.4023513111414771,-0.888158156031524,-0.06378181009279267,0.40862024914198547,0.3263639252574044,0.18693657048430154,0.3016683615101055,0.08378670395322234,1.441154506164993,0.9226941655014619,0.07738051353756197,0.4608522943943053,0.8691232363035465,1.038961802465997,0.24091680437269608,0.8301922588025931,0.15136265412482522,0.17924844286259056,1.1039303419346636,0.5099405745519258,0.3040170967331893,0.18453667217490785,0.2546396339138172,0.35340663531206307,0.002828269988559807,0.7322359222066862,0.2894368882674463,0.014808694546841236,0.858014490911402,0.6829159781365196,0.762870217363671,0.25953349434346,0.415342570230075,0.2084339646625143,0.061777043345620945,0.4344731155459514,0.31934028219143257,0.0037816194229058093,0.4469937714503623,14.497042931767075,13.381415168274145,19.94401351464515,0.09707953198794697,0.09140713620058435,0.10215734151834868,0.10713762523334074,0.09422753563301878,0.06172771837785132,0.10414010003743804,0.09255036689266014,0.06777964835052404,0.09704354213811424,0.10215924681573318,0.6166672213528681,0.44379686551901004,0.36785279269151006,0.26424845664894436,0.6619008000021436,0.631007106281502,0.16152729199943908,0.526190540220617,0.6872371010084468,0.7153920961790725,0.48173175078564706,0.6713845567348159,0.275491129483051,0.34748028285847404,1.1150672706720421,0.5333156614185611,0.4781269232935843,0.3879274043451816,0.435665378949933,0.47803519466173716,0.053107066419977374,0.4428009793314325,0.45350822684313963,0.12078849594989105,0.3490408225888465,0.46534785536493345,0.4253292814738999,0.438385637169372,0.4927888357676714,0.4061951381840359,0.2407539869059311,0.4956955071327786,0.4662284568545324,0.06137946318022452,0.49719030086774346,0.4047510089935488,0.3303142975180347,1.8267041662694252,0.005994184383640004,0.004480344487876188,0.0027258397686465187,0.019586256745161595,0.01443631353481425,0.007041532812152414,0.01787619236025042,0.013594849366002477,0.00758621517780532,0.01483646359678393,0.013046524930879969,0.032995836908507326,0.027527886357136044,0.042305272189913236,0.01907903517971208,0.04315727587631488,0.09291098611243526,0.01480471605173674,0.05832522960561858,0.04335240092795627,0.09388502240442369,0.06035243270728064,0.08868147583182381,0.038935710426796326,0.027340706136587536,0.11750278069088252,0.0835395811485048,0.04254043919026282,0.007881272444147838,0.01719261448501605,0.02256332030381034,0.0007944831092890966,0.016239234753869132,0.028696729907522166,0.00279658054469762,0.021641719897034988,0.028378936663806528,0.02256332030381034,0.029936123558013155,0.03308227667079798,0.021927733816379063,0.010582515015730766,0.027298439635173356,0.02863317125877904,0.0008262624336606604,0.017478628404360125
421,71.82317005177221,-6.698450816407805,618.0894663480685,0.27248064516129034,0.09329609717244124,0.00876690561529271,0.01886677092791716,0.4016176557148547,-0.9021308837116688,-0.18793280776583032,0.39141946754281165,-0.8878343015531661,-0.0931326563122262,0.4142653126244524,0.19192273994424533,0.09956710473914773,0.23048387096774198,0.07750696933492633,0.4364862604540024,0.9558243727598567,0.04299402628434886,0.46983990442054957,0.5054010354440462,0.9176503385105536,0.1278068498606133,0.5474703305455995,0.1030083632019116,0.15550975706889686,0.7766033452807646,0.7028781362007167,0.3709171644763043,0.3048187972919156,0.33643966547192355,0.010752688172043012,0.6988849064117881,0.0376742333731581,0.008602150537634409,0.00848267622461171,0.14595778574273197,0.11736360015929909,0.748347272003186,0.0995221027479092,0.3038231780167264,0.04974113898845082,0.408641975308642,0.432815611310235,0.37865392273994425,0.004301075268817204,0.3085225009956193,9.405496209215745,9.82514500864531,29.729737998046947,0.07780142987940508,0.10150544101102056,0.06550175277664921,0.08683639519756191,0.06951566997359179,0.07617585878774544,0.08138369864020563,0.06653682961983093,0.07642247988193787,0.08228561927811273,0.07172833651300484,0.30998093865535753,0.2264945665979923,0.20863113701196814,0.2109767774342064,0.3764121516104856,0.48550560347596955,0.11276405355265093,0.4097307950377318,0.4545433952647846,0.39194963440411557,0.3252253756900115,0.5252452120419288,0.20395450739467283,0.3735525878746038,0.7718267344410128,0.6910488523632443,0.6260823159766029,0.46033980654045137,0.47250069642727527,0.10313821554001197,0.4587517577634104,0.19041094877374573,0.09234984130495764,0.09171180620310075,0.3530709206985198,0.3218594586225338,0.43397135012904675,0.29936770525439876,0.4599163819377484,0.217413984258901,0.4915926520113413,0.49547556422058936,0.4850613360029436,0.06544269691685774,0.46189269726357046,0.37022183280895304,0.2633756820263651,1.9195348281492695,0.005580827591700185,0.004101079294276952,0.002616830618503325,0.01973270723644908,0.014061119160460392,0.0069391448086343534,0.020375116810705324,0.013444278426062368,0.00836304341072922,0.015226213708232107,0.012820183997769723,0.04344179377912303,0.01846270261659166,0.04197817515631845,0.01787008642319487,0.039514914970727635,0.09399896451471583,0.01297343581982556,0.04584173005695169,0.03033772750806484,0.059593771157752204,0.03154207654625831,0.07438846628698872,0.02554343064239914,0.02015611931976582,0.08920347285833764,0.08111593452546896,0.09368353976661756,0.0226213708232108,0.017603249830737983,0.002947150424150703,0.04157871679477478,0.005257079134971524,0.0008761798558285874,0.0010354852841610578,0.01768290254490422,0.0062925644191325816,0.031701780238161614,0.01366044047950934,0.03652076944521884,0.007567007845792346,0.031064558524831733,0.03162212752399538,0.03417101437731491,0.0005575689991636465,0.03847226094229161
422,76.54876245660482,38.88016184220385,640.9177427008667,0.1294222383176403,0.13673835510377377,-0.0027355328554659226,-0.07638092492319987,0.2208064904218387,-0.9458791522765303,-0.2155962741826719,0.2472156272134668,-0.9213800180823695,-0.15286972701615925,0.24301618422038512,0.2811009265965683,0.13124503608981244,0.40385049576662757,0.14257498938534927,1.2987756936986439,1.6197809635605285,0.07723569519718275,0.8966924748370341,1.5776083318764205,1.3605564574539821,0.1778041409625615,0.4205379754739129,0.1687524663453133,0.22392717100826692,0.5802802267788907,0.6426641524513599,0.30961887160018975,0.4354254601763281,0.34831039736257147,0.037962986088563654,0.35053323010065185,0.924298808661555,0.9581657883563526,0.03369215015360024,0.793776068333375,0.8640325682459602,0.9156572341966582,0.15347536152251554,0.2624690926346812,0.2561252778540923,0.07857339094382977,0.38634831039736256,0.2764554559304678,0.030794974899473013,0.4214390968805415,22.28085656261403,18.131679635315155,24.135255506399858,0.08927685647315456,0.17292285412113087,0.14954860202885734,0.17011343826384379,0.11378988664152129,0.06849497200437321,0.14800795754199156,0.11020832237708464,0.07255572498663994,0.16305149083394802,0.11424803326694769,0.4560872416386422,0.3144404422487422,0.4241540821158767,0.3687362470194069,0.4874151974617198,0.7355366381340789,0.16800357801696605,0.44365784839100664,0.5374010554946695,0.5112061129796309,0.3284637719366044,0.41598913529992565,0.3064410935329802,0.4637942673474887,0.5689156393016578,0.7033136500066859,0.4974419850570218,0.49581878617796654,0.4764409027595775,0.19110915716993737,0.47714292490438315,0.26452271844061676,0.2002126657619362,0.18043780735717696,0.404598208326624,0.34275825807117416,0.2779046465140877,0.36044960793726816,0.4399817074946702,0.43649728350305006,0.2690751223206621,0.48691807823018574,0.4472503021425254,0.17276397158655224,0.4937957821005111,0.5994954792946701,0.46134422298816125,1.995808981467605,0.00580910634896848,0.005433887806583745,0.004790998551376192,0.023008085069184274,0.019968545556721114,0.006307406863479695,0.019038366851491084,0.01753038743193966,0.007851375693091562,0.016112093511164393,0.017832509116339476,0.03786702632499126,0.022278835106648683,0.05467156201608473,0.024009441031020533,0.051426394924821414,0.12321669414056645,0.01578075827963435,0.06291298266646685,0.055513262400719326,0.07280433588091312,0.03140591438133773,0.05662370747789601,0.030539487486887458,0.027790598931015535,0.08459438533393276,0.09540636395424347,0.07117888006393926,0.027723662520605426,0.024127079274689045,0.002647484889355113,0.03414256456366452,0.01171387182176932,0.0060442579549428044,0.0051700884160047955,0.02707427943453719,0.014211499075877916,0.010065437834057646,0.017508367051301262,0.032868774664069136,0.029621859233727958,0.009191268295119636,0.043758429491982616,0.035341425645636644,0.0028972476147659724,0.035216544282931216
423,-6394.713217082804,-4803.895391257782,10641.276206573397,0.09646897382689604,0.07039714840350758,-0.03031816051944574,0.04089605241314678,0.29086920225584045,-0.9472301705937478,-0.18670575865185085,0.30859369131133274,-0.9246589034406587,-0.07722190240310595,0.3087127317758886,0.2203614699779102,0.10130664703126047,0.03258651850860165,0.08839179329272373,0.5188878104290783,0.28610683446013785,0.06797375995715911,0.7731782582502176,0.6784754668987214,2.1614525738001205,0.1919074235223241,0.6146659749648571,0.19758718789744964,0.2480360131200214,1.0243647499832653,0.45858491197536644,0.4056027846576077,0.1313675614164268,0.1317357252828168,0.0012383693687663163,0.8204364415288842,0.009003280005355111,0.012919204766048598,0.05726621594484236,0.7022893098600977,0.2763571858892831,0.9779436374589999,0.11038222103219761,0.3826896043911908,0.16704598701385634,0.9702791351496084,0.43302764575942165,0.2615636923488855,0.037987817122966734,0.40096391994109376,322465.66954809247,241849.09494877618,503839.60878898774,0.059319628396016476,0.057428503229078345,0.04120439102506361,0.052783536218479664,0.07621717944664566,0.06377596114167094,0.0497994850316894,0.06865427292695128,0.06251610891237175,0.04686324463153309,0.07568959238173767,0.445219970247639,0.272452633947174,0.11100229117953522,0.2545396924934239,0.39194975737775806,0.36123847223792377,0.1495218619750339,0.5439999606412299,0.48487302064884635,0.6435116041952865,0.34289649998826843,0.6003486624163994,0.4255304268836011,0.4814362748525314,0.8902265065816146,0.49805054141529087,0.6454949297367971,0.33780755550172126,0.3382088886733406,0.0351692650998468,0.3838299334860497,0.09445908948455867,0.11292796704489726,0.23235447795258102,0.45725926246403775,0.4472030693878799,0.1468693343365671,0.31337082355264084,0.48605162082845044,0.37302316601645946,0.1698190220542392,0.49550269553539583,0.43949356305888587,0.19116999253624958,0.4901019222600845,539.0265388091171,404.37035177561324,843.1795528332831,0.006734377614887707,0.0032370050540549583,0.002047862904575426,0.016209508719081563,0.014916029454095125,0.005503460454530241,0.016295884727382266,0.014428012116343676,0.006560786491280919,0.012380895002844998,0.013332262275328848,0.026966562907922483,0.019846704823108078,0.008594571074739765,0.018420858854637345,0.03425377380593768,0.05301201593198782,0.013250995749238544,0.05673394249757338,0.035921277236670345,0.07827626602403186,0.031401412457743416,0.07622786759045419,0.027832111657796966,0.041116577969675674,0.0838538005823878,0.06476486929745288,0.06667135254543628,0.009237875288683603,0.010175051042608026,6.694112528031596e-05,0.023295511597549955,0.0011379991297653714,0.002275998259530743,0.008367640660039496,0.025772333232921645,0.024232687351474377,0.002275998259530743,0.0125849315526994,0.03447467951936272,0.014459283060548249,0.0038825852662583257,0.0335375037654383,0.032064799009271346,0.003681761890417378,0.023161629346989322
424,74.46930146482231,47.4005959662495,616.7954612465105,-0.003402622251497757,0.08858947335403532,-0.10300100373263071,0.013249182397038987,0.16568298494401051,-0.9687173109689157,-0.13373258122392645,0.17692496468115804,-0.9564701020670618,-0.0619041749004109,0.17495800006273327,0.32898528904363106,0.1594720993695304,1.0802901414635675,0.08446315987578809,0.7587418838806812,1.0132740503748314,0.1300454816348295,1.2845409491546689,1.3234562905805967,1.8420040149305228,0.3133766193030332,0.7893736081051409,0.17643518082870677,0.1949085662306703,0.7508431354098053,0.598402810451366,0.22147736896584172,0.2873184655437408,0.32455067281452904,0.40381418399673785,0.008186694269314012,0.161193187164769,0.9085662306703052,0.12371004673630062,0.7484081427809667,0.7365515510805809,0.9064960321194442,0.3768075029014146,0.3622533797559675,0.16301245255794988,0.7744110912455695,0.42806060035757976,0.2237069100718296,0.00548916282425269,0.3033154543458486,27.379082712540995,22.881206783310663,81.56564633638605,0.1196093211650348,0.17484741376404947,0.1752918314114922,0.1110109746342831,0.08199330143828358,0.08649264063288455,0.10701661479234076,0.09712200429779734,0.08752060950640778,0.10428574721392832,0.08475101342966357,0.5041130288562109,0.38303421193212817,0.5142984592143873,0.22675765706379133,0.6588936926952544,0.7826900508122628,0.28452412636438157,0.7694695109738939,0.5915592726034931,0.8360972674493856,0.5826851003670902,0.7010419470406227,0.3116622249828083,0.3584199064115943,0.7324214950698761,0.6344556808898411,0.35183238815891094,0.4525184945864676,0.4682140642102176,0.49066876862377695,0.09011063755802694,0.3677148144849013,0.2882294935963705,0.32925563246188944,0.4339346735598015,0.44051044296532066,0.2911419492652892,0.4845936179092472,0.4806590427164259,0.36938282668415706,0.41797611520364425,0.4948054186748132,0.4167344188174267,0.0738864206240075,0.4596975287700391,1.3847961104140527,1.1125376411543286,4.38396800501882,0.013238895859473023,0.013277195734002508,0.009893412797992471,0.030484553168130483,0.024777881618569635,0.0060404124529485565,0.03224466213927227,0.03014600737139272,0.00939970674404015,0.02330116060225847,0.025119447929736513,0.09390150564617315,0.04298431618569636,0.1002650564617315,0.02735194479297365,0.06685664993726474,0.14046016311166876,0.025287954830614807,0.10767314930991216,0.06557465495608533,0.1405840652446675,0.0751844416562108,0.14460633626097869,0.04829861982434128,0.04911198243412798,0.1249585947302384,0.10416813048933501,0.06847145545796737,0.03475533249686324,0.035570890840652444,0.036606022584692595,0.0028230865746549563,0.01957340025094103,0.013393977415307403,0.015809284818067756,0.0349435382685069,0.026097867001254705,0.014397741530740277,0.045106649937264744,0.0523525721455458,0.026537013801756586,0.033594730238393974,0.054391468005018824,0.039209535759096616,0.0010037641154328732,0.036104140526976164
425,80.32362891121117,26.344261632605935,603.8386993418774,0.0974205345803025,0.1995462995035215,-0.04703960281722665,-0.07859870502828772,0.1706112747084632,-0.9691007763826348,-0.21959537821845052,0.17205983575799563,-0.9475887693395681,-0.15318153215564023,0.17598738598314284,0.21552880729707888,0.08526180579609745,1.9089773120886733,0.059295116037409085,0.22913549243736292,1.4483786514259325,0.04830562290728553,0.6516640688142247,0.022437940191663782,0.8138540584228149,0.14914328599468885,0.3761196744024939,0.10744977485278837,0.18092223761690335,0.4904719431936266,0.48791854289343034,0.33235221106107843,0.20996420736635493,0.2795866528114536,0.9182253781318555,0.03397413693568872,0.02381364738482854,0.6323461494053805,0.014721163837894008,0.07109456182888813,0.014403648539429628,0.9401916637801639,0.11805796097448332,0.16611823115113727,0.09034753492668283,0.7418023322941923,0.3151772312665974,0.128333910633876,0.0006350305969287612,0.2627872070199746,9.858833607640669,13.825075737272275,30.284868775198746,0.06936904189503255,0.12111834508218076,0.05978789006309798,0.0769561543640208,0.07815685352661376,0.08264887090455271,0.07377067350830521,0.07244737036321809,0.08283652646657562,0.07579139132016809,0.07687105366633526,0.3883822850756696,0.20212438166801777,0.5060067976410536,0.15885866727791886,0.23691142134298687,0.48769731255497667,0.10697037913135499,0.26696626370164894,0.13932266236416785,0.4529669725279026,0.25255627381028745,0.33494966591256786,0.19688212759867402,0.34321095582321726,0.4983838321236797,0.5335843725227672,0.572778321500096,0.40728862890865286,0.4488025963424566,0.2740249998680693,0.18116523488148426,0.15247041881928652,0.4821734206721169,0.12043616506933721,0.25698644207877935,0.11914945754485737,0.2371348188336619,0.3226813975834828,0.37219210498726535,0.2866831529685333,0.4376495867956651,0.464593127995567,0.334466062665683,0.025192174422494863,0.44015415825860676,0.2912305516265912,0.21604941835291402,1.7900903501428855,0.004674450827006898,0.003814796640013856,0.0019129116993331983,0.020208478134110787,0.020157687613659325,0.00544391262304073,0.018403920185896143,0.020072818866726322,0.006762821031665849,0.014150939583754294,0.018071962589844993,0.031112778916375608,0.019546805992552607,0.05972288774066911,0.01633692232196981,0.02575556389458188,0.09990791790549317,0.011520942181681725,0.047121496406200385,0.0029512455618739713,0.05464336229541322,0.03038189533239039,0.05373495367029414,0.024699073405882864,0.0201056490488699,0.06890107669659094,0.06606991311376036,0.06098750108246976,0.015760759749444332,0.017204052766792714,0.006581416159108623,0.007274196807435846,0.0013278295759605115,0.03827613082007909,0.001443293017348382,0.00819790433853881,0.0016742199001241233,0.005311318303842046,0.008544294662702422,0.025979274312270876,0.011835002742256732,0.02216898074647115,0.03619778887509742,0.018705077504835032,0.00011546344138787056,0.02444938371388159
426,72.87713585434174,-13.413986150015564,569.4234827264239,0.3887555633364457,0.14709807812013695,0.03109173669467787,-0.048939002489884836,0.505510776766262,-0.8375308299875506,-0.22921421265172737,0.5098607906551509,-0.8034765966386556,-0.16527894491129785,0.5456423124805477,0.36199968876439464,0.1356862745098039,0.08769880174291939,0.058374961095549335,0.2535181294740118,0.3211181139122315,0.07127256458138811,0.5274766573295985,0.33461951447245564,1.2923268751945223,0.12465297230003113,0.3199894957983193,0.13264939309056956,0.22557889822595703,0.662337379396203,0.48477279800809214,0.27326953003423593,0.25462962962962965,0.1823062558356676,0.03454715219421102,0.030773420479302833,0.025365701836290073,0.07847027699968877,0.05878462496109555,0.48696700902583256,0.014705882352941176,0.9611733582321818,0.028439153439153438,0.15433395580454404,0.16818394024276379,0.6355042016806722,0.38044662309368193,0.3167989417989418,0.006107998755057579,0.3453159041394335,21.931660836842124,24.688262819631575,70.2309099319628,0.15256276873807792,0.10890765215116993,0.09141927978905036,0.07801153960857006,0.08541743161562924,0.10942779919414132,0.08674165577647286,0.08527437342889967,0.1090084318566992,0.09045433398778764,0.0943663402041199,0.6679956359944866,0.32150696925738376,0.1883652941332286,0.16000968025574983,0.4033244893638649,0.391664683360647,0.1780925002950508,0.37832842148887913,0.2737685573677379,0.524892302972773,0.23123321040072423,0.4459892330877521,0.2526136170323884,0.5205126695205851,0.6867609546908374,0.494249469355512,0.4469613056776776,0.4356612966959445,0.38610424066256904,0.1826333598367387,0.1727066226200233,0.15723627078671795,0.268915425407931,0.23522573298238375,0.49983983537617155,0.12037517646830018,0.1931853658892045,0.16622708256158805,0.36127560629205435,0.374036823531778,0.48129785315384993,0.48550608696281466,0.4652373512292264,0.07791615552859722,0.47548041607332675,0.5170447029529627,0.4898688869003618,1.8443372368984168,0.00875944442283002,0.004903007431039178,0.003622339804692059,0.0160449493444345,0.011884302104812668,0.00850358172197798,0.015931565731626657,0.010504589503170838,0.008633247325214956,0.013393689452593081,0.01141687740730654,0.040066918258569034,0.02813368089328094,0.021727424814224024,0.017962105590787068,0.03074660545461619,0.06275142979418745,0.014581177294479242,0.060364937944986964,0.03793564953507372,0.07608956152978251,0.03218145741742209,0.05496790257946544,0.03461930513947788,0.027984281990429138,0.09402754542271331,0.06998638291250048,0.046831109209041745,0.014511924678053146,0.015134420106602342,0.0037349725712951796,0.007820098821149282,0.002567793642765436,0.011360541571022838,0.00739213321402171,0.029374003034665214,0.0031124771427459828,0.0037738785355795044,0.005758082714080069,0.024705287320546238,0.02528887678481111,0.0492938567482395,0.03754425553437342,0.03178617282029335,0.0008559312142551453,0.027856670427576547
427,69.53297010017587,41.48170451938518,588.0470367821365,0.26307876424256327,0.11925204557620248,-0.033779383650684405,0.006294990594172972,0.2471714975147205,-0.9420137192016517,-0.2588342715836966,0.25247587963600215,-0.9061758139099182,-0.1335540261527873,0.2604322856924371,0.30613519920471055,0.11932706278198364,1.42381088934771,0.13356389080064232,0.31938594478856003,0.5008698478244245,0.0710419056358492,1.2413607861130227,0.8206855547908543,2.01891144757972,0.19270321939282714,0.5809830236292727,0.13631796283551273,0.1496681195992965,0.6153330274527797,0.45326412785807135,0.3577766307257016,0.11084346562667279,0.2298310009941118,0.22149575590731818,0.18968417832836276,0.044735030970406056,0.9055976141316816,0.08484361856694961,0.343847977364839,0.33761566108434654,0.9227651602049399,0.23904565267263134,0.3435803318804007,0.1574902500573526,0.04813795212969336,0.38785654202034103,0.2569779001299992,0.02332339221533991,0.2854630266880783,12.803448231494833,15.07488273449126,21.191435374990988,0.093563219701825,0.06433784824356836,0.045295452441063686,0.1282464415732281,0.11998495266291977,0.1017328891482992,0.12666115784093415,0.10668371233910993,0.10197004929058455,0.12895056954048023,0.1165734747177083,0.5248858359169264,0.29073421773060626,0.4226592743363185,0.3298558405275105,0.46011242403485203,0.7079004678215574,0.163202932067945,0.6034598200630673,0.44649643254533516,0.6035025575865106,0.37827263690722157,0.5415314893997276,0.27625371935199283,0.3458183603652481,0.6546915928021856,0.48285109303464807,0.6226876241759564,0.3139441992452194,0.420732076475383,0.4152613386210166,0.3920586281813819,0.2067255232598277,0.2923933040850517,0.2786541724750187,0.47500018170640834,0.4729057806382245,0.2669688079531321,0.4265088321995001,0.4749121087324317,0.3642693298750255,0.21406177080149774,0.4872708929298195,0.43697546826785416,0.15093138373645973,0.451643317603637,0.45418498833785803,0.38859021909532365,1.932550758995144,0.008322142775207432,0.00443249340419837,0.0031411692731235425,0.022884211524490498,0.02403770940236302,0.009073071005238405,0.02107851875501855,0.02375233044010247,0.01019977482506787,0.018359423393109777,0.023277711925974078,0.045408174970366685,0.029748785990134974,0.07523113983099453,0.02542576377471036,0.03347837724161664,0.07439299506748748,0.016481474400642373,0.0743268458685428,0.044887011050357514,0.08549382480021413,0.03536687951669024,0.06423469582839446,0.033661147860666076,0.030791113830153326,0.07621190685581004,0.06897755515619623,0.10983328872404696,0.0071502313310136505,0.019959469276947195,0.03196574006806103,0.024471379956410355,0.0055060604901923296,0.016059343096394296,0.008259090735288495,0.029021527167055406,0.02596260467250411,0.00940618667074523,0.019309448246855047,0.025580239360685198,0.019653577027492066,0.008717929109471188,0.029021527167055406,0.027377356326234083,0.0028295033074599474,0.04779566397736398
428,38.89846168410091,-31.400407062053297,574.5269418279926,0.37993482273867557,0.08752004543948501,0.002619680976948924,0.054379329057604016,0.5238594376863729,-0.8225629077957115,-0.1620770992095423,0.5058263124437923,-0.8188641715813887,-0.06571250059165995,0.5526101197519762,0.3588233066691911,0.23616746343541437,0.4606451460216784,0.18243905902399773,0.9605277606853789,1.1234463009419227,0.12044824158659533,1.1907336583518722,0.7127528754674114,1.3948241586595354,0.20528234013347849,0.6729209068963885,0.11764708666635112,0.26411606001798643,0.6197595493917736,0.4832001703980688,0.3217844464429403,0.2930846783736451,0.4164339470819331,0.27088559662990486,0.022057083353055333,0.36010791877692055,0.2542244521228759,0.09802622236947982,0.7197425095848914,0.32716429213802245,0.784967103706158,0.29554598381218344,0.28953471860652247,0.1884318644388697,0.3816916741610262,0.35329199602404504,0.2682822928006816,0.017134472475978605,0.41932124769252616,28.385344824651785,19.209251791096026,27.937782527345913,0.15411570226704766,0.13883512303411844,0.21621748673158772,0.09307658767300797,0.10650752566910261,0.11099408729520241,0.09357585031786837,0.10786573519930656,0.11516589934613794,0.10434252796228251,0.12005281498056662,0.6113976205637224,0.5505721370527075,0.5117631203680939,0.4883244994669523,0.7264319907987798,0.7965328747776517,0.26407996968123937,0.5583441148068198,0.6839843819154554,0.8271970913938574,0.4092504914204721,0.6172786551674488,0.2137168244004672,0.5196025281394806,0.7333538090608162,0.5652574350107121,0.5229864180333917,0.4551877160422026,0.49297892247536357,0.44442765344896673,0.146872698179996,0.48004282416612265,0.4354346730828754,0.2973571376700496,0.4491355893098216,0.4691889148801013,0.41085488881566745,0.4562985977965594,0.45355716547291247,0.3910658967841359,0.4858130414621112,0.4780037411206812,0.4430758359073579,0.12977549650355333,0.4934596889095634,0.6288317712770992,0.5502414086907129,1.7032424500615362,0.007801098172867558,0.005076824765691565,0.004167944712676323,0.017804719539903435,0.013254511218403865,0.009710958203161979,0.016265256461232606,0.01416249545583641,0.0104813150620089,0.015547003692132919,0.014524850894632206,0.046974344409732076,0.03627094575404714,0.05393732841048945,0.02046956357095522,0.052940452522957496,0.09932689576824766,0.01847297169364764,0.07771371769383698,0.04103805737006533,0.08556092019312694,0.03685032661175803,0.06753053109911958,0.028949162169838116,0.029561677553725265,0.10321830919246425,0.07269241692700937,0.05965256082552305,0.017939979172583546,0.024566884407838684,0.027217646501940737,0.003408122692416927,0.018886679920477135,0.02362018365994509,0.00823629650667424,0.026270945754047145,0.020117390892738805,0.015005206854113416,0.024519549370444003,0.022294802612894064,0.021111426678027075,0.03720533939221812,0.028211682287229006,0.025371580043548236,0.0027454321688914133,0.029442393259490676
429,43.10813548701525,-21.983568892292695,507.5943883589779,0.19436524402979877,-0.033605653415024715,-0.001975527396783402,0.0675613863747128,0.37642915240548636,-0.9121188171343035,-0.0738690087029172,0.37744846153310585,-0.9118357733412239,-0.003325872032305227,0.3903477685720253,0.3193493699087935,0.27727772749425605,1.299339970758198,0.15325558727285385,0.676911508737729,1.5341105618603357,0.14486458260809024,1.1410951751026943,0.1692818352711829,1.1305343591171761,0.2356565480749147,0.5466594722550999,0.13789876766692194,0.15648332521061056,0.8583568892292697,0.6939218826150526,0.32661560955232194,0.22878228782287824,0.25290677435076236,0.8064819327438557,0.16591241384111954,0.13364199679732647,0.34195502332381816,0.18725196685929124,0.8539998607533246,0.09747267283993595,0.7971175938174476,0.2823226345471002,0.14871544941864512,0.15755761331198218,0.3294924458678549,0.4054863190141335,0.34216389333704655,0.006614217085567082,0.28444614634825593,11.262261495170993,11.19110103465573,12.645558449154425,0.0687155724663489,0.07420101243843447,0.0647507806595623,0.07097907010431281,0.08566857545111,0.07080269557998932,0.0625440717394406,0.08537805273873646,0.07102589383325542,0.05976627424729777,0.09161947410094005,0.665225476337156,0.7707715375121819,1.4365831583868693,0.4506118821332506,0.48612052963413305,0.8093059189768976,0.30733215848464873,0.46851377873341676,0.36600126430746466,0.7770929133073882,0.3656133665070802,0.6451440584487007,0.2609513537768887,0.3132204680997537,0.8726666243508382,0.7472358010756425,0.5901603850261636,0.4200560617574998,0.4346855364004821,0.39506234711353616,0.3720084708334495,0.3402731905217726,0.47437286916952115,0.39012045049260413,0.35311250218495666,0.29660548450665947,0.40215266432382946,0.45013733263953154,0.3558139567308135,0.36433203623187327,0.4700370890634062,0.4909944565358928,0.47444240892544925,0.0810598418137751,0.45115808966369125,0.4600870322019147,0.36445604873803306,2.149897302001741,0.006034986945169712,0.004634638816362053,0.003186597040905135,0.02103249312445605,0.01877753869451697,0.009942051557876414,0.02002016957354221,0.017518208320278502,0.00925169998259356,0.0156577545691906,0.017595613577023498,0.050930200174064404,0.04664160139251524,0.07913942558746735,0.03141375108790252,0.047032898172323756,0.1254175805047868,0.019570409051349002,0.07309033942558747,0.018125674499564842,0.08504160139251524,0.04942001740644038,0.07066179286335945,0.03514221061792863,0.02319965187119234,0.10833768494342907,0.08722019147084421,0.07134934725848564,0.01681462140992167,0.018798955613577025,0.012741514360313316,0.02565709312445605,0.01455178416013925,0.020330722367275893,0.01308964316797215,0.01681462140992167,0.007449956483899043,0.024786771105308966,0.02443864229765013,0.020052219321148826,0.024160139251523063,0.03436031331592689,0.03147084421235857,0.026457789382071367,0.0006962576153176675,0.037702349869451694
430,72.1578088321596,4.919201144366197,417.14671728286385,0.1376704445422535,0.2037463321596244,-0.07761553697183099,-0.068986011810446,0.32106171996038735,-0.9329743031103287,-0.2778505766945423,0.3595541664465963,-0.8786559642752346,-0.18863739730046947,0.3582006308685446,0.5361733421361502,0.3387701731220657,0.31767972417840373,0.0766618984741784,0.7851382775821597,0.9818306191314553,0.07308025234741784,1.4191640991784036,0.7967521273474177,0.6325377787558685,0.19177340082159625,0.42801423122065724,0.10825227406103288,0.19291629988262912,0.7131877200704225,0.5429797535211267,0.36911091549295777,0.3199823943661972,0.29504107981220656,0.23738262910798122,0.034404342723004695,0.1535724765258216,0.3452904929577465,0.06110622065727699,0.8612822769953051,0.3732761150234742,0.5082526408450704,0.09499706572769953,0.08065580985915492,0.03770539906103287,0.30311032863849763,0.4230487089201878,0.2998092723004695,0.0019806338028169014,0.41795041079812206,19.738194358347094,16.93394443289715,13.388167645684511,0.07271657127180615,0.07829212576966357,0.10183885113035253,0.0750188468357772,0.08799306668568928,0.06624216707374184,0.07285882485750597,0.08406164174834568,0.07175068118420376,0.07401322665314199,0.09280107600470443,0.9767965458277562,0.8073531613644337,0.5541957356825571,0.22966843118668206,0.6156001845610247,0.5663108664197155,0.16338051593481512,0.49693414489000476,0.6374018146205713,0.6200942275843323,0.3479947722569904,0.40567545427636686,0.22330179462211916,0.3898957462155853,0.7814135711961742,0.5492363318029738,0.5721947560818005,0.4664779125990859,0.4560695891242627,0.42548649416688317,0.1822687643321887,0.3605450580797491,0.475471618960592,0.23952944464935005,0.345658066080272,0.4836834066575542,0.4999410578841552,0.29321626265449086,0.2723107967287512,0.1904863061213393,0.4596109282186143,0.49405207371210147,0.45818268462574235,0.044461032352101054,0.4932309681236066,0.5851080218611304,0.4904779371309099,1.4121923486043355,0.0055037963540329376,0.00423236621061512,0.0033367200968345374,0.014535010563767744,0.013886219454938927,0.005524036753108608,0.014219617210138284,0.012904109085573854,0.007512397461761362,0.01130627590507281,0.012953269999633202,0.036650772108718775,0.028955727542823606,0.03477753732164472,0.018045702967391705,0.039304551956864615,0.0919755712870924,0.014644023034882441,0.06123500715255108,0.03916700289770018,0.05945530572570884,0.042032791695704806,0.06817078091185858,0.03006859113083667,0.02374977075156806,0.11013021310934233,0.08271173385174047,0.06596779518028097,0.010050251256281407,0.01012361075450244,0.014011664160217143,0.005208524373693284,0.011260682976928438,0.025419066133587645,0.006895792832777024,0.01584565161574295,0.018486593551700105,0.020614019000110038,0.010563767743828632,0.016432527601511204,0.009023218281186957,0.02809668781865532,0.028426805560649967,0.03158126398415435,0.0002200784946630965,0.02266808495029894
431,36.21604780366921,48.70519205403893,584.5991926136136,0.6248584675646509,0.14184927455134097,-0.12475850353731165,-0.04652708473560094,0.3993358649426436,-0.8954221301011231,-0.18923926715696068,0.5008308855669691,-0.8157991890163475,-0.13498065470242615,0.478727247292058,0.22117910388105044,0.10283664415044567,2.269557136576202,0.09616131739877691,1.7789456013429792,1.4280594747991524,0.06662896198888846,2.8698736959910467,1.8986610176266037,2.8924981014429036,0.1409828530316959,0.5426116151724689,0.11364163235940684,0.22845597346017021,0.42893800711459285,0.32977497102202324,0.346845597346017,0.4929453615252408,0.285942683560494,0.9866901155122108,0.1356169311323394,0.8655821575602543,0.9878092649586314,0.017626603781126345,0.8904832327431152,0.459530756624965,0.9663855469842919,0.23198369239378072,0.41272632799072706,0.1246252847835645,0.7962748311283424,0.49910068348055475,0.3399416443502938,0.0013589671849394461,0.3562892201926536,18.472976513062797,30.026435241575093,54.64361223244673,0.1670324568081695,0.07037463861325344,0.04285879657777555,0.09997508919486124,0.0840887389516421,0.09554226750937374,0.08217043087803157,0.1407850448556594,0.10423812748601297,0.08476631753763356,0.11226489449830113,0.33151207590787307,0.2259071995518377,0.5453653554232015,0.24014686037176877,0.42953612010869807,0.5565264592776773,0.13551064168425275,0.5082029097643692,0.3588606128947337,0.4541704347291582,0.20757931751778835,0.5330340590063254,0.19054250914850362,0.548488451721028,0.418203490563044,0.3114861414569169,0.6180126452171619,0.4999602213095282,0.45187125000503486,0.11460042056649965,0.34238817845839664,0.34110751488721325,0.109738791495043,0.13159254826237937,0.3122927201419923,0.4983695091823049,0.18023823126672062,0.4221070722221366,0.4923342305088246,0.33030014197608987,0.4027750099252641,0.500009183918228,0.4736985239391785,0.03683985123327394,0.4789116610139958,0.4007154848509073,0.4221240706691183,3.4970021584459188,0.018427212407066913,0.006356223519066272,0.00427440243025022,0.018306532096890236,0.01891837852746023,0.009507559397233991,0.04277593524662243,0.04095306123591015,0.02562694739787353,0.02727708050203853,0.028695459269326085,0.05077863937964665,0.03480214245743065,0.08616675993284836,0.023097769605883764,0.05151690782636501,0.13848908785674313,0.01915820609161404,0.07117235590374929,0.04594611879446797,0.08429570709089455,0.03550243824446399,0.07357542569350067,0.035490446878247664,0.02829802542169638,0.0677072507794388,0.061478135742265565,0.05868334798944759,0.03941162363098569,0.042369493964345674,0.0009992805180270205,0.026101207130865778,0.014829322887520984,0.0005995683108162124,0.0032776400991286272,0.014909265328963146,0.03909185386521705,0.00487648892797186,0.021224718202893917,0.047046126788712124,0.025421696378607403,0.022783595811016067,0.03861219921656407,0.03989127827963866,0.0003197697657686466,0.027979854504756575
432,65.46837494212755,58.22862637558318,508.5124790768902,0.45641272837351754,0.23738598240678085,-0.22120509989671996,-0.0319356803304961,0.41928817753481246,-0.8794300064817123,-0.19193864022935286,0.521100851454824,-0.8001996895544713,-0.12915915808967554,0.5009905979557677,0.3442184550731863,0.12403718081128245,1.1247523059938032,0.0694145090637131,0.9402482282132555,0.7158798390256064,0.09721784963851991,1.6916143737312583,0.3033498343958118,1.7270458349656328,0.18394031126464616,0.7731304533637238,0.23234196374514762,0.24452758289112858,0.6388489618576161,0.4570896399444425,0.31891164215249834,0.42722319170910644,0.3330602941700203,0.3890451939171623,0.0061968018804088466,0.01381815591723352,0.5843156807578618,0.07019480750738986,0.4341322696677232,0.03625485238078279,0.6104562128280921,0.25716727803696715,0.19032016809715446,0.256704298586132,0.07453969158445814,0.48694754086684,0.3183874069589373,0.010826596388760283,0.39328323658249936,19.823932837898415,18.95341801991795,41.49044925030141,0.14224211101341958,0.12458682633488705,0.12139157485810524,0.08589224867409687,0.09360088803690357,0.12470410195310984,0.08459217911720339,0.10695710082986501,0.1208620278468194,0.08934526503652558,0.1052298133095121,0.5468950238444557,0.2781105892699362,0.6069665558301269,0.17756793524315123,0.5360152518662853,0.7997562675980319,0.20923800325205855,0.5671400554136107,0.3023216263970476,0.8189991801573572,0.30549287016762683,0.6005197618482792,0.4217211414554415,0.4381976303018042,0.6755152734195462,0.501492102477585,0.5286867889119797,0.4946839913612088,0.47131629065197467,0.4875423020817465,0.07847688104644375,0.11673773947831313,0.49284837075310584,0.25547959020827493,0.4956512799850221,0.18692694419450234,0.4876555078037314,0.4370801674431885,0.39256068312859077,0.4368226153552121,0.2626518281228066,0.4998385049303674,0.4658589863042349,0.10348798294867509,0.4884874927494654,0.524823705392122,0.4215186266828122,1.6132879834746068,0.008895256072369826,0.00529517771921077,0.004506695633592136,0.02082649031270033,0.01748819509936605,0.012494492734525253,0.017985070126077356,0.01819613416197735,0.01590344650616141,0.016681351948144456,0.017395113612080633,0.04209772775838735,0.02716005413490989,0.0793681886174229,0.021082698197877343,0.04763907685732602,0.08306645772490918,0.017098440059833322,0.07060794928413704,0.03130814160552746,0.09000961606952063,0.04025678467127288,0.06578068238478524,0.03723270888239903,0.02547795427024717,0.07311097656528243,0.08090284208276942,0.04977420044162689,0.013604957618063965,0.022081344825129995,0.02546477669349669,0.001816368687228435,0.001673908398034048,0.02906189899565496,0.006517558230643208,0.025357931476600898,0.005413490989386709,0.027031839874634946,0.012251584870717288,0.01841299237837453,0.02664007407935038,0.011610513569342546,0.02877697841726619,0.023648408006268253,0.0014958330365410642,0.0198375952703184
433,-23987.742157555596,-18107.399393057574,38257.22660569528,0.33438183329869053,0.04279642485969652,-0.06492093119933484,-0.015203104926210763,0.42097697892330077,-0.8894684494699646,-0.12400318341301185,0.44709637206402,-0.8684871721887342,-0.07803658283101225,0.4537559343171898,0.13665308667636666,0.08033464976096445,0.25932779048014964,0.0613560590313864,0.0638308044065683,1.1813980461442528,0.05352733319476201,0.5737139887757223,0.025371856162959887,0.4630804406568281,0.11847516108917065,0.32592350862606523,0.09674911660777386,0.12904219496986075,0.7700328414051133,0.44370276449802537,0.3378582415298275,0.126626480981085,0.05350239035543546,0.007690708792350863,0.7087923508626065,0.004905425067553523,0.5732695905217211,0.021284556225316983,0.21525670338806902,0.0,0.7167324880482229,0.06339638328829765,0.12641862398669715,0.13909790064435668,0.7623363126169196,0.40453128247765535,0.3250883392226148,0.005944710039492829,0.34587403866140093,622130.8371357999,466593.6144219214,972049.4168338965,0.11359887832901354,0.0831303746373794,0.07616401270237791,0.0751762428368709,0.07669544893173803,0.09644269452139045,0.0674334201494,0.07851711078928883,0.09585180664161562,0.07244541782285617,0.08356885171064497,0.27270973790416614,0.29013294662584915,0.25716452389352634,0.1957375000513167,0.16409210770985136,0.5458314436711684,0.12452363805233646,0.4384487606510161,0.09904924450606181,0.4014264050844982,0.21391122926659853,0.26906596531615795,0.17952668905420371,0.2441289779030527,0.8295172876390106,0.4541973026907929,0.5581761737269741,0.3325609913378673,0.22503775203285825,0.08736062647734433,0.4543284441391699,0.06986819595453242,0.49461271435729953,0.1443342991918761,0.4110088534562624,0.0,0.4505945728622773,0.2436796059861938,0.332327469080738,0.34605585249959964,0.4256608876647404,0.4908113062547229,0.46841758326732663,0.0768740276884762,0.4756622685912464,669.6125758709569,502.28813918682965,1047.4249438762781,0.0062249106177766685,0.0038400266068013634,0.00288047725949946,0.018127585515922504,0.013006279371414319,0.007619597821568139,0.01623144075829384,0.012914700839777169,0.008356993680884677,0.014137939635819406,0.012401928993098861,0.03147834040076495,0.023263490479753887,0.04024444998752806,0.01743909536875364,0.010641889082896816,0.096502868545772,0.01396940217843186,0.06227903882930074,0.005411158227321859,0.06210110584518167,0.03604473268479255,0.055862642387960425,0.028047725949945958,0.019641639644134033,0.08672403758210694,0.0635777833208614,0.07783902885175023,0.013220254427538039,0.007732601646295834,0.0014966325767024195,0.037831545688866715,0.0007483162883512097,0.034921426789723126,0.004074166458801031,0.024943876278373658,0.0,0.025193315041157394,0.011224744325268148,0.030182090296832127,0.013053961919015549,0.03209445414484077,0.022782073667581275,0.027022532634904797,0.0009146087968737008,0.031845015382057036
434,81.68759501982474,-23.79709573957623,539.9839861605677,0.18953208576407304,0.13917117458393308,-0.14732403969997726,-0.012450627749576984,0.3244555096093138,-0.9110030833396469,-0.2014303773518196,0.3538901981463242,-0.8762022189054727,-0.11680081824380634,0.3560613177765992,0.29448645099376214,0.17533954592519635,0.13364371038209966,0.14084854913251005,0.5567093466676769,0.7085370103795742,0.14537793267166702,1.0549680531353385,0.8417395257216456,1.4800133848523878,0.37647902618885276,1.0801477384650353,0.1706657069980049,0.24292294870823547,1.0328100613682856,0.628942849205748,0.40885168068288,0.27014672828749653,0.3910144707932419,0.10084097280096976,0.3064626108038488,0.1669065838321085,0.03177008359219133,0.12829254741520824,0.6566911634719802,0.7286410586660605,0.5936813394954163,0.3607849079475718,0.42000656615400156,0.11672601459706543,0.6729550218450893,0.40043437634164203,0.25686289365355963,0.009621941056140617,0.4209662348157689,22.631753276227634,21.421890481643107,29.685614488110737,0.156724769778403,0.1402054540481557,0.13604029456299915,0.115023492896391,0.1337585790456814,0.12728660245542847,0.11142854016910406,0.140672080835058,0.13011127762923685,0.11689023269280033,0.1436397945306087,0.5016249351484879,0.49038548719164216,0.3052897817320907,0.3863814926509777,0.6217221313609032,0.6703876126482983,0.3139436396562356,0.6918506968418477,0.6574752458424233,0.7501820281665075,0.6828617054310244,0.9313876278531056,0.2839204921136645,0.48179291088457393,1.030183617761021,0.5914955880661338,0.6500725107767509,0.4440410487360786,0.48798377864080694,0.3011218373609574,0.46102998468641093,0.3728971544448683,0.17538962981234782,0.3344194881556593,0.4748195162302246,0.44466645905468966,0.491151604655742,0.4802342995342667,0.49356580382429094,0.3210975800879412,0.4691397645920127,0.48999260197795136,0.4369086498527639,0.09761967000124816,0.4937203864316716,1.0283286190524294,0.833574098393777,2.6173679159511063,0.013126881503182138,0.009420320234367107,0.006471891100111123,0.024632704187291646,0.01872675770279826,0.00957682604303465,0.020614465223759974,0.018658478987776544,0.011657415824830791,0.019049878775633904,0.017690953631679968,0.05133851904232751,0.03892362864935853,0.027998787756339034,0.02928831195070209,0.053992322456813825,0.11087685624810587,0.02909687847257299,0.11852990201030408,0.06338998888776644,0.14175522780078795,0.0849232245681382,0.15925345994544904,0.052036064248914035,0.05560763713506415,0.15631275886453178,0.11297353268006867,0.05790584907566421,0.027906859278715022,0.025760177795736944,0.006465299525204566,0.03194767148196787,0.01661784018587736,0.005354076169310031,0.012122436609758562,0.03591271845640974,0.024421658753409434,0.04502980098999899,0.044751995151025355,0.04654510556621881,0.02924537832104253,0.0412920497019901,0.042175977371451664,0.035710677846247096,0.001717345186382463,0.020406101626426913
435,59.119597749648385,70.86598874824192,529.3589451476793,0.14796275668073133,0.13941443037974682,-0.08731831223628692,0.02511649659634318,0.3359550663291139,-0.9175779987623065,-0.18515530120956397,0.35845480781997185,-0.8866687149085795,-0.08792677918424754,0.36308340365682135,0.37917918424753866,0.17351111111111112,0.5162694796061884,0.10032798874824192,0.4057611814345992,0.12814852320675107,0.08891954992967652,0.7781693389592125,0.49513867791842475,1.191065541490858,0.2006284106891702,0.425904641350211,0.1242630098452883,0.23664163150492265,0.9473026722925457,0.7560720112517582,0.35925316455696205,0.2990998593530239,0.24520393811533053,0.07921237693389592,0.06734177215189874,0.05043600562587904,0.02360056258790436,0.0890295358649789,0.13769338959212377,0.09763713080168776,0.92070323488045,0.15755274261603375,0.1789873417721519,0.14528832630098454,0.15234880450070323,0.38883263009845287,0.28070323488045007,0.018030942334739803,0.42028129395218,12.18896716688706,20.019225988573066,66.89539416053823,0.11243052041847362,0.08966826525875778,0.10096029701882503,0.08370010922045949,0.12129974211380139,0.10618089848324623,0.08905696145193667,0.1328122047825448,0.11796591650768218,0.08174985334330707,0.13517472965131655,0.7549049759059784,0.4315433648504512,0.574367655882074,0.33595036127442435,0.4078943194193081,0.4150099237637425,0.23688785740027157,0.5576973980744845,0.421868712606059,0.5751960196119827,0.5064341470915587,0.4540238782055305,0.3104333348834137,0.6115376005803073,0.9674056934529695,0.7946447012908315,0.5593649141575836,0.4578701024045838,0.4302141015284442,0.2700737455356439,0.25061648917007984,0.21884597821154952,0.1518032419071115,0.28479037739875435,0.34458273326176453,0.2968275591583934,0.2702051848354688,0.3643262406503819,0.3833471103489781,0.35239625670223573,0.35936371403092554,0.4874920520149481,0.4493490942951345,0.13306511759849343,0.4936109618751292,0.4054825733494613,0.47207516385833637,1.6646403555655576,0.00784503080255422,0.004787026357984754,0.0036715519423893782,0.01908023710934203,0.013783798841036317,0.007025248586458129,0.016972479563419504,0.013828087653661142,0.00908566044051872,0.014109032602886158,0.013787138878730768,0.045173422599791846,0.03533488987031984,0.06020309994655265,0.02009536133224563,0.040253452980393255,0.0249120931671777,0.016458690821120146,0.05828208951025346,0.034397873357900365,0.06684688739486343,0.03306197080086641,0.05358856789220514,0.026662634673267887,0.02672030155559932,0.09076035894117979,0.07832315958254803,0.06269374665954035,0.019269177754648512,0.020450645587780248,0.003009929955835607,0.011814678331317337,0.005175954316577119,0.0021941545472446483,0.007820191847871952,0.01721567413991955,0.010801991617204422,0.005822948606149259,0.016259247798812906,0.019831781484711243,0.019494219246673605,0.02430448113870995,0.028327097808658473,0.028945961911727474,0.0012095980196348702,0.027736363892092605
436,56.80126956437467,15.71829723312497,534.6566264476426,0.011030527692978631,0.18626578475553615,-0.15392973784949363,0.020673939429180593,0.20292464389203857,-0.9700742438823472,-0.18089956878422248,0.23156750109027474,-0.946802559286718,-0.08299549353103648,0.22141159083200077,0.11122401511847652,0.07069244560740418,0.24629064301981882,0.05932645248824927,0.5435828851092698,0.9749910355187285,0.08516693317827204,0.4116039152977662,0.06248437272859427,0.08192857488976112,0.12576101177496732,0.515346222803702,0.06702573048408199,0.11674565101516694,0.6354537965789602,0.37445558947521446,0.1254465280806319,0.031254542811455156,0.0953142414110578,0.7094054368367495,0.0024712894316034307,0.2793041624267093,0.5917526772302175,0.08547754034016572,0.3140475844357222,0.04932887532102534,0.11159567766632747,0.10587779231477444,0.21568057372680138,0.005475602073944857,0.2281339341958618,0.43882347240393466,0.16572176188399476,0.0025682027426467027,0.09594417793283908,10.756237088426793,11.289651260112288,18.67481359581445,0.08395190704578967,0.07936919332542552,0.09053282331453993,0.06153396738249961,0.0466250572883996,0.07563697805655527,0.060164495392700544,0.0487753421040894,0.07449219437327363,0.061975175649817894,0.048980211848431,0.25972857003414307,0.27340343471786704,0.1918811685944536,0.21355706807857344,0.4341047696477887,0.7507577138847411,0.18046964827417641,0.4242699686747092,0.20102799942333094,0.23420993902450296,0.2180317527070519,0.4418444733538678,0.10948208426677694,0.32415503933925227,0.6582219155381783,0.3587498895605773,0.22788913223878104,0.1740090905444296,0.29365560677062724,0.4540477428817358,0.04965180379825131,0.4486681421193934,0.4915212640540585,0.2795977799136987,0.46414667753499056,0.21655902172759028,0.31487598625340546,0.307688597304346,0.41130361205331917,0.07379623123968286,0.4196395779165989,0.4962553434081126,0.37183969579624054,0.05061354769472435,0.2945218089275535,0.2626332622601279,0.20460360534987398,1.1966127156425665,0.004286247334754797,0.0030506881178522975,0.002113054855592169,0.013371162483039345,0.010653230955611551,0.0033163021418879625,0.012548716563287458,0.013545742488854429,0.0050471141209536725,0.009844155844155844,0.010335336305485561,0.023117852296956776,0.020060089164566777,0.04060670672610971,0.01605059119984493,0.031731924791626294,0.0851880209342896,0.0122194223686761,0.05016766815274278,0.0076177553789494095,0.016791044776119403,0.036520643535568914,0.06663597596433417,0.025957549912773797,0.021164954448536537,0.09935985656134909,0.06397557666214383,0.03688020934289591,0.003246753246753247,0.01177553789494088,0.029656910253925178,0.0002907540220973057,0.012647799961232798,0.033582089552238806,0.0049912773793370805,0.016136848226400467,0.0037313432835820895,0.009158751696065129,0.005524326419848808,0.02636169800348905,0.002229114169412677,0.06018608257414228,0.032225237449118045,0.0330005815080442,0.0001938360147315371,0.020449699554177168
437,-52926.59765762938,-39795.649115235225,83413.07591713424,0.3564209597049476,0.2051128418409385,-0.18736293012123825,-0.04688673829795582,0.4641519137207204,-0.8498923747008278,-0.21012802365912028,0.4542136668105309,-0.833652173343273,-0.14862388668733081,0.48862945815513786,0.1553646957272335,0.10891787970337818,0.8169717895397653,0.048100600306038375,1.5235504374779298,1.9031404245301524,0.07465452976026994,1.1400204025581668,1.3196715972848905,1.7467402989759484,0.1565625613057637,0.447044375564013,0.10779770078863735,0.13075254051084867,0.5527527759249813,0.3874171146074469,0.1619888570643858,0.05700945580099659,0.08137481853493939,0.7590143994977832,0.44866010122807704,0.12245458469023424,0.9582924628241849,0.052104994703182014,0.7481853493938087,0.12987012987012986,0.9697100482598972,0.08977125593439793,0.1871934711813866,0.023698356024640013,0.9604896613960058,0.3182799074037745,0.12363165535370974,0.0024718483932985444,0.1879389492682544,922405.2316460882,691798.1329978924,1441217.101155401,0.10208139295302093,0.09440901675554457,0.08861044116770536,0.1187022047231146,0.09993159670963275,0.1254073118794156,0.09489749677899566,0.0973791543041225,0.12580820736555512,0.11419466669397832,0.10537130989219093,0.23352340015014322,0.2609279611148608,0.4170820433114917,0.11313322665802172,0.36233742581095457,0.512341191056832,0.2555405149183672,0.44111099906626167,0.4315542043389708,0.5644426479168475,0.3138381415793035,0.3926652746602468,0.20806124076437857,0.2632987368751353,0.6334150350727575,0.4036019876239346,0.2835651886778323,0.23186523482246418,0.27341523465640466,0.4276899785997079,0.4973669879277694,0.32781652763387165,0.1999239524238779,0.222243114987532,0.4340638487575331,0.33616709118637167,0.1713873480103752,0.28585937750869483,0.3900744102786159,0.1521106563265277,0.19480955000121888,0.46581790600463846,0.3291673136552953,0.04965717579119781,0.3906710750997214,631.8513615318215,473.922910617594,987.8323197049361,0.006574786157105863,0.004645452405242093,0.0027849799890135763,0.016909745585811816,0.010205876834340426,0.006943427528839363,0.012851490661539669,0.010256282978890372,0.00829946366632661,0.012941615004316093,0.01015365298595307,0.027822333830338223,0.024972141567919645,0.059079494624499726,0.017655967982421722,0.038567056423134266,0.10918700462999295,0.013780899317272227,0.06086086478851135,0.03288040492819587,0.07207407988699678,0.03600800439456957,0.060308404614298046,0.027727379737895314,0.029894844228203724,0.06876834340422193,0.06005846347014046,0.045180883622380916,0.009103036961469042,0.02016793533704779,0.03374401632268696,0.04818331633053441,0.011653456799811661,0.004041434513065997,0.0030605038060111433,0.0328415600721965,0.010358628266499255,0.0017656752726987366,0.0100447304402417,0.031782154908577255,0.0052577885898140156,0.004983127991838657,0.026799026916738602,0.019814800282508045,0.00015694891312877657,0.027505297025818096
438,74.54741614414581,38.82295284492203,575.6084240460596,0.07319304911307428,0.12029118202372906,-0.03666683760285308,-0.04662557336658818,0.2719685135544626,-0.9491656645299644,-0.19725594107363462,0.3078322374536724,-0.9172475312696674,-0.13008330808139668,0.3007604251649146,0.3915232745157456,0.21780354770285074,0.2099536141348686,0.0805892636535279,0.20694063075452784,0.06924943474511083,0.07106267919162723,0.29810820260599985,0.3264208293512972,1.4974098505862334,0.1903503414838815,0.5451931190415141,0.14838488613319037,0.19161767790960588,0.9404617607981166,0.5827927087946668,0.3808883242814853,0.3756089601640987,0.3481503927647374,0.05587282347730822,0.14181487611011398,0.03219039183235822,0.007086081909512599,0.04591967553203888,0.5185660007925224,0.3267755996363721,0.946877695158621,0.15172140509545232,0.32724178923568215,0.23360760821426074,0.9639868534532995,0.4393603878697466,0.32733502715554413,0.008344793827649705,0.4811542854478917,7.913536021032315,10.00953131822744,40.50617526248473,0.07062427707281158,0.07410643460105601,0.07586159079714094,0.08836126580629568,0.09605262328906593,0.05662581168879759,0.08545658683679062,0.09520183528136769,0.0769205841312142,0.08967741518279602,0.09989288548203143,0.6544633765782671,0.5188444424278177,0.34559337194751816,0.22273307131772738,0.3009792780617512,0.22071914839040208,0.17210131810536838,0.34996217117327816,0.45505782614553986,0.7829908170860008,0.3165955643779946,0.5364183326682068,0.26424706726562813,0.45116703198428754,0.8654467479198484,0.5966322483378832,0.6318269481802177,0.4842853869727484,0.4763895326292351,0.22967864659611634,0.3488642342422628,0.17650749760416803,0.08388106674907761,0.20931335401223383,0.4996610081701079,0.4690399078626608,0.22427995468042683,0.35875481931027087,0.46921182042056275,0.4231303190637662,0.18632500921221123,0.4963150000067003,0.4692461397946788,0.09096895700042662,0.49965053614506083,0.48783682983682997,0.41491142191142183,1.8353613053613054,0.006136969696969697,0.004699440559440559,0.0031932400932400936,0.020311950046620043,0.017170378741258742,0.005979527459207458,0.017145042703962703,0.016419319090909087,0.0077149456643356654,0.01536981351981352,0.0163502331002331,0.03377156177156177,0.02751048951048951,0.03532494172494173,0.01971165501165501,0.027923776223776224,0.021137995337995336,0.017685314685314688,0.052245920745920736,0.030903496503496504,0.11128997668997667,0.047583682983682984,0.0896002331002331,0.04024265734265734,0.0316025641025641,0.14316969696969697,0.10103962703962704,0.07599347319347319,0.018391608391608392,0.020046620046620046,0.0048484848484848485,0.019044289044289044,0.004801864801864802,0.001351981351981352,0.008391608391608392,0.04585081585081585,0.026107226107226107,0.008344988344988345,0.026317016317016318,0.049557109557109555,0.033496503496503495,0.004055944055944056,0.05324009324009324,0.04382284382284382,0.0007925407925407925,0.03766899766899767
439,30.460660076282394,41.69259749357826,483.63878986014896,0.14665800057082068,0.055339586414467706,0.013358657014607823,0.031705872214005865,0.2842149776861005,-0.9393947578941905,-0.13559967263433745,0.26895573781168114,-0.9349733185438881,-0.05450496873459434,0.2845625178381464,0.44823045587815574,0.30700059676707925,1.7445255701720244,0.13209309566435742,2.2823777276147483,1.8378111621390207,0.09200591577800263,2.5440445240133887,1.9527773020938741,2.4660701590514003,0.20183285332503048,0.6802480475337951,0.16046807296126203,0.2927378635738564,0.7276199372097246,0.5730305389066189,0.27385978568277936,0.32692457383046625,0.43556212864222515,0.7459069562284321,0.00350276329104071,0.8787265509457461,0.9062297293791027,0.13738616019304117,0.969590825354817,0.8090604810461587,0.9620144780882697,0.1943384966658883,0.2770296567291975,0.13048441918995354,0.5629329804623647,0.43727459069562286,0.2531589735606238,0.006408759502867077,0.34726654731325085,25.98529813310026,15.713885372972221,22.65591062337457,0.08019901767835483,0.15713932809838194,0.11288734795625148,0.10728199549527974,0.09684797632649332,0.0862854705278915,0.10838007124061508,0.09021437206786667,0.08829274176285168,0.1032439647176006,0.08374332597209976,0.6710384163590077,0.6878614767775901,0.874761829103035,0.36635548687040304,0.7513643792017066,0.9915323585229013,0.1901048943409538,0.7929730263631866,0.9970025121724971,0.7764230918100359,0.43497664185927687,0.6607670612269676,0.3380833809804626,0.572038868036774,0.6647826270877744,0.5989534427626425,0.4439134948678322,0.4690955194584641,0.4958368075922885,0.43535581610938323,0.05908116881421125,0.326449023109575,0.2915126273133665,0.3442590277663499,0.171712613915798,0.3930465969839447,0.19116372618966604,0.39569572646063206,0.4475370630575455,0.3368399908668774,0.4960300635768492,0.4960563553736115,0.43482687757974875,0.07979882535049096,0.47610752348269636,0.9599299429164505,0.6882226258432796,2.748757135443695,0.010985443694862481,0.009669382459782045,0.005907083549558899,0.028805564867669952,0.024666510845874418,0.0092322539699014,0.029396035495588998,0.0289533598858329,0.011349554073689674,0.02234818370524131,0.02375269849507006,0.050921380384016605,0.0389429164504411,0.08493409444732747,0.024946030098598856,0.06211442656979761,0.1231279190451479,0.019705760249091854,0.08387519460300986,0.06105059678256357,0.0977994291645044,0.040563570316554234,0.09278152568759729,0.03589906590555267,0.04049766476388169,0.10351842241826674,0.09575116761805916,0.0601100155682408,0.018526206538661133,0.021094966268811625,0.023663725998962118,0.0008822003113648157,0.01152049818370524,0.007135443694862481,0.01702127659574468,0.0029579657498702647,0.01481577581733264,0.004359107420861443,0.025583809029579657,0.034094447327451996,0.020498183705241306,0.031551634665282824,0.0414115204981837,0.03731188375713544,0.0007265179034769071,0.03383497664763881
440,45.968938858247306,-23.85386555414133,594.4020199877434,0.21519961815867622,0.17136239570074954,-0.06586710979116579,-0.02575556722292933,0.3925687345259982,-0.8924070333050489,-0.175132778885589,0.4134276879507849,-0.8640280825437233,-0.11247965869985388,0.4228507990383255,0.5889442794512799,0.29268019610616125,0.037864045632395225,0.13511832366944798,0.7400047140904162,0.27440791024371847,0.09403384716918871,0.4137201244519869,0.6385633809456467,1.0031607976240982,0.22515556498373637,0.5222248149719512,0.14139324942252393,0.2966843445057276,0.9569761467024939,0.7460700985244896,0.39210059868948294,0.30615660208362794,0.3605807759392825,0.01793711403384717,0.09666242398529204,0.15169942959505964,0.03384716918870504,0.0641116296610569,0.7113562438127563,0.3699382454155471,0.9363833498326498,0.1347758450007071,0.22542780370527507,0.08442935935511243,0.4628058266157545,0.3502569179276859,0.32126526186772264,0.00973459670956489,0.5144015462216566,14.869311689346612,21.90290679096977,23.35968638891076,0.12265643798044551,0.11186924255032099,0.1541854480961039,0.0759925494681395,0.09942710277809534,0.1248707030511972,0.07861100199116959,0.1092290121385562,0.12715390942275276,0.07519860938317623,0.11152697732817946,1.0251289999082835,0.6832198670984148,0.2133532066854395,0.36571698554813364,0.5675486558008846,0.4280930176294881,0.20637855882767964,0.3528113991759618,0.5966316992210606,0.7151615356595622,0.3734230902339489,0.5248666087457012,0.2643543961976937,0.5459788285669211,0.9343374015638939,0.7813425773367761,0.6487749244871227,0.4609010133958842,0.48017467087258026,0.13272448600804812,0.2955010287064856,0.3587335305364226,0.18083779785991294,0.2449545731253865,0.45313726176721536,0.4827933657558045,0.24407166182015927,0.34148801626301994,0.4178686692706349,0.2780339272418361,0.4986205507295637,0.4770559438796486,0.46696791445982094,0.09818381514830969,0.4997984427042934,0.4519646434885091,0.4759245727754861,2.2614401885680615,0.008493529758397171,0.007233494401885681,0.004832692987625222,0.020335827130229814,0.01705746347672363,0.009274118962875662,0.019895371054802588,0.016523847707719506,0.010929183853859752,0.01654338243959929,0.015941308190925162,0.05155686505598115,0.03378668238067178,0.008176782557454331,0.024216853270477314,0.04823759575721862,0.050400000000000014,0.017329640542133175,0.05631750147318798,0.041798232174425465,0.07510878020035355,0.03607967000589276,0.062148025928108426,0.033830524454920456,0.029644077784325276,0.1177385975250442,0.09582816735415439,0.06357713612256924,0.016075427224513848,0.016971125515615793,0.0019328226281673541,0.01239835002946376,0.010724808485562757,0.004879198585739541,0.007424867413081909,0.02668238067177372,0.022321744254566882,0.007919858573954037,0.016169711255156156,0.02734236888626989,0.014472598703594578,0.0341308190925162,0.03896287566293459,0.032504419563936356,0.0013671184443134945,0.017725397760754272
441,37.796818914930846,51.56845681342438,532.7717991832812,0.07730496551250814,0.25434315912288524,-0.008864040355512852,-0.06747489039497613,0.3171579842833122,-0.9159703274424351,-0.30412317103050684,0.2833418244397928,-0.8791612607323015,-0.19951631721629318,0.3183241137915651,0.496060533269277,0.21332109399128377,0.1958381661576473,0.07097766034110017,1.384061288219347,0.735163172162932,0.09142960090594009,1.5104038982876358,0.88735252736694,1.4312195875227343,0.19940187364881093,0.8256034453175939,0.23932569232353043,0.1490645482310147,0.5978511375724923,0.6572231563776123,0.25237843588071784,0.4199924504992965,0.29062146117154525,0.5856010432037335,0.0003431591228852819,0.7311691431316701,0.5253423012250781,0.04471363371195223,0.8646923578463334,0.41405579767338113,0.9432071651624858,0.25788408084828934,0.3234274733193782,0.10685975086647678,0.04574311108060808,0.3151916543701314,0.30939226519337015,0.0180158539514773,0.3605229745032772,26.503001316107806,20.982333898067246,30.469896597245558,0.1527806068254257,0.14825766150135306,0.11414902259427114,0.13874856379118558,0.10128412028819823,0.11341062052420936,0.12639317323762977,0.10728344164187979,0.11546539188193251,0.13796249720327178,0.10604318439968814,0.8687375750106859,0.5484580051458254,0.4951266503531082,0.18139838932734503,0.7119925554308852,0.6620958007098209,0.1982064953141625,0.5640249129913156,0.7324865523204968,0.7371071992549775,0.3509980609645971,0.7443118528526683,0.44058838840554937,0.3289965557344827,0.7818651792248642,0.7356694152948929,0.4429182507994048,0.49356575207837733,0.45405693730071417,0.4926264195261256,0.01852169368289646,0.44335941701898846,0.4993659229479353,0.20667798746741006,0.34205774250890664,0.4925666654157829,0.23145031221886106,0.4374773700364854,0.46779231733843224,0.30894015562853305,0.20893103367753663,0.4646001319283316,0.46225103993348815,0.13301086448565538,0.4801604638367036,0.5399897048730268,0.4904049416609471,2.186633493479753,0.0074584076870281395,0.006525257378174332,0.0039094028826355525,0.024870693548387095,0.02277848963623885,0.010535665271105011,0.02175270298558682,0.02228428006177076,0.012144140871654083,0.01880844200411805,0.021000789293067947,0.043258064516129034,0.029427590940288264,0.02326458476321208,0.019863417982155112,0.06519663692518875,0.10219800960878517,0.02180164722031572,0.07709849004804394,0.0483363074811256,0.08640871654083733,0.04006588881262869,0.07620590253946465,0.033542210020590255,0.027619766643788613,0.10291043239533289,0.0955260809883322,0.06114481811942347,0.018565545641729582,0.01757035003431709,0.027282086479066575,0.0002059025394646534,0.022717913520933424,0.025806451612903226,0.00851063829787234,0.011358956760466712,0.020315717227179134,0.006142759094028827,0.01873713109128346,0.02361015785861359,0.011942347288949898,0.0072752230610844204,0.024399450926561428,0.025634866163349347,0.0025394646533973917,0.03126286890871654
442,100.18774822819451,-35.38185390498912,598.2232229317241,0.2166116062030735,0.12302540172619465,-0.09473970247701914,-0.05095163297312468,0.40854259199354426,-0.8978646623745702,-0.1615322362641218,0.44588453736579886,-0.8675073617640867,-0.11886453582204758,0.4490036488667462,0.46746789698968494,0.25628622552803315,0.5246912497368605,0.0668377657708231,0.4116184829134798,0.7236572872079152,0.09329906673215915,1.5722349308820436,0.07924075503473442,0.7486179917198792,0.24324082520524876,0.6072430004911936,0.12024629850536805,0.14561890393656587,0.8883843239070943,0.5116026945477511,0.2654273384323907,0.37137744719668797,0.3841835660655393,0.5069819661778121,0.920531892498772,0.0550838537646481,0.5686969335485229,0.054276892849624586,0.9008490632236335,0.5365939232334573,0.2538418356606554,0.2834537927163006,0.2793488176268332,0.17030383832713494,0.7200196477440179,0.3731317100554347,0.2710336116763736,0.001894603887446495,0.2881552171777419,14.96901071441918,13.332366661675731,33.35944992280798,0.10383385835419942,0.055747641853856215,0.08273256538130415,0.09739152137239876,0.08313664548479367,0.06415251165980994,0.08136972487542243,0.08259692924684,0.07251463927896018,0.07549945783578314,0.08829667362114803,0.8261677584402777,0.6713567064298624,0.4275284191825297,0.19118628149743122,0.3953779943838488,0.5698771552576916,0.19324656956796782,0.5177563120932657,0.22134236222581818,0.4530147761157175,0.43086430887692745,0.4800744636498514,0.19672054914646014,0.24517044010528707,0.9936497557654634,0.48959662896065514,0.42037394509057185,0.483181570499099,0.4864101711744536,0.49996002046163973,0.2704727233395677,0.22814786665132894,0.4952669354605557,0.22656723676118617,0.2988698085101277,0.49866783475545184,0.4352158128171442,0.4506826671266315,0.44868710599431155,0.3759061035875416,0.44899713555790854,0.4836451632053037,0.44450120945793653,0.04348655783813879,0.45291167460575227,0.7201396442230096,0.5117469562471492,2.3625802603417427,0.006680642784463702,0.0044627907792709025,0.00371222062383776,0.021668489702115712,0.014246510648749168,0.007763185572436054,0.019752869618609874,0.01329453485842602,0.009070799831584856,0.016517245008947055,0.013153117434475985,0.03963510052278868,0.03160310164555629,0.05323602680607698,0.018986000491210835,0.03369881758534788,0.08599487737272377,0.01576120136135574,0.09318094101961334,0.012892530086663625,0.0939075821900986,0.0456419073014982,0.082109399670187,0.039355110347005375,0.028111294340549455,0.1380579628784955,0.08486684677730606,0.04884635626820112,0.01638538998631627,0.01670116838005684,0.03543735307533069,0.013052173607943581,0.005754184063717063,0.03266552050805235,0.006666432756745377,0.010525946458019016,0.025121925546472055,0.043121293989684575,0.02484123364092488,0.03143749342128346,0.03403389354759482,0.031928704255991015,0.03670046665029297,0.03308655836637311,0.0004210378583207607,0.020911546963264447
443,89.15571292775665,4.5441112167300375,621.5474287072243,0.22539153992395433,0.10357804182509506,0.043566730038022805,-0.07866045332699617,0.3451844205323194,-0.9027343802281369,-0.15101889557984788,0.32728304315589357,-0.8986548773764258,-0.12367856463878328,0.3493084125475285,0.20690161596958176,0.15496245247148288,1.3629491444866921,0.08538925855513309,0.6270104562737642,1.1369686311787073,0.08999667300380229,0.9628892585551332,0.13088355513307987,0.6742580798479088,0.18807604562737643,0.6664068441064639,0.13065589353612167,0.6841093155893536,0.6297927756653994,0.5824895437262358,0.3759947718631179,0.3606939163498099,0.25731939163498097,0.8447718631178707,0.1832699619771863,0.07671102661596958,0.30456273764258557,0.030133079847908747,0.44491444866920155,0.02138783269961977,0.2342680608365019,0.22704372623574146,0.1873574144486692,0.19206273764258555,0.5644011406844106,0.3112167300380228,0.30156844106463876,0.002756653992395437,0.3074619771863118,14.203720859827307,29.341469012491558,36.35257241802197,0.2241342665082073,0.08578288330643002,0.11291113451850979,0.05639322047560737,0.13207608535409193,0.13664261306716075,0.06343541639968446,0.1387601557394312,0.13705774322542424,0.05644515288842541,0.14302550923916074,0.3751221621666067,0.43951496034577897,0.595676889815251,0.23722637713350628,0.5231303946853206,0.8341361347935246,0.21253721121669578,0.5640048254475503,0.36244238031574305,0.6967676287726544,0.30966947096931663,0.6256490316042765,0.22829050030506476,1.3320412600101545,0.6751758663640364,0.6359025340270096,0.6563369644582884,0.4802132602928647,0.4371672514563805,0.36213063281810876,0.38689688228234437,0.2661387071574238,0.4602329233159817,0.17095749892122983,0.4969681282541226,0.14467684040594397,0.42355054348900734,0.418931037308333,0.3902074454438389,0.3939314889965857,0.4958469306534097,0.4630022307953039,0.4589498094391877,0.05243267603196587,0.4614533892570506,0.4502257711868434,0.43036265982223487,2.0508674366652406,0.007204762583772993,0.00380046580160654,0.0029328865440372645,0.015350491183041019,0.014125360425875753,0.006703231332287657,0.01466371923570512,0.014793018346879603,0.006855109605969865,0.011571462521982984,0.013106896715623364,0.034287751318979036,0.02892913161271924,0.0733732591853225,0.01948191453966443,0.04359712914111887,0.10884880460097912,0.015939921098911545,0.06416654783972622,0.015457008412947382,0.056300204382337564,0.0399177717572128,0.07012690717239413,0.02867294072912211,0.02266600123580018,0.06725747421455393,0.060334616664290124,0.06583630400684444,0.016160463900375493,0.00974380911640287,0.015114786824468844,0.017348733304814866,0.007034554874281097,0.014924663719758544,0.0029469081230096487,0.025856742240600788,0.0019012310471029992,0.014734540615048244,0.01882218736631969,0.017301202528637292,0.020675887637245115,0.02709254242121774,0.02367032653643234,0.014924663719758544,0.00019012310471029992,0.027710442511526212
444,82.11623470763281,5.22950123356309,534.4039830098939,0.14112859577282091,0.15911348780425769,-0.13399244601571839,-0.02200841707149579,0.27152009853244147,-0.9508320666378411,-0.17398775087112445,0.3020427623674238,-0.9282088375766209,-0.10325726784851336,0.29547791031869164,0.4024444896609609,0.18426940000508685,0.23299692245084822,0.07490144212427195,0.6009464099498946,1.011305287788997,0.06386957295826233,0.33981153190731744,0.38900450186942037,1.437793320955312,0.16385253198362032,0.4597825368161355,0.13333647022916298,0.18844062364880332,0.7634956888877585,0.7386374850573542,0.2384731795406567,0.24709413230917923,0.2316046493883053,0.03644733830149808,0.6338479538113284,0.13709082585141288,0.042678739476562304,0.03469237225627591,0.5309153801154717,0.16517028257496758,0.9227814940102246,0.10578121423302897,0.20215174097718544,0.07225881934023451,0.38377800951242463,0.42309942264160544,0.3111885443955541,0.007681155734160796,0.29702164458122443,17.103495524192187,12.071246398376557,16.521420700228273,0.06803535805420524,0.12363707165025148,0.06586341926954066,0.1089331033057092,0.06501125460888144,0.05429406679598488,0.08733709099067316,0.060447408764804034,0.05454256735825192,0.09355762104164826,0.0616541994591195,0.7507456929853586,0.4476597714749702,0.24590296190948163,0.20144122486270097,0.48522123832242364,0.5530505586793718,0.13103818636853506,0.42391070699208555,0.55746032718501,0.6021180049494993,0.32337762560508815,0.42597364550542405,0.24697716299583486,0.3667659159745377,0.7343468044682758,0.7855692771339331,0.4134450268624611,0.431327432431662,0.4218630847464455,0.18740283637140903,0.4817578523707856,0.3439475834977014,0.20213437084091793,0.18300181242092525,0.49904967057103433,0.3713388850211085,0.2669412308158189,0.30756130263506165,0.4016099063856005,0.2589192682322182,0.4863110774986012,0.49405719256151326,0.46298562204150934,0.08730606765740452,0.4569519646976426,0.6719096551022485,0.5810662325770679,2.6761013327907217,0.008387348662122292,0.006405229423135619,0.004687023094923186,0.032573437658968356,0.022762436997659983,0.008562655941601384,0.026149146632414282,0.02143514411435548,0.009845792679825006,0.022024086885746263,0.019544765489876895,0.043862549598127985,0.02878217519584902,0.045012208769966436,0.023849323430664364,0.055128700783396066,0.10891316512361379,0.016389256282429546,0.058287211313460166,0.03623206836911181,0.08920973649404822,0.04349119951164921,0.07570149557432089,0.03456099297995727,0.03430766100315394,0.13088462712381727,0.11994099094516227,0.05532200630786449,0.01582053108149354,0.014599654084850951,0.007172652355275206,0.046317021060128194,0.015769661206633433,0.00849526910163801,0.006867433106114559,0.046266151185268084,0.012234204903855937,0.014675958897141112,0.016837928578695698,0.03830501576966121,0.01536270220775257,0.04181503713500865,0.05142944348356903,0.04313765388137145,0.0005595686234611863,0.03067453454064503
445,-9001.123034288397,-6805.3502019727575,14694.545603569753,0.3826167684358854,0.01624903710662282,0.023982949741662745,-0.005355899154532639,0.4613792136214185,-0.8780019832785345,-0.149113678393612,0.47742070638797557,-0.8564675210427432,-0.08828083607327383,0.4935151244715829,0.13673226867073743,0.0767059652418976,0.8400216063879756,0.0648290277125411,0.8988961953968999,0.8429060591827148,0.052382808830436826,2.0317740723344295,0.13490840770314702,1.7508914983560357,0.1604058243306717,0.5476787224048849,0.12854485674025362,0.20064396430248943,0.39173508689525605,0.34973132926256456,0.203375293565054,0.05194927195866604,0.4050258337247534,0.057022076092062,0.0611085016439643,0.16491310474401127,0.45608266791921087,0.0016439643024894317,0.9671207139502114,0.029027712541099107,0.8210897134805073,0.07764208548614374,0.16096759041803663,0.052512916862376705,0.35697510568341945,0.260403945514326,0.13748238609675903,0.0072334429309535,0.16369187411930483,381978.7253847246,286482.7498912389,596826.8141649403,0.07057952873959948,0.047930241756531745,0.0420906816106753,0.056607858230535914,0.05834067873853866,0.06732524544836506,0.05016610056298916,0.06385651361111631,0.06805441462260634,0.04697984886627688,0.06494330846503014,0.3574384052313316,0.2554665421932829,0.3212937985938166,0.22726518312943883,0.7321250161986658,0.7554656902448191,0.10378211604550555,0.4358034005608845,0.376185171883872,0.4646278711385995,0.4263900541288803,0.5393412893273795,0.26967863955934546,0.41571159924013884,0.46627673480312865,0.4342117352733162,0.4364459421575529,0.22192985046748492,0.49090857315460423,0.2318902427312778,0.23953485694041773,0.3711108211094606,0.4980792311460947,0.04051343947650733,0.17832479425213627,0.1678881424454491,0.38328618060107683,0.2676138186540182,0.3675096859059757,0.2230642229538931,0.4791186302805475,0.43886532935070294,0.34436397847124894,0.08474348087205982,0.3700044254726519,756.2422894452533,567.2104701958758,1182.5640612522902,0.0074173047113532805,0.002552069143689228,0.0015495326224810935,0.014757284184320539,0.010758741791535537,0.00736161773685941,0.020897197848654236,0.015173645826483161,0.011306749448071774,0.014740899055850437,0.013012917469115507,0.031243365118136125,0.02334445018554183,0.06167692235426747,0.01785335149607779,0.041940438724223775,0.08678848231481046,0.016835924655925597,0.05891305368969891,0.00866456855653154,0.08896331438771196,0.04162055521630889,0.09339189252665696,0.03173281976607638,0.024212034383954157,0.06588097139367749,0.07197097092395133,0.08130255061299262,0.0090657146883367,0.03926910611113721,0.011038564516886656,0.01841326506646625,0.005166987646202264,0.02400300624735779,0.00028183568979285074,0.001878904598619005,0.001784959368688055,0.028324486824181504,0.01446756540936634,0.023392362252806612,0.01108553713185213,0.04377847714782282,0.037672037202311055,0.030720090187420734,0.0012212879891023533,0.033914228005073044
446,92.0765047571357,15.99839759639459,548.4876948756469,0.19319602737439492,0.1912923051243532,0.11540454014354865,-0.09644333934234685,0.3926754220664329,-0.8959425592388583,-0.2809831448172258,0.35677670963111335,-0.8700921593390085,-0.2092699716241028,0.39790218661325316,0.5941435486563178,0.14248706392922716,0.36446469704556833,0.11635887164079452,0.4765788683024536,0.4213977633116341,0.12366816892004674,0.8383545317976964,1.11973727257553,1.6690729427474547,0.265173426806877,0.5908449340677684,0.15732565514939076,0.22217292605575029,0.9623191453847437,0.7275790352194959,0.5064132865965615,0.40771156735102654,0.2786179268903355,0.18761475546653314,0.11113336671674177,0.0898347521281923,0.3485895509931564,0.08869971624102821,0.6239692872642297,0.5827407778334168,0.9464530128526123,0.2929727925221165,0.3598731430479052,0.18384243031213487,0.8607244199632782,0.48355867134034386,0.4055082623935904,0.0085795359706226,0.4694708729761309,12.354286098027782,11.657734386165416,22.001008238300454,0.07428052826587309,0.11465011446697429,0.16652969767502665,0.08534675889730944,0.11940459241527045,0.07900637462720562,0.09171727063359641,0.12375958927069511,0.08343859787113256,0.09076694793554357,0.12611127704000683,0.9456644514211602,0.33180824595409275,0.33162881178521314,0.33054059700733274,0.45076305007843853,0.5386173463402076,0.25621018389089384,0.5126874623927112,0.5429875463337668,0.7489832942167131,0.4680554976958669,0.5324959813728407,0.28067032538109943,0.43423367645345445,0.8734172741741675,0.7070125246484701,0.7465320691818821,0.49141724327581426,0.4483265413291855,0.3904107418030394,0.31430246472735246,0.2859496443537804,0.4765316953970743,0.2843145707136681,0.4843959629060093,0.49311467354207644,0.22512529674091467,0.45513366237311886,0.4799709934656456,0.3873621048702683,0.34623964953262354,0.49973795114865366,0.49099832950310024,0.09222912500661519,0.4990754325938264,0.7185718101088335,0.4886325699405755,2.2839186753021306,0.00910118848901649,0.00830112839687521,0.005048207251118381,0.021167491620484744,0.01704215697402684,0.007776462275489083,0.02065691239901182,0.017335492455097815,0.009801490084796688,0.017676370434666487,0.017097182346264277,0.049548641249916536,0.0321566401816118,0.05925085130533485,0.023601522334245846,0.048285037056820454,0.07091072978567137,0.0165163250317153,0.08306069306269613,0.05613841223208921,0.11484943580156239,0.04689924550978166,0.08595379582025772,0.03889630767176337,0.03439507244441477,0.13908025639313615,0.10777525539160046,0.06531882219403085,0.01595780196300995,0.02043132803632236,0.024504239834412765,0.015223342458436269,0.010716431862188689,0.037724510916739,0.009547973559457835,0.04336649529278227,0.03241637177004741,0.009714896174133672,0.02884422781598451,0.04366695599919877,0.027842692127929492,0.022668091072978565,0.04770648327435401,0.0491420177605662,0.0018027642384990318,0.030713761100353877
447,84.46240552620885,-0.35452661519707374,557.4362332385209,0.31410008126777733,0.10111190572937831,0.005127184071515643,-0.03509518033319788,0.41885134640390087,-0.8947442742381146,-0.18309954079642418,0.4106447213734254,-0.8822235016659894,-0.12128959772450221,0.435118325883787,0.5100288500609509,0.16234173100365706,0.7964514425030474,0.0614896383583909,0.3129162941893539,0.3845940674522551,0.12845794392523363,0.2760402275497765,0.7874571312474604,1.6786737098740352,0.2249325477448192,0.7186249492076391,0.1556887444128403,0.22953067858594067,0.7509983746444535,0.34586225111743196,0.3660503860219423,0.3351076798049573,0.3669240146281999,0.10711093051605039,0.4199106054449411,0.06574563185696872,0.11052417716375457,0.17163754571312476,0.1859406745225518,0.5076391710686713,0.9850060950832995,0.26680211296221046,0.21905729378301503,0.14197480698902884,0.8011783827712312,0.3695652173913043,0.31166192604632265,0.04014628199918732,0.34514425030475415,9.599568190254518,11.95786115338387,22.483464931538695,0.10292669136503271,0.0801539671546768,0.06675751801941018,0.07763981693677288,0.08954247959441929,0.0702892959630918,0.06486595835881506,0.08135795697071066,0.0701579683869062,0.0654069296069777,0.0954035023007577,0.7893180001883355,0.3529644775155576,0.45055584457351683,0.16723758405090863,0.5388052802037921,0.507541908463665,0.30777177610979933,0.4910093722029871,0.6747872783279775,0.48484123085282754,0.4818189786022251,0.6313366319784041,0.31270262565125206,0.4791103865912634,0.8332082632773747,0.36859138680703324,0.6400152348927082,0.47203768574817817,0.4819753327492552,0.3092605137890715,0.49355403667256675,0.24784196519419097,0.3135483666811163,0.3770727729476918,0.3890666921619511,0.4999517972555163,0.12153060471300886,0.44229706595726237,0.4136159419000062,0.34903139014727325,0.3991216038386519,0.4826968355281446,0.4631819160888289,0.19630619937589514,0.4754249480398508,0.39966678857328625,0.30064610508350603,1.7032711609573736,0.00847173798203909,0.003550692835954326,0.0027767889796415954,0.019465445853143158,0.01641838636271283,0.009236282823357306,0.01638340383599496,0.015116232679101144,0.009566788126295259,0.013583892072006174,0.015564752732740056,0.045500426673168344,0.029682636433825026,0.06443496281848105,0.018127514324027795,0.0254325653216303,0.06694055020520948,0.01620260880165793,0.03223536104677151,0.04921573408102727,0.08496972652281685,0.03868259579828518,0.07795237514730385,0.0346036003088301,0.025628022268275832,0.08550123938396521,0.06155309033280508,0.0831573814458125,0.014872607582591735,0.01674184241537649,0.010240156040472998,0.03612499492055752,0.004307367223373562,0.012353204112316631,0.00971189402251209,0.0127595595107481,0.025722296720711933,0.0010565240359218173,0.027875980332398714,0.024747043764476413,0.012922101670120688,0.028769962208947945,0.03210207647608598,0.03015157056361494,0.002031776992157341,0.029420130846438294
448,62.91680406705139,11.1220197856554,549.1332206650178,0.03810255564715581,0.1185745259686727,-0.10155531739488871,0.006258588430887606,0.23842140225336628,-0.9554631824127507,-0.1516843512503435,0.27577474663369056,-0.9330157515526244,-0.07688661720252817,0.2655304479252542,0.8976433086012641,0.4915831272327562,0.11242319318494091,0.09121874141247598,0.3895693871942842,0.26102940368233035,0.11032591371255837,0.9058705688375929,0.2714732069249794,0.8110964550700743,0.3303212420994779,0.6914160483649354,0.14619126133553176,0.20354410552349544,1.2106982687551526,0.9445583951635064,0.536372904644133,0.32006045616927725,0.3157735641659797,0.37823577906018135,0.05251442704039571,0.14503984611156912,0.3578455619675735,0.122066501786205,0.52959604286892,0.23830722726023632,0.5962627095355867,0.237372904644133,0.2572959604286892,0.25457543281121187,0.7575158010442429,0.4999725199230558,0.4571585600439681,0.0014564440780434186,0.3877713657598241,15.788272371806096,15.236620618218623,20.66202923950867,0.09004269741507014,0.1157076768940803,0.08283413995108098,0.11797586838569929,0.10106612011184998,0.05838398780706023,0.11458713950282734,0.10030777214806479,0.06756539779218411,0.11902938714244503,0.10548194322423401,1.5756021649693768,1.0528088041960055,0.35709888119251054,0.251359525717043,0.5156834997180334,0.4317548581199716,0.25195444960262414,0.5816526352843371,0.457755725224562,0.6536264760430734,0.5281415741510946,0.6002431178883656,0.27757648409254004,0.3770883815438752,1.1273863378845677,0.8789985666250364,0.9107006373526926,0.4665058852715682,0.46482960089224373,0.4849535413436427,0.22306507872698797,0.35214584601426646,0.47937295566853766,0.32736709661514957,0.49913016376845076,0.42605384745488695,0.49065273494564204,0.4254785347791473,0.4371498605951058,0.4356282782019652,0.4285914838701502,0.5000068694055086,0.49816807484279635,0.03813610906597534,0.48724866109228576,0.8185000961829123,0.7080326472285581,1.7374563741790103,0.008494847343977575,0.006780125862211108,0.004527302206710819,0.01920020704058919,0.016453659704855864,0.0050527297534969364,0.016415059441039877,0.016137763857209594,0.006638590453158922,0.0145790211327599,0.015112561488361868,0.051505949600153894,0.0396119706504713,0.014180109373711836,0.0207697381076699,0.03764049575421144,0.05453241364148507,0.021402621671384212,0.08433400203358157,0.027597350847783673,0.09420017038115915,0.07115199648245348,0.09762455687158207,0.04056363186677293,0.03158619362994312,0.17573167715518423,0.12486163401027783,0.07885569815054,0.013465607738602324,0.013245761081645551,0.03176784193025365,0.010085465387891946,0.013520569402841518,0.03006403033883866,0.012586221110775234,0.036054851740910714,0.016818269257193107,0.035972409244551924,0.018137349198933745,0.03064112781335019,0.0329220368792767,0.04072659320124213,0.04671741460331419,0.03896781994558795,0.00038473164967435216,0.031328148616340104
449,134.78153303337325,68.41017382578578,566.0974622082672,0.1368313533810248,0.27022817466740034,-0.10487123296539669,-0.14014430194542452,0.2569551387693005,-0.9462845733013953,-0.2927734084096721,0.2921828810086427,-0.8996962046094585,-0.22946243485579257,0.28804321367300034,0.3868711358560191,0.18053928074321043,0.13545269154824718,0.0657572912957628,0.83561356941702,0.8889683747127182,0.06477227850969476,0.7729990612760174,1.113186482374648,2.059406014307448,0.2282368174020005,0.8148810410125271,0.12018288932767943,0.16585245848574112,0.9056592108244585,0.5052756287832195,0.5120998284400997,0.25902307966205934,0.2576635483766549,0.09306315346518629,0.10293594018062344,0.20690771372155503,0.14598776421843135,0.04625643349626129,0.6401450166704431,0.805425177224614,0.9277829929110154,0.27659987699478844,0.3290389408603891,0.16657495225455604,0.9096559091056227,0.44378985530702747,0.3188748260123653,0.002460104230731881,0.37257631178584144,12.933451232090796,10.236634797185545,17.16582644673089,0.09260087488793817,0.08238417775849072,0.06268794033686137,0.06271203126388424,0.08095996458212219,0.0651840823982167,0.05694144355168654,0.08541649840621268,0.06912661834187635,0.057644296662437595,0.08876222176038312,0.7354609145495768,0.4535464013714018,0.32465064012932593,0.17647227638597268,0.721831391155381,0.5716319092650087,0.14818673139138352,0.5282327891019936,0.6652324312437611,0.7309900404378321,0.40574292712692867,0.6867146707103652,0.20311242474347865,0.3450388698181675,0.8523221568455728,0.4752081390419859,0.8614485060380036,0.43810539462990344,0.4373548169207381,0.29052561867930365,0.30388011045049296,0.4050953266566138,0.3530996640643558,0.21004333827470464,0.47996544795314655,0.39587944393259156,0.25885107664024737,0.44732411314393533,0.4698717514847388,0.3726019746411796,0.2866787338405607,0.49683841444226934,0.4660479611472761,0.0495391921374628,0.4834984703111349,0.9079502783892268,0.6368995209115628,2.322698433251327,0.01074695714100738,0.008276641201605595,0.004790852000517933,0.02123856713712288,0.018485354234105918,0.006475125631231387,0.019565577495791794,0.01887919772109284,0.0111834480124304,0.01537537226466399,0.018599410850705687,0.05554577236825068,0.03989900297811731,0.035095170270620236,0.02184966981742846,0.06843713582804609,0.11887867409037939,0.017295092580603393,0.09456752557296388,0.07045966593292761,0.12515246665803445,0.05657322284086496,0.1317723035089991,0.0428557555354137,0.038417389615434415,0.1426129742328111,0.09083613880616342,0.11055159911951315,0.02214165479735854,0.023922051016444387,0.018354266476757735,0.023371746730545127,0.018872199922309985,0.01939013336786223,0.0068626181535672666,0.04739091026803056,0.029360352194742975,0.011685873365272563,0.03887737925676551,0.04175838404764988,0.03159394017868704,0.014469765635115888,0.05392982001812767,0.042276317493202126,0.00048556260520523113,0.03887737925676551
450,55.257549142618146,13.650724069427016,566.0337202007528,0.20097239648682558,0.25442484838979507,-0.07592095357590965,-0.0713649044071518,0.3694831117994563,-0.9028253633155583,-0.2626563792084901,0.37636867531890417,-0.8631569989544124,-0.18564447406942702,0.39594879234629854,0.43082549142618143,0.18060670221664576,1.2288550815558343,0.08578131534922626,1.0480664470932664,1.302599853617733,0.17231048724383105,1.8511545901296527,0.20225611668757842,0.37422469677959014,0.3706205562526139,0.5853364178168132,0.25534321413634464,0.30580667084901714,0.7956623797574237,0.7504164052697616,0.34358793391886244,0.2825177749895441,0.4853094939355918,0.9033615641990799,0.00533249686323714,0.4606597657883731,0.2886867419489753,0.1782465495608532,0.9138697197825177,0.015579255541614387,0.40699498117942284,0.28562839815976576,0.2855499790882476,0.22851317440401506,0.5088352153910498,0.39596403178586365,0.2984629861982434,0.009201171058134672,0.2539732329569218,16.178602607273643,17.402518247443155,28.49277328410623,0.11051036779134706,0.1554758651144842,0.1027642032937262,0.1316160099168621,0.08269001514739256,0.09634023383311473,0.12810492251612624,0.08655082723328918,0.10277433397307303,0.14115975996277486,0.08995975787231258,0.7646695989994028,0.5099608114714909,0.6680315776972828,0.23144687320540505,0.4958322145887286,1.0370128700027725,0.3710859369550391,0.7330842043762206,0.3037942423675302,0.4565477682682248,0.6681516311598947,0.5670564312461336,0.4592294664739649,0.6110714615308314,0.7736243121001548,0.7131258141345144,0.5640860768386039,0.45022969748453895,0.4997906746665105,0.2954686625804879,0.07282993883414299,0.4984564580875828,0.4531578917019024,0.38272515730533996,0.2805599982257196,0.12384241293408586,0.491280343037512,0.4517191053434722,0.4516818808185737,0.41988035431830983,0.4999284669050198,0.4890631549007289,0.45758966925973527,0.095481662209342,0.4352881605747223,0.6328610639132141,0.47497059207946674,1.9930989413148608,0.009006195268592341,0.007942674160240491,0.004422663704090967,0.024730325186250162,0.019846606979479806,0.01202359045876356,0.022323584734021698,0.017967185492092533,0.013506780577702262,0.020046451444255653,0.017866501110965886,0.04295072539537316,0.03162357861717423,0.0694081819370017,0.023208469481113582,0.0523387792445432,0.1037440857404261,0.018826820023526335,0.07791556659260228,0.026286498496928507,0.05760135929943798,0.05411109658868122,0.07674473924977127,0.03644569337341524,0.03525212390537184,0.09986459286367794,0.08394458240752842,0.06117736243628284,0.015814926153443994,0.02444124950986799,0.014272644098810613,0.0012547379427525814,0.028048621095281664,0.017723173441380212,0.006116847470918834,0.011815448960920141,0.0018298261665141812,0.032466344268723045,0.018089138674683047,0.03816494575872435,0.018376682786563847,0.03774669977780682,0.03874003398248595,0.02329107306234479,0.0012024571951378905,0.025617566331198535
451,-5349.579814326584,-4044.024547035396,9107.698796768947,0.1757701239692601,0.1341396757727043,0.007340214281707521,-0.035555844000673124,0.218432120940147,-0.9595813351938073,-0.21311357923374655,0.16130140842542212,-0.9492646014472429,-0.1282880742693667,0.19546993324732148,0.29140993997868403,0.12198631289616874,1.5431609356593932,0.08667582879901274,0.7601301396757727,1.1089563583328659,0.0906355528131486,0.41750042071015875,0.7053489089583217,1.2549915857968248,0.1861838783867168,0.5759623043697762,0.10872104111740619,0.20091855051326635,0.6128669994951478,0.5671189768328938,0.36307539126044763,0.18895495596567005,0.2302967408986369,0.8729735794020306,0.04605373871094407,0.12629718965613956,0.5143882874291804,0.08905031693498626,0.10245694732708813,0.7261737813429068,0.9485050765692489,0.24810680428563414,0.4051999775621249,0.07084759073315756,0.7721994727099344,0.3604644640152578,0.2754810119481685,0.020362371683401582,0.34332753688225726,295201.133007024,221400.26566219033,461238.04526767426,0.07623077506572151,0.11991776911385921,0.06823775078316616,0.11672512426494741,0.08972353285349023,0.06739254288974547,0.09741745126246512,0.09729305441148092,0.06704450862066705,0.10778992063199493,0.09483055720417861,0.5282698855248213,0.29816372209816283,0.3906279618030792,0.24219508346194837,0.49863307939081986,0.6848909135896096,0.24320097474282495,0.42269065460475097,0.4833366951839668,0.475622532842368,0.3231799156202862,0.6723885834308082,0.1941719839738959,0.41910168671731396,0.6065699474044695,0.5861044119090932,0.6049325082225108,0.3914783250516614,0.42102864967375186,0.33300723617522443,0.20960444674284545,0.3321886580635072,0.4997999433882143,0.28482035261395144,0.30325253595676593,0.4459271217086697,0.22100806829610617,0.4319201897648921,0.4909375884047215,0.25657368528102775,0.41941909938803607,0.48014195830844136,0.4467626015737846,0.14123846855517883,0.47482635021296066,452.0114857094776,339.11444478725497,707.3399713909066,0.0077109640142484495,0.0066773623537991185,0.0034110453538271674,0.02225434774072308,0.02600691094718537,0.007897864190951672,0.021067027262782936,0.026065640703447114,0.008320220570498976,0.016505483409530754,0.0248456511373517,0.04613300423526772,0.028531680363503772,0.07135248085715086,0.020999635374302304,0.051834628222029014,0.11364990323394945,0.018160603595770344,0.0607413120915491,0.047354219841247575,0.0829158836563543,0.04412111182789667,0.08029506633382885,0.02701147168541217,0.03349339466524556,0.09090118643592404,0.08574089136959022,0.09559924831010014,0.018034947970717752,0.02103609794407203,0.02364457408913696,0.00841443917762881,0.011780214848680335,0.03001149973354276,0.011555829803943566,0.014192354079600594,0.024906739965781282,0.00813395787170785,0.0261969539730177,0.03907104591478978,0.013631391467758673,0.029394440860516645,0.0389308052618293,0.04069783748913135,0.0017950803578941463,0.031161473087818695
452,44.05227758407378,9.87942113747985,535.1458628575713,0.14716338619577848,0.02371326809882653,0.01919975255876729,0.06579969999625088,0.3587551784576163,-0.9048504876091928,-0.16650031417538333,0.37655006763393695,-0.8847446845499194,-0.054942826078806274,0.3831433284594909,0.24080605856109175,0.1821876054437071,0.10101938289656208,0.07254602032017397,0.5593645259250928,1.353368949874405,0.08385783376448094,1.16426273759982,0.3739819292917932,0.5698305402466914,0.21238443369699694,0.7254830727702172,0.14281445656656544,0.1842237468601207,0.7915270123345706,0.36766018070708206,0.4936805008810407,0.11386045814119147,0.14685262250215575,0.32857196415851236,0.02095752258838526,0.31560004498931504,0.5900723578150189,0.04453942188730176,0.7747909871405542,0.17737037453604768,0.5663030030367787,0.12746972594008923,0.41847561204214,0.20916282382934054,0.9150076856746523,0.31005136280133466,0.0868293780227196,0.013684249990627227,0.34817980729576725,23.222661507751944,49.64745275310543,53.86764210683898,0.12959911655720982,0.10454402684793626,0.1591126467241625,0.07263524408691863,0.10284918328495107,0.12444706022974292,0.07117333138662266,0.104382679599766,0.12199718507630843,0.07174266646025818,0.10989901651428689,0.5041148120879678,0.43177297728662994,0.24084025007566137,0.1873738527619467,0.6849127252712206,0.8694898762792701,0.21627728362285606,0.755009055917637,0.6342146569395885,0.6900404318712898,0.4113105886621025,0.6700031560947617,0.31471442875815847,0.395307866812153,0.8353893486613486,0.3943026632897119,0.79176857253345,0.31764766182992943,0.35396557330733486,0.46970277819000233,0.1432448048549038,0.4647631169177385,0.4918292786172557,0.2062941038989164,0.41772772884932663,0.3819889989364458,0.49559370465467095,0.33350466993680045,0.49331825235828713,0.40671850060186804,0.2788754857836327,0.4625230108915003,0.2815901452763554,0.11617873010484644,0.47640228592446765,0.3419391121775645,0.4487814937012598,1.427365776844631,0.005059275644871026,0.003060137972405519,0.0027685962807438517,0.01308437904919016,0.010908796940611877,0.0055833291091781645,0.012112730841331734,0.011192109928014398,0.006155411217756448,0.010046903119376123,0.01088913467306539,0.02696760647870426,0.025172090581883622,0.01825997300539892,0.01770395920815837,0.025074610077984404,0.08844556088782243,0.01343656268746251,0.06010760347930414,0.01804139172165567,0.048370200959808034,0.04090356928614277,0.07270208458308337,0.030713107378524302,0.023876724655068987,0.07108390821835633,0.05905293941211758,0.06648057888422315,0.00611127774445111,0.009823035392921415,0.023282843431313736,0.005248950209958008,0.01259748050389922,0.014997000599880024,0.004199160167966407,0.013047390521895621,0.007610977804439112,0.014809538092381523,0.014322135572885423,0.03201859628074385,0.02541991601679664,0.01192261547690462,0.01885872825434913,0.011810137972405519,0.0014247150569886022,0.022308038392321535
453,93.01848945719915,-23.96958571474701,513.8184248764894,0.37211230585424127,0.1757459071975201,-0.0702656527495237,-0.07059873686589815,0.4673443797668637,-0.8566468372889018,-0.25410624372759855,0.4678211946785495,-0.8215748477509767,-0.18799350963867095,0.5013146049275081,0.30937905647583064,0.1250502115018244,0.2283596499725532,0.07582098227259518,0.18603345280764638,0.21745003067583712,0.06758338984145434,0.507362200910588,0.2834524847428073,1.1876589492718526,0.1841874132196713,0.547226258516581,0.10463495753818335,0.18527721269656755,0.45535244922341694,0.35994510639671934,0.24436113532887727,0.1946462591623882,0.13132487326035713,0.05612063676579806,0.01007459071975201,0.046659562788595045,0.025896864606542027,0.05712163776679906,0.0926087377700281,0.1803093415996642,0.9116535890729439,0.25942071103361425,0.24340469501759823,0.07907907907907907,0.2036229778165262,0.26461945816784527,0.09202751138235009,0.0014207756143240014,0.25725725725725723,19.159148196133927,17.555080957855587,36.97191676643306,0.11084809061379003,0.09448164534935963,0.09868240527266679,0.08810097019732487,0.09594725597417827,0.11001554661501234,0.08301255912128204,0.09427731667798517,0.11008455457323923,0.09224845178434096,0.10656761337037811,0.6505899732794684,0.366480012662289,0.38870081772243487,0.22667926917183193,0.5092736148106497,0.47091551514185265,0.18898597347146048,0.49369263179871586,0.5715812143642393,0.5229816621724823,0.2948973598775315,0.4890480651860336,0.1797965477214605,0.40948789481028725,0.5861172140410569,0.37429773676394834,0.4302060818166914,0.3959345336374883,0.33776076545763534,0.2301582529608975,0.09986698847321727,0.21091202997794942,0.15883019738038878,0.23207864063746825,0.289888035249778,0.3844511094167351,0.28380261343972135,0.4383238638217939,0.4291442603690268,0.269866503980723,0.4026982705649888,0.441137489115986,0.2890694497006061,0.037666999145469095,0.437129421288121,0.5563678636011367,0.5161198656677861,1.5946945233789718,0.007526704985791785,0.0043120640661327815,0.0035088155515370706,0.016543167495479204,0.012841018632136398,0.008484563775510205,0.015753251291655904,0.013441750742702147,0.009825667689227591,0.013990151123740633,0.013340448204598296,0.0358479721002325,0.027171273572720228,0.0379785585120124,0.019059028674761044,0.016865151123740634,0.040499547920434,0.01700077499354172,0.06293012141565488,0.02199980625161457,0.08298275639369673,0.03539912167398605,0.06490926117282357,0.0310126582278481,0.02872352105399122,0.07365280289330922,0.06218225264789461,0.05861728235598038,0.010300955825368122,0.012851976233531388,0.0038749677086024285,0.0018729010591578403,0.0034551795401704987,0.003099974166881943,0.007459312839059674,0.00949367088607595,0.0076853526220614825,0.012206148282097649,0.020085249289589255,0.021796693360888658,0.015499870834409714,0.02667269439421338,0.030902867476104365,0.016210281580986825,0.0004520795660036166,0.031128907259106175
454,45.076726353311784,13.638207742684243,593.4590649092265,0.09427136698996931,0.08647898532703308,0.005327820608472183,0.043900231866036636,0.3145434789024289,-0.9414035206416314,-0.15485677816463564,0.32188466243886266,-0.9254202491917434,-0.05975839343446903,0.32818759844151535,0.35836939401475587,0.18156926137776672,0.03940893641714333,0.0843774351322225,1.7045846804277542,0.8123940976539833,0.04873829064080245,1.3646294454115893,1.9198097488187018,1.697091105031916,0.16594462405703392,0.49338887507253587,0.1174745088286496,0.11603498300588577,0.5135086628533532,0.3888974550277709,0.46383693940147563,0.2020227140843903,0.2654397745171185,0.012641963027439277,0.0063417060432728175,0.9382409019315262,0.6692365083312609,0.014880212219182624,0.8805852607145818,0.9376606151040371,0.9900107767553676,0.18598192821022963,0.15721628119041697,0.19659288734145736,0.8487109342617922,0.28811240984829645,0.27969825084970573,0.0020724529553179144,0.31372792837602587,16.912322786817025,7.886409849553952,16.6050405887354,0.04841848161689564,0.1072503711303036,0.1325880558343005,0.08047632631734021,0.06422134241299941,0.03718032124156338,0.09632737306088038,0.06441128256973372,0.040840893156633154,0.08429998707437035,0.06733969532915982,0.6234638473826204,0.5593961210252812,0.1884006062972741,0.26132510465775294,0.5350061386892164,0.6258105895281163,0.1201339138058149,0.4958559308250531,0.5739320617210502,0.6224243909385936,0.3470458494752976,0.47645245729792424,0.20363975321905864,0.3400913200419047,0.6481797579524063,0.46306805964943526,0.760603630327362,0.4015173960601495,0.4415762479529033,0.11172583046376858,0.07938356258911641,0.24072248282167605,0.4704977999423132,0.12107600555765212,0.32428262068361174,0.24177594776305886,0.09944771786479345,0.389100148975168,0.3640121073795075,0.39743008302701016,0.3583378386864262,0.4528930898627033,0.44886021241683016,0.04547794653256035,0.4640168529242138,0.3292062176165803,0.2661844559585492,1.6761119170984455,0.004444393782383419,0.0035457409326424875,0.002448580310880829,0.01735774375129533,0.011638367170984458,0.004874936538860105,0.016381321450777205,0.010725002777202071,0.005707421181347151,0.011761948186528497,0.010715689119170986,0.03956766839378238,0.030989430051813475,0.009084352331606219,0.018860518134715027,0.04403523316062176,0.08964559585492227,0.01338777202072539,0.062411606217616586,0.045625284974093266,0.07885015544041452,0.03874113989637306,0.05686010362694301,0.03114113989637306,0.0162259067357513,0.0834640414507772,0.06769658031088083,0.0856621761658031,0.02254922279792746,0.013803108808290155,0.001077720207253886,0.0012849740932642487,0.004518134715025907,0.04360621761658031,0.0016994818652849742,0.017616580310880828,0.0058860103626943005,0.0017409326424870466,0.011689119170984455,0.017989637305699482,0.023461139896373058,0.024248704663212436,0.02317098445595855,0.01894300518134715,0.0003316062176165803,0.028269430051813472
455,52.46893518724179,40.12646706054818,533.1086402203366,0.17800493092266,0.17338838789924924,-0.08991213184665274,-0.03170774194838079,0.27520397419039583,-0.9518396785127272,-0.18058548100928434,0.3248855141486384,-0.9179584302341077,-0.11261547687797074,0.30976931278041847,0.5159402070099064,0.26937852605392915,1.6328359468704188,0.1029430056416863,0.5838279063568922,1.0965932210919107,0.09529963129136866,0.9417742437030786,0.4897574519123984,1.783945182355293,0.18580782728443873,0.5095531073697304,0.13414819421616098,0.18405490649016037,0.7834849629070232,0.6519768113366797,0.26041357558526945,0.3181555683887877,0.36799786770911996,0.8934298787259563,0.07329749900048865,0.47474567988983163,0.8988938741059926,0.06459064457376394,0.2719559326551464,0.27279996446181864,0.9811647638932077,0.15352494336102349,0.39083114921593887,0.146950379814313,0.5876682510772511,0.42241570787614946,0.34734129980898226,0.005597263560037315,0.3466749589089778,18.77600544734438,12.808774395199729,21.785688602279343,0.04895537930312539,0.10439902633807169,0.13552666935834398,0.08278972563267012,0.07010714562725719,0.05356473190814042,0.07684695497231264,0.08457859790301987,0.05925710818014043,0.07828592287553038,0.07839452759293931,0.8776432355153095,0.6517293744357222,0.6470295573077356,0.29001485323842363,0.6181406984777879,0.7595420548022034,0.20190111038194852,0.5998190433736896,0.5350713290940213,0.6511812090752153,0.3917790066838855,0.5113850715826302,0.24828336815599975,0.3792873246491317,0.7498612608137731,0.694233148005202,0.46050524903590645,0.46577058715406616,0.48227146832957973,0.30857277963485635,0.2606299928776972,0.4993729039081494,0.3014758940293465,0.2458076021802925,0.44497718959231813,0.44540875252941403,0.13594591195371317,0.3605007743965716,0.4879474753978935,0.3540643085485608,0.4922652156024932,0.49395497404533334,0.47613589670140577,0.0746068459702866,0.4759217305275891,0.501492669924478,0.48995113282985336,1.611639271434918,0.006648289649044869,0.004772678809418036,0.004294402487783207,0.018245592847623275,0.0177178333185251,0.005860301466015105,0.015870934828964903,0.01777268049755664,0.008473543136383828,0.013378676143936029,0.016793913816081744,0.03600710795202133,0.030598844957796533,0.0756486006219458,0.02175655264326966,0.04103998223011995,0.0975792980897379,0.015448245224344737,0.06784851177254553,0.03910795202132386,0.08768591737005775,0.03533540648600622,0.06570102176810307,0.02667614393602843,0.027185250999555755,0.09809595735228786,0.08421323856063971,0.0711097290093292,0.01092847623278543,0.01723678365171035,0.010128831630386494,0.009773434029320302,0.023367392270102177,0.011195024433585074,0.007863171923589516,0.024300310972900932,0.02221235006663705,0.0038205242114615727,0.013460684140382052,0.03722789871168369,0.016703687250111062,0.03789426921368281,0.03958240781874722,0.0308751665926255,0.0009773434029320303,0.03589515770768547
456,115.53009628091372,5.515733434019257,679.5730526713235,0.15943651123277325,0.3140024919765905,-0.040335774966962425,-0.16782989612988483,0.24676873792712853,-0.9406576880120823,-0.30648146067585424,0.2735447193128186,-0.8950980627147441,-0.25224730979799886,0.275628657730791,0.26064753634132526,0.14586256371531056,0.36539361902963946,0.08853690768359448,0.8876171417783653,0.6513955068906928,0.09390296394185388,0.5135616386633944,0.582610534264678,1.2341725505002832,0.21202794034359074,0.6083768170662639,0.11572248442514632,0.22286161978478383,0.6112569378893714,0.5292206909571455,0.45732037002076653,0.3932037002076647,0.318331130828771,0.14781952048329242,0.03281102510855201,0.2748348121578252,0.5418538795544648,0.05576741551821786,0.5501227109684728,0.32584481782140834,0.9828959788559563,0.1611478195204833,0.26936001510288843,0.21113838021521616,0.3555597508023409,0.4299414763073438,0.27230507834623374,0.004002265433264112,0.3666603737964886,17.022278307475958,11.323770687412685,21.725159693888223,0.09130046868030237,0.10654834258017458,0.09536279998801046,0.0959710174449014,0.08041625725878661,0.07324988936372422,0.09715842787333212,0.0928277470133219,0.08322611070479997,0.09968446255683999,0.09206245722134627,0.47201926046677756,0.3550345405536162,0.34539242960798516,0.2550190936975218,0.7394736694954874,0.6721338828157238,0.19774780181087925,0.5012779820249127,0.6906048229155947,0.5255829177136565,0.34432449203036286,0.5161081940853276,0.20909389642885398,0.4085590114781975,0.6473086339786986,0.5674624992703448,0.7357093000929467,0.4884706330558707,0.465837541923401,0.35492769159781695,0.17814505322964858,0.44643942870943065,0.49825457979264004,0.22947635860189594,0.4974907623728269,0.4686984819276632,0.12966151465733364,0.3676741818077518,0.4436356934067788,0.4081240664999012,0.478691619224006,0.4950768198903511,0.44515447287278415,0.06313792695336999,0.4819017663562724,0.7408208729799123,0.45295272617429394,2.486474852741278,0.008689170820117807,0.00834711523938982,0.006521748980516539,0.02337516983839299,0.02000787668025978,0.007242142576650053,0.016685818343150582,0.016517117806977795,0.008524475268086392,0.016292553994864824,0.016685621507325176,0.041138800785379855,0.03035795197100136,0.05272617429391331,0.019858027488294818,0.05603874037154509,0.08764839148164931,0.021907944419272015,0.06411380456124452,0.040664552182449784,0.0706690832200574,0.03528809847455068,0.057567210391179575,0.03171122186980819,0.03169423047877964,0.11130305089865579,0.0941073855913004,0.079591073855913,0.026015707597039722,0.026166742183960128,0.018426219604289383,0.006570004531037608,0.018275185017368977,0.028658812868146807,0.009213109802144692,0.026959673765292253,0.013668630116296631,0.0020389669234254643,0.01993656547349343,0.027601570759703972,0.029980365503700347,0.029376227156018727,0.038136233197402204,0.03511554145899411,0.0010572421084428334,0.028583295574686602
457,-26664.903203907037,-20125.611118423338,42390.050888434766,0.3700618267465623,0.16332967337466658,-0.10008586470853104,-0.04820138997610057,0.4699468845554362,-0.8690126294897994,-0.17775479865609087,0.4679897284818676,-0.8519317825499635,-0.13088604482006164,0.4971916455959267,0.2640286100238994,0.1402750164524956,0.05720169027744102,0.11964393335873369,0.15568736794707494,0.6894520453049773,0.0734588341242077,0.25772851650445083,0.3476003602230612,0.5319659866301825,0.17070624502095524,0.3842232690242805,0.14191333864431438,0.13586886495098888,0.57545010564234,0.5588514426240865,0.44422084444598386,0.2866197914862665,0.1710366804059437,0.03848152124969693,0.36171244501402794,0.06279657788091857,0.26725780194659,0.04980776557791555,0.13660766859478368,0.18305566139032248,0.27352706868483945,0.09722558969207856,0.31872813549928997,0.09029822313047695,0.4852620276401926,0.35132139517162553,0.27013265906965467,0.004572061930657061,0.39659173565169203,655669.6802370835,491747.0801340067,1024454.2832267056,0.06889423394381276,0.060253791895479275,0.05861493410574898,0.08490087647090937,0.07938109001159113,0.0654982014813495,0.08510120829334375,0.08290047225523282,0.07511576355825014,0.0888381670223919,0.09102612220087135,0.5149718981160799,0.4156562293739067,0.27541426583110823,0.3365100609440741,0.3692238620085727,0.580522659390384,0.18435158658316395,0.5548899426888037,0.6660957582510484,0.5613099939152105,0.2728222648748544,0.3875817290620587,0.26531535550242197,0.2728921154387453,0.6473175559300954,0.5315615646847731,0.7420106333306757,0.4521901911968677,0.37654753411823066,0.19235897536444585,0.4805044736998269,0.2426009197124393,0.4425357075402874,0.21755135342849466,0.3434386391974379,0.3867188464664659,0.44577673145349445,0.296269834234492,0.46599145105948847,0.2866135016921521,0.49979140064136507,0.477391418324017,0.4440358486011985,0.06746344064398058,0.4891983442110215,557.8910218219606,418.4202216834083,872.6583789400763,0.005616903359889158,0.0034546588153792873,0.0022943540006927607,0.018233053585036366,0.01562216456529269,0.00866155143747835,0.01695731600277104,0.014250499688257708,0.00893628604087288,0.014701316245237269,0.014546345687564948,0.03724281260824385,0.025718739175614826,0.00629857984066505,0.022431589885694492,0.014911673016972637,0.09383512296501559,0.016760651195012122,0.03159612054035331,0.023025978524419812,0.06311846207135435,0.04082161413231728,0.0607786629719432,0.03174056113612747,0.021000692760651196,0.08439210252857637,0.0791104953238656,0.08281052996189817,0.016349151368202287,0.019016279875303084,0.002216834083824039,0.038690682369241426,0.004295116037409075,0.012400415656390718,0.006996882577069622,0.011014894354000692,0.008798060270176654,0.02230689296847939,0.013231728437824731,0.039175614825077934,0.012296501558711466,0.02171804641496363,0.03553862140630412,0.032802216834083825,0.0006927606511950121,0.027086941461724974
458,68.56483821155331,-20.699399873657615,638.0853653400716,0.021347020425352702,0.14717119393556538,-0.09132347160805783,0.03197882196251842,0.14904956461009333,-0.976691101635432,-0.16954374496385202,0.18657993489857513,-0.9569859776795114,-0.07107612128869237,0.17155320418333683,0.23141292903769212,0.08868428441075313,0.11462342949392856,0.06547729346529095,0.584827683020987,0.9366754404436021,0.07801256404857163,0.8058636906015301,0.7844753281392572,1.3701224819260194,0.21772373131185516,0.588505299361269,0.14023513722187125,0.20808731662806207,1.1492514213518636,0.60479188601109,0.35750017547553875,0.160560117919562,0.2514564469712922,0.020390257598090825,0.40503263845020004,0.03432301537165719,0.6827753211202359,0.014529374605180037,0.7417701972345055,0.7641959710816312,0.9018740787534217,0.2650031585596968,0.23555836316417492,0.09844177721625605,0.3817996771250088,0.4669755036147961,0.4478837650031586,0.024847336281322383,0.306625956341686,6.825133578906699,6.212555907317879,36.22508324252233,0.06364115959400574,0.046542986983149556,0.056238772652323535,0.08458296832244634,0.08369654263493641,0.06656447494646052,0.061922691034750225,0.08475044319838734,0.07319628166849622,0.0634972913457342,0.08458496883620778,0.38965803942805016,0.20563011930761624,0.1888529333516257,0.1680189913533764,0.3798629473503051,0.5686961903435767,0.15772275106118058,0.4391102255061206,0.4291786634234649,0.5856474825369917,0.376252636455752,0.5461865332290926,0.265444853450895,0.463235185866906,1.092741123014996,0.6029041752727301,0.6121759852909963,0.36713117105158405,0.43385793561376346,0.14133363373532526,0.49090697468894395,0.18206072957594166,0.46540389299748575,0.11966108138278438,0.4376687038544647,0.4245077304852535,0.29749005152229846,0.4413426338511695,0.4243547343051493,0.2979162777522565,0.48583635867976216,0.49891694543937654,0.4972852067067738,0.15566244422938447,0.4611007926131304,0.4236619520584003,0.3677394447759098,2.625434317200716,0.008875302705927771,0.00582974765731934,0.0031934510230582944,0.02819719453900958,0.0315683395570842,0.005775124486716036,0.026492030217948263,0.02836685129680974,0.007738547116835716,0.020530867230547853,0.026075386937142456,0.04662969852244411,0.025045098796195556,0.031325588741094305,0.02169164356157653,0.04874004141368055,0.11984697995999018,0.019940336222931947,0.07904502860351666,0.048572982837890015,0.1035306917488506,0.05245849857859825,0.09207735233215177,0.03893342224405994,0.031994524971045525,0.13750991471589516,0.0906155897939845,0.08209244375811603,0.024427052258449444,0.02948092513950795,0.004141368055311831,0.04843294844347735,0.0061769557435159515,0.0327448847085249,0.0028778998350472047,0.0313059347910013,0.023163584038184817,0.01789913312041554,0.037763661250131614,0.03818481732355315,0.01621450882672937,0.04116800617695574,0.03839539536026392,0.03558768820412031,0.001403853578071807,0.03432421998385568
459,89.37132357968142,-44.89391878033773,629.7713235796814,0.3735594106788816,0.07999176181035071,-0.07892530935940384,0.08108203948178026,0.5196977159704655,-0.83953760002051,-0.1580590543173583,0.5216711471593628,-0.8275915150748616,-0.04628980652218499,0.557160490873043,0.3060244752854311,0.12906474328296985,0.9430467628358515,0.04166643877760306,0.038991590893553016,0.5458552676557051,0.060549326587817046,0.060460449853011564,0.06272441375538389,0.3354700211936829,0.12626820263895536,0.35319272578108973,0.12018322280713749,0.19133178368770085,0.6761813769057222,0.5808330484720038,0.2077138169139263,0.14637314555274492,0.27209954194298214,0.6100020510015725,0.0739727900458057,0.007281055582142613,0.28809735420797156,0.0675121350926369,0.045737335065290215,0.010425924659875572,0.4148492513844261,0.13263143501743352,0.1520133998769399,0.10969440076570726,0.6136938538319546,0.41737881999042864,0.3165037259861899,0.0030423189991112326,0.44284542284815753,28.135449077611543,11.932601105229912,11.298941929262698,0.09583457032862758,0.09143083887895587,0.08660153180086906,0.07420525112483403,0.08302901584990509,0.062135513067085715,0.07623509352429478,0.07734384718373213,0.062605184023406,0.08565141967942892,0.09240425931906737,0.5334977498788449,0.3236821328268204,0.6846511245968081,0.11615241783738209,0.12242829205884741,0.4981921218340414,0.1354568624855621,0.152172554808541,0.14456597775181568,0.35422439468917477,0.2053637820275478,0.3673236640446281,0.22556663517944683,0.3991762838556795,0.6734570865780979,0.6349926643780375,0.36804844167924583,0.35348595319177084,0.4450484825862195,0.48775781004425367,0.2617310796347159,0.08501934426319745,0.4528844001062619,0.25091113719627145,0.20891846075650028,0.10157547658919089,0.49270442283595156,0.3391817655216398,0.35904001546141223,0.3125138040471836,0.4869104762209245,0.49313492412652304,0.4651198904925701,0.05507419521024931,0.49673110308676405,0.3801969028817557,0.3057019792841759,1.4395993573308723,0.004918845930331931,0.0030750008546132023,0.0023222917307626567,0.01759871476429768,0.008840128260349366,0.005784389259221276,0.016134451338324272,0.008736003794482618,0.006376443544251872,0.014539192561446687,0.00894113424264178,0.030120329538850715,0.024325026493009265,0.0534054626875876,0.014387926024681232,0.007287457696646499,0.07806549755580625,0.012081495914948894,0.016697774587221825,0.01211431306190818,0.050351416948689026,0.03367586230472089,0.05801592999008649,0.030284073428366316,0.020838546473865925,0.08911359518681847,0.0796226028099682,0.03681331829214098,0.008785423717225583,0.01514374594058729,0.014665162547431033,0.010084435784363997,0.0010939048986428742,0.020134687040645406,0.009161453526134072,0.010460465593272485,0.0012306430109732336,0.029774723959935735,0.014870269715926572,0.02683485454483301,0.014323317266605134,0.041089802755272964,0.03199671828530407,0.032646224318873276,0.0003076607527433084,0.023177110039995896
461,-6465.639526591047,-4934.928649052501,10771.664266793454,0.15094861780887045,0.2406097941995517,-0.05607861848807987,-0.15679223072743323,0.33865325857501866,-0.9094280936629763,-0.23066501229369013,0.3728919174760578,-0.8791964959247436,-0.21101073150852406,0.3743337974597568,0.20161617876791418,0.09296576784622698,0.26420498539699794,0.07726923860626231,1.4221031719078994,2.6336249405691774,0.0699378523398764,1.2214830537254635,0.11301331250424507,0.2877491000475446,0.2427755892141547,0.43931603613394005,0.1566464035862256,0.17578652448549892,0.4749962643482985,0.5621388304014127,0.31551755756299665,0.28003803572641445,0.2700196970726075,0.06082320179311282,0.3396726210690756,0.6563540039394146,0.9252869659716091,0.037152754194118044,0.7618352237994974,0.004584663451742172,0.07189431501731984,0.19649527949466822,0.14586021870542687,0.0804863139305848,0.6893635807919581,0.4494328601507845,0.30737621408680293,0.002988521361135638,0.33929905589893367,324822.096538246,243614.84204680828,507521.0357177385,0.06777205240413603,0.07192055590867555,0.1100593959647038,0.07624567464586827,0.07999322305709909,0.10041112349355137,0.07538864389425992,0.08336877659210357,0.1036775127119178,0.07441173806638193,0.08635356994614678,0.42874645345081785,0.2408713239860087,0.29612415295833594,0.1991970909642765,0.4145183789886764,0.58031543158056,0.15660582954398122,0.38614678638643357,0.21259409262277515,0.38095314457926144,0.5000214446442992,0.33987411017132113,0.34753296081171603,0.3766182803016178,0.5235374520814919,0.5496220376998964,0.5520654885964456,0.44902514573736185,0.44397720032571947,0.239009790451503,0.47360611164959404,0.47493271693217437,0.2629322049036592,0.18913921311997237,0.42596769555147723,0.06755589760744703,0.25831722473066693,0.3973540570548884,0.35297201930751015,0.2720492246658699,0.46276204129169896,0.4974448390848687,0.46141446379238765,0.05458654864457523,0.47347948204640544,546.99963661063,410.21220241127526,855.7912582781456,0.0056507386653082015,0.004660349804720666,0.0029335710646968918,0.018074018610969602,0.018465706809305482,0.009096096824588215,0.016808784683307862,0.01681247424010868,0.010937287009679064,0.01330103582951265,0.017009679062659197,0.029587705892341658,0.024593649176430633,0.046169128884360665,0.02218101545253863,0.04190422822210901,0.11447885888945492,0.016361351672609954,0.08193377483443709,0.019163185600271693,0.06090202071659026,0.06223195788758703,0.07165970453387673,0.042854474443878424,0.027550687722873154,0.0928816437425709,0.10315571404313126,0.05367023263712006,0.020173204279164546,0.0228222109016811,0.010120563762947869,0.04771608082866361,0.021701477330616403,0.010833757853625404,0.0034640855832908813,0.026863644082187128,0.00054338597384955,0.0064187468160978095,0.030701307522499575,0.023229750382068263,0.013177109865851588,0.04336899303786721,0.02601460349804721,0.023569366615724233,0.0004075394803871625,0.020173204279164546
462,119.36028253661232,67.33675393755182,607.8473404255319,0.2203338284056369,0.06453170765404807,0.04785075297043382,-0.028040495889748544,0.255429104310583,-0.9069135978861566,-0.14710325542276873,0.20477035047665101,-0.9113870006907986,-0.09139796905222437,0.2376783296490743,0.34566800221055544,0.1945347471677259,0.16097471677258915,0.08607730035921526,0.9324647692732799,0.8024084691903841,0.06367470295661785,1.175606521138436,0.8125086349820394,1.0644048770378556,0.18302051671732522,0.4825749516441006,0.1526840978170765,0.1948017408123791,0.8233431196463111,0.5819691213042276,0.29988670903564524,0.2929676706272451,0.2105208621166068,0.039997236805747446,0.13681265542967672,0.10455236253108594,0.1377797734180713,0.045558165239016304,0.4782743851892788,0.17839872893064382,0.7572533849129593,0.19276733904393478,0.15394445979552362,0.12030256977065487,0.057750759878419454,0.34529566178502347,0.24509533020171317,0.01043105830339873,0.2723473335175463,20.289093211286815,24.081586338918072,28.226744276295648,0.14090033244728828,0.1549088209337803,0.11511956202560918,0.13673045700232495,0.14263465172653148,0.18466395319960013,0.14278726487010177,0.11315112933770276,0.18513536155410867,0.13799824647637887,0.1264613961862049,0.5963158709110566,0.4785514961022509,0.3195423533502813,0.23605406698075743,0.6100255036699702,0.6301773370489748,0.15832574816589748,0.498343494443578,0.5882887984083092,0.5531070604611555,0.29563225518677133,0.44723844702999777,0.3036437736081212,0.37280558297050376,0.9236279415808928,0.6644651004043499,0.5394030882659024,0.45513159565119393,0.40768562585377777,0.19595607708085463,0.3436553969836316,0.3059810448381531,0.3446746448746512,0.20852846510129747,0.499536401714561,0.3828546528765622,0.4287505630594606,0.39447872809535484,0.3609017344396771,0.32532063715552667,0.2332755649184938,0.47547279241830886,0.4301511365065352,0.10160023557157605,0.4451753683714196,0.6803495561465925,0.5716451936029844,2.3142896618424236,0.00932765707574868,0.006340126420503611,0.0036841905288245652,0.028057362094573584,0.02928942893164312,0.017488674622638253,0.025145163483126662,0.025581779800352318,0.017225347760008287,0.021209975475803944,0.024011053158785534,0.045698594176366965,0.03358087803530102,0.027571759179302966,0.021646229836620495,0.056212911471106346,0.10825394632309766,0.014867189388967564,0.07041173016476115,0.05116887154157025,0.07819419018341336,0.03941556422921488,0.07572415460605851,0.028426651929121617,0.038292286967634974,0.09560775102759834,0.07184760457324445,0.04947117543435459,0.012331180270111567,0.015785292390591,0.004455804635418466,0.0169942316327588,0.00497392145349038,0.01571621014818141,0.006528271907706124,0.03809885668888812,0.012020310179268419,0.02155365963179165,0.025353182964319022,0.028116472660702566,0.015094469966495112,0.011122241027943767,0.040862146385271664,0.038133397810092916,0.001588891575420538,0.025353182964319022
463,94.73525699908144,62.33196213906306,551.175434322457,0.019937178002316383,0.20922868325412355,-0.05414185870042733,-0.05983756859299491,0.22316296649227205,-0.9652579648548264,-0.279642864810895,0.23272632964575263,-0.9233478412077161,-0.17731119453652303,0.23640548743959422,0.2576644434681896,0.17002556012620315,0.15427732736930388,0.08371340708494748,0.26643755741043973,0.17656056551779223,0.07801709333439834,0.0954435081273214,0.5859794720236432,1.6638919285913971,0.25114141938575824,0.8231678581412996,0.10592635488637725,0.16101921003234956,1.0206062542433805,0.43370861456128434,0.25440632613123526,0.22528854986221494,0.21897839370581892,0.0037940812332760893,0.6587723151883063,0.059227604936299375,0.1524821278805064,0.04285314908742362,0.1193338392108311,0.8088981189344623,0.9292703382722952,0.1647829386157594,0.2578777107711969,0.07116897639682096,0.8801469707256679,0.4489396541395423,0.3355165941131834,0.008426854107592157,0.218459203642318,5.858747538707464,10.069710117674116,23.210627253382317,0.06966162386596883,0.04144178497174286,0.05811610991561297,0.0639297056902246,0.07022788365598627,0.055862627845099565,0.05054088631274639,0.08080211943969579,0.05682004569679526,0.05573527542838343,0.07859817263063447,0.5198012032152318,0.4551340022086554,0.22356854414421237,0.2233866483755334,0.46305347968325655,0.3222708533387433,0.17054320499659587,0.31574402713571864,0.6993597643105294,0.7110115669529328,0.39123665807659536,0.7291518512203046,0.19616004640843265,0.3159435150897123,0.9393340695254256,0.47222869122714883,0.44210813541977684,0.4177805523387278,0.4135621930103567,0.06148038011318089,0.4741311315841024,0.23605491131309844,0.359494770428367,0.20252998514037643,0.32418740163842785,0.3931769652617937,0.25637784960584936,0.3709919387029362,0.4374750741612624,0.25711202488513335,0.3247960802954882,0.4973959406503874,0.47218017055109,0.0914121215368284,0.4132089048078981,0.39124131320393,0.3335090662193467,1.4747064462017734,0.005735801581595973,0.003961458582953909,0.0024129722821311607,0.018184690590302737,0.014711253374870198,0.004183787403147217,0.014685395958143622,0.014193015576323988,0.006048145418963176,0.012700974518731527,0.012830098250658999,0.034417685118619694,0.026525281572010544,0.02653566578800224,0.018459940889847433,0.017883217509385735,0.03279894560268392,0.011988976755331896,0.008449556673855739,0.0330645418963176,0.07687035705727294,0.03891804457225018,0.08700535186516493,0.02669142902787763,0.0234311845994089,0.09212277338445561,0.06372793354101765,0.04076363926831216,0.0155363846952632,0.013179966450994488,0.0005591500918603722,0.026359932901988976,0.004153686396677051,0.01917086029235562,0.004153686396677051,0.007987858455148175,0.012021726974998002,0.0013978752296509307,0.01557632398753894,0.034627366403067336,0.012620816359134117,0.022126367920760445,0.0337087626807253,0.030513619298666028,0.0011183001837207444,0.01733365284767154
464,52.16106766405984,14.209717783066983,556.3595477728664,0.20813485209112548,0.08438724923495408,-0.07729418565113906,0.04491138439306358,0.31526918599115944,-0.9394412183270996,-0.18949054756885408,0.3380877888473308,-0.9128755583815028,-0.07798588915334918,0.3385972798367902,0.19458517511050663,0.11777762665759946,0.37459639578374704,0.09059911594695683,0.21283373002380143,0.29005270316218973,0.09514076844610678,0.2562658959537572,0.775898333900034,0.8657167630057804,0.15422305338320302,0.6363410404624278,0.15145868752125127,0.1943855831349881,0.5938990139408364,0.34104794287657264,0.35723257395443725,0.10588235294117647,0.15668140088405305,0.002652159129547773,0.1597415844950697,0.04682080924855491,0.014280856851411085,0.06327779666780006,0.10289017341040463,0.6069704182250935,0.7287657259435566,0.21009860591635499,0.2998979938796328,0.17864671880312818,0.1407004420265216,0.3959537572254335,0.12067324039442366,0.003740224413464808,0.332471948316899,17.755775772295838,13.891813426745449,30.600538703666334,0.0858115683155756,0.09297024822453123,0.07909250935928636,0.07386044673390109,0.07333767871773174,0.05378707907557268,0.06203909544483605,0.0813198540693029,0.06061982781449688,0.07079828718449309,0.08392357506593502,0.3849973311433301,0.2881312867410544,0.2364227878451221,0.2783317788683246,0.372577002694142,0.30141439611029713,0.23400081834346204,0.4035175725890582,0.6240086787110847,0.5510461378642773,0.29592762825956825,0.6084138811358358,0.3004755557461849,0.41308637499654366,0.5505864063607019,0.3322961712564322,0.5510671028633652,0.30769221537594765,0.36350630314051136,0.05143165488499963,0.3663724535635688,0.21125846393845277,0.1186481885199952,0.24346608103080927,0.30382054612822684,0.48843161377671346,0.4446042778893208,0.4073853517040287,0.4582208271457099,0.3830627337960733,0.3477181887054925,0.48906289172045,0.32575269387587363,0.06104393367653906,0.4711070986269085,0.5416233125913836,0.7878642592403687,1.6930123431602566,0.008741031656975755,0.004463157536808459,0.004243700907885341,0.016076779625284775,0.012438227821415213,0.004841134278622191,0.014261974905641127,0.012733971165289537,0.006213881668876875,0.012070488625930837,0.012317487843857321,0.03866503451324424,0.026572137780951407,0.04914311945322861,0.02208711618892176,0.02144513584276922,0.06742561800809277,0.018027814614573773,0.03508551803869563,0.04284368730660682,0.07920738549423645,0.03855656431704581,0.08875310279166243,0.03446870005780544,0.03696181441055459,0.08283280628379067,0.060912305756741135,0.061115304838654835,0.013091230575674113,0.01652555340201979,0.00027202557040361796,0.024822333299330136,0.004318405930157435,0.002788262096637084,0.0074466999897990415,0.007378693597198137,0.019585841069060493,0.028834710462783502,0.021149988098881294,0.03050086708150566,0.022884151110204358,0.02230609677309667,0.04131388350504948,0.022374103165697577,0.0004080383556054269,0.0311129246149138
465,-16466.970975504937,-12433.57990259275,26445.50711359404,0.11916556367282623,0.2525830683283197,-0.043165133934966335,-0.1341767386334336,0.3025172155278613,-0.9248424507090675,-0.3007252400802177,0.29730904623979376,-0.8881016751754762,-0.2342834550923936,0.3183327603495201,0.9439438475863057,0.27248359833834696,0.15289070333763072,0.10345251396648045,0.9666812777539036,0.8420148975791434,0.14598854032373584,0.5393410686148117,1.2561544191376595,1.7591585732703052,0.3777011889414124,0.6655252829107577,0.14356510528577568,0.3297178054719955,0.6732955164016616,0.4658086234063888,0.41062884973499497,0.37066322876378743,0.3800601633003868,0.04664088239507234,0.048331184644033805,0.4190230625984816,0.41094399083225897,0.2634006589313852,0.6048417132216015,0.8389056009167741,0.8991261996848589,0.2084801604354677,0.17000429737859907,0.08411402377882825,0.8002864919066036,0.4333763071193239,0.26589313851883684,0.027445924652628562,0.2831113021057155,516582.68809522036,387434.33873567946,807137.4833445768,0.1958333300649538,0.13536331907614882,0.17498397835764665,0.12085855151947009,0.09723747896272956,0.08045379538292381,0.10717937051011393,0.09785317996120464,0.08229634971649723,0.12042528060685485,0.10728917971332903,1.361275676402763,0.6160738756911375,0.3263067897218367,0.2991639468338545,0.7942369697869834,0.7897072041351937,0.31584743320241254,0.5374156342752001,0.9084886833118828,0.7144818598675496,0.6134284219175283,0.6169778071705693,0.30389658292999217,0.7101608560392365,0.6448320672339234,0.4725349441911118,0.7033596258370977,0.4829893196040745,0.48540826726443037,0.21087148793010424,0.2144681771272992,0.49340623247618814,0.4920121568736865,0.4404841773577353,0.48889166771064463,0.3676232657430256,0.30116586000381884,0.4062276589004092,0.375641955656218,0.27756271714088815,0.3997906975570063,0.4955485030554481,0.4418139537374357,0.1633811819555925,0.45051648972246966,462.36973985789575,346.50247822599135,723.3080019482006,0.01188743410497364,0.007510256704102682,0.008383996103598442,0.020926841021086405,0.01606485557529223,0.007550956767132707,0.019033372994499198,0.015526221865688748,0.00941703297616319,0.016388752005500808,0.015239198945679579,0.044357666743066695,0.030157002062800822,0.025679291771716708,0.0212296584918634,0.043641416456566585,0.08055695622278249,0.01949346779738712,0.05919264267705707,0.052405454962181984,0.0987376804950722,0.059258251203300465,0.08909609213843685,0.037261631904652766,0.045805351822140725,0.10694333027733212,0.09666427916571166,0.06134655053862021,0.007391702956681183,0.00862365344946138,0.004268851707540683,0.008079303231721293,0.018737107494843,0.02143020857208343,0.0137520055008022,0.026472610589044234,0.009225303690121476,0.007993353197341279,0.022404308961723584,0.022031858812743527,0.0143823057529223,0.02286270914508366,0.049106119642447855,0.03644281457712583,0.0028650011460004585,0.025097410038964017
466,-4082.812462497606,-2961.3311232631877,6865.665978679489,0.12337170457688786,0.02629023129135902,0.03761540098304146,0.09190647509415494,0.2650497022575909,-0.9138379632955294,-0.1335600392791029,0.25653539442943163,-0.9112576397855182,-0.02217694746473179,0.2697099389322723,0.353959401663936,0.1267197906249335,0.6618150094686895,0.06666893631508394,0.27472030129582736,0.4764916909589974,0.12055322680171074,0.35799178670979,0.2859135689512097,0.9975566525522905,0.2604123667468136,0.6766091452645914,0.11635636317211737,0.2438940783454263,0.8638327978381599,0.6592676128263505,0.29732897844543266,0.28499691469668276,0.2200140434495819,0.5996552971466264,0.0588335425665468,0.09696363597676448,0.08294146434878823,0.0431091346256144,0.13764708385641636,0.04278996531693512,0.6300614932868055,0.29089090793029343,0.3296380620039577,0.0844096431687129,0.08685660786858736,0.3283613847692406,0.2843585760793242,0.025788880141285615,0.4812647615805264,257129.6526751055,192848.85220779237,401757.32676712284,0.166004082051436,0.15367253234220904,0.10926494509839663,0.11610326768441999,0.13018633176846006,0.1630381599295668,0.1136972210621742,0.13170683429054006,0.162772635576545,0.11185711217356843,0.13442008944091408,0.6213423474715566,0.3357652002548007,0.6504100852507958,0.17626257588822583,0.5241711201387683,0.5492770717181039,0.3101210304681601,0.4472209052649575,0.5088467645660633,0.6976582050170314,0.4480969635733437,0.6250457236383437,0.23094055594146806,0.5336748966604524,0.8711002111591742,0.7600445320378978,0.5052590014844831,0.45141777688646184,0.41426020286334975,0.48997339727033457,0.23531539487874886,0.29591139290034607,0.2757966575619408,0.20310493565491125,0.3445328575287245,0.20238541381994898,0.4827928827357485,0.454178133316516,0.47008670701969935,0.27800413630577,0.2816278132261513,0.46962205921950884,0.451113185818429,0.15850661941089625,0.4996541833849058,343.1411545663461,257.80335986041365,536.7695016597157,0.012248467954719549,0.006770725168099413,0.004706166482253808,0.017675488041535445,0.01496482470848583,0.00760385002978977,0.01641146289045876,0.014802009192271683,0.007285515065111926,0.013273619031406928,0.014001766107753852,0.0443642012086135,0.02969061196697591,0.0631892075921355,0.021105626010724316,0.03017639799131841,0.08049408460294494,0.019777002298067923,0.05233615626861861,0.029889352285300878,0.08293769682526173,0.04712698953102391,0.0719929355689846,0.029488467103583285,0.03740211932930462,0.1263286237126564,0.10728508809260363,0.04931270746446506,0.0211932930462167,0.017107838965018298,0.0222146565665163,0.008553919482509149,0.009511447782790025,0.01134139075666014,0.005255766448208358,0.013171333730530258,0.0032555962209549747,0.029045025108519876,0.025065963060686015,0.030215337475529833,0.014724657417652566,0.01621414588475615,0.04155672823218998,0.04038641586518001,0.0034896586943569665,0.018469656992084433
467,92.04575713240673,-10.198280907095832,614.8147802088182,0.2482538737780142,0.1994978054133138,-0.16287218195118708,-0.06660268993150228,0.32430521753009245,-0.9196538023209416,-0.21966785076810535,0.3349524259160737,-0.8909025469176032,-0.15428496375606837,0.34575773093037176,0.2840057857285363,0.13122863603112322,0.10268770366429475,0.08994779543791981,0.27416306444104543,0.023564873312495845,0.07772627518786993,0.2405978586154153,0.28928642681385913,0.8506480680986899,0.2086579769900911,0.6984960430937022,0.1492954046684844,0.19562512469242532,0.8425324200305911,0.44797898516991425,0.379531156480681,0.2996275852896189,0.4228237015362107,0.006683513998802953,0.2282370153621068,0.045521048081399215,0.028729134800824632,0.0316552503823901,0.08588814258163198,0.3740772760524041,0.39781871383919665,0.24439715368757065,0.32057591274855357,0.12429340958967879,0.8488727804748287,0.4207621201037441,0.2945068830218794,0.01197047283367693,0.333244663164195,26.701054313518302,11.101072999393672,20.609347523398313,0.13578754947790656,0.12410636029666264,0.16811375964172032,0.11999851368275975,0.1230882890182973,0.08829451015320491,0.1153768217177317,0.12956498097895597,0.09201035318771186,0.1198296530109212,0.13215594471252218,0.515995612562874,0.32289267284922496,0.2262810072331447,0.24366676378054278,0.4492609782812459,0.12811332991861074,0.17887520695558376,0.3861713558955325,0.49587669994693157,0.6234487314324102,0.42611396748920477,0.6321523988245693,0.27033842497573807,0.3970329344705904,0.789891914475683,0.4701851322066314,0.606007905938871,0.45810247049429653,0.49401612726990307,0.08148046021639181,0.4197031539363525,0.2084474203327865,0.1670469978250015,0.17508345095557343,0.28020346221708464,0.48389177863470967,0.48945576988566547,0.42973634427125923,0.46670573118773384,0.3299214713640746,0.35817879463038194,0.4936896420974547,0.4558283534572046,0.10875464999798698,0.47138099885346346,0.6605293785122869,0.3712599341602102,2.2272536827054163,0.008502244538290162,0.007335849433046254,0.006793169953114089,0.020870068533235794,0.015561206530775112,0.00672663615203006,0.018152559338941908,0.015888823695673862,0.008702080869883284,0.015933594919030358,0.01458284840222126,0.0417128321085359,0.02914508030459216,0.0207820968975493,0.0200704951285206,0.024722508562497924,0.0067522362251853825,0.01594386991653643,0.035060020616499855,0.02858045422804509,0.08695474345758653,0.04503607887473814,0.0909669803478203,0.04246865959498554,0.03152262827120673,0.08819106840022611,0.07093705317061816,0.061654640375087284,0.01921989824759751,0.028530575599374854,0.0003990290293618861,0.014897083762843747,0.0029927177202141455,0.005120872543477538,0.0045223289994347085,0.006184949955109234,0.02633591593788448,0.0353805739367539,0.015329365211319123,0.030991254613773153,0.02633591593788448,0.01719150068167459,0.03225484654008579,0.03491504006916503,0.0014631064409935822,0.021348053070860906
468,123.15280034051005,-9.396747419572234,581.3306104352143,-0.019025857482353775,0.11409952825169369,0.039278437910119535,-0.05742828375837973,0.20804295747171284,-0.962611280743447,-0.2075171073316071,0.18881082772319366,-0.9468157771432626,-0.13680129819458728,0.20390586315752132,0.1678381158443585,0.11095626573972264,0.10453836058596105,0.09284432305891534,1.346418614549711,1.4710839570106056,0.06482424715354874,1.3725367999148725,1.0107977157450432,0.9054729897492285,0.29614975348490763,0.6235803213563651,0.2040886035540737,0.210238711736956,0.8544213102543183,0.5189472564111659,0.3637970418188913,0.12648529776894973,0.08984499698506722,0.0039016777214202106,0.033838186783953464,0.8580498705352393,0.8347462135991204,0.013336643847763629,0.9116802043060334,0.7867910474231192,0.5286063916575037,0.15411626999609832,0.3029120703720782,0.19987230872911715,0.22253750931082183,0.32727982123222077,0.19401979214698684,0.00400808711382258,0.3655872024970737,18.990429703174012,14.52821915957775,17.656690585890857,0.13120427263399903,0.11253219029996508,0.09247718033518869,0.07443135374912424,0.11008248790093864,0.06887669379787487,0.06914330100582038,0.10481956081564554,0.06827545275471318,0.07104720099962451,0.11111096640689772,0.3616151346040138,0.2925801850685982,0.19477482130549947,0.2536180317899602,0.4410176441047579,0.5238232336963534,0.151942417019398,0.6695544775121984,0.45364793778143425,0.5934201714786631,0.5078365299078134,0.6443465782118947,0.3870546490029974,0.4349407916584782,0.8270205364070816,0.5198844522918343,0.5595725825334205,0.33240139334778923,0.28596463779977954,0.06234254156695002,0.18081571712698882,0.3490051727333181,0.37141602756848785,0.11471375041546118,0.2837644542414768,0.4095813050167551,0.49918985676128147,0.36106657209320714,0.4595256662402848,0.39991129214263194,0.4159575738820267,0.4692286749854055,0.3954512096681307,0.06318357344086378,0.4816029763019198,0.7744998581157776,0.4508619466515323,1.5129256526674228,0.0067970346197502845,0.006875709421112372,0.004564060726447219,0.013853203816685583,0.00964133030646992,0.0026631750496594777,0.012822502802213394,0.009675111556469922,0.0037033813138479003,0.010284442395005674,0.008849035187287174,0.03293984108967083,0.02400822928490352,0.023959988649262198,0.020642380817253125,0.04941295402951192,0.09747091373439273,0.017385073779795687,0.0876177639046538,0.04807569523269012,0.09086442962542565,0.0769211123723042,0.08621914018161181,0.03969707718501703,0.03397736946651532,0.12233896140749148,0.08959527525539161,0.04898836549375709,0.017593643586833144,0.011421679909194097,0.0003547105561861521,0.006420261066969353,0.008867763904653802,0.02007661748013621,0.0021282633371169125,0.019047956867196368,0.02043132803632236,0.03674801362088536,0.031498297389330306,0.03412315550510783,0.022311293984108967,0.025964812712826333,0.042529795686719635,0.03203036322360953,0.0003547105561861521,0.02397843359818388
469,123.09628687239267,85.79851179028967,624.5952276694576,0.050547974792153616,-0.005243823781768687,0.10103754548951152,-0.03316131489097311,0.14345315893961358,-0.97115124988905,-0.1657677588390189,0.15331523858694046,-0.9539783340335513,-0.10292091481996508,0.15238965649871297,0.4920130773099797,0.28612887955264943,1.502810734045386,0.11234918192845941,0.15596911151217493,0.38534276162016623,0.113612532915175,0.23599662711914557,0.10689576614692743,1.127105239799994,0.20168141069262402,0.426501079913607,0.0899017722417823,0.12890647652297405,0.547084233261339,0.4690644693629989,0.31474244800142015,0.3358383384123791,0.24814343619633716,0.648806177697565,0.2561910115683896,0.038876889848812095,0.04429125122045031,0.09864197165596615,0.07659989940530786,0.14562561022515458,0.9536968549365366,0.2956892215746028,0.2502736767359981,0.1853901002988254,0.582739134293914,0.30935826503742714,0.19991715731234652,0.0035504008994348946,0.3119027190153555,17.186447626279303,10.923312609401703,23.061837913691456,0.08118036141043362,0.18287949968344824,0.10967434477457809,0.12258170954270284,0.1019899718578958,0.07068224251875409,0.14167605803461078,0.08629320324862033,0.08160735824020335,0.12842578474921718,0.08740833756063703,0.8364747457646492,0.6826662913596996,0.8579990121660783,0.30882594156877446,0.33221868333664034,0.48975912845882036,0.2361417333130059,0.4040661211371302,0.3202928892082776,0.5280843722616043,0.31458958323025116,0.37486943178178633,0.17694562510099027,0.27821939086018366,0.6086067549058167,0.5691592913313586,0.5554511569179588,0.4722896869461894,0.43194188424719776,0.4773504616120023,0.4365350103713575,0.1933043787331177,0.20574447431949838,0.2981851166038085,0.2659594849097576,0.3527356986739407,0.2101439277784593,0.4563587050079537,0.43317700213776605,0.38861945311567997,0.4931140131798351,0.4622359250857056,0.3999437711249119,0.059480250735761395,0.46327719882253904,0.7080300609503521,0.5968370909521272,2.6200840286407474,0.006275933487188592,0.00730818391620806,0.00366376708680987,0.029610296615184325,0.026729675158293387,0.006963008491626723,0.02855638292206639,0.027048958695780813,0.008655157553701403,0.021477069649091664,0.023113616190307117,0.039834901473459965,0.030620746789750877,0.07583288952008996,0.02145984969524824,0.019045505651221963,0.07255518077992781,0.015180188176815195,0.03299899402331499,0.012109592283567077,0.07676430558021186,0.03667435942955204,0.05677673235102669,0.02631990058583348,0.024270962778862655,0.076205100893544,0.05934581927924729,0.09065181371678799,0.012338008166163678,0.011982957571453932,0.015267175572519083,0.03236877921770519,0.0035505059470974615,0.005503284218001065,0.00692348659684005,0.007870288182732705,0.016332327356648323,0.00639091070477543,0.024557666134090776,0.02017870879933724,0.02287117580921948,0.029025386117521746,0.03168826557784484,0.022309012367595717,0.0004734007929463282,0.03941061601278182
470,149.42671481403949,67.09009141022958,603.4048670713836,0.38064723327053246,0.20547760100481474,-0.197295234107878,-0.08506680653827367,0.3584254445956318,-0.9094678274021353,-0.2752691680273533,0.4351654928476728,-0.8348116546996023,-0.20146148210173745,0.42236180308422294,0.7289093573372409,0.2453454050659409,0.18969750889679715,0.1327129997906636,0.3606569674132999,0.37373770148628843,0.10195555090363548,1.5317549368501848,0.768907612867211,1.2680618937966646,0.22430046751796803,0.6573054915916545,0.18209685297606587,0.24967866862047314,0.786794012978857,0.47523794571209266,0.4445108506035867,0.40848510222594375,0.46741329983950874,0.24844742167329564,0.5376805526481055,0.0256785988416719,0.08973553834345126,0.08373456144023446,0.6294745656269626,0.046437792198730024,0.2991766101458377,0.28965180378201105,0.22699044030423557,0.153932035447631,0.05934687042076617,0.4701695624869165,0.4022050101179262,0.0016049124276044937,0.3169353150512874,21.789730276053703,19.665574693427452,26.60008281330588,0.10938903030787694,0.1034767082912007,0.08709941329064838,0.09525434943462688,0.0879003301410897,0.09878157966724063,0.09100967840997017,0.09469039926727296,0.10046355635319408,0.09688112243883854,0.09728668711939727,1.154462042361534,0.5129409893442299,0.2837826404991445,0.3407571984662565,0.36475113091777855,0.5950232371387019,0.2406860369322637,0.47760523003249206,0.34494634378404343,0.7372134960890503,0.3996691578818285,0.5922044077926283,0.3354330331710722,0.476718431955532,0.7642105350908267,0.4739515146957303,0.7628804292889874,0.4915622584493101,0.49894568098846104,0.43212013972825053,0.4985868520810161,0.15817737303051954,0.2858074902351272,0.27699415440846686,0.48295390526997795,0.21043495113024469,0.4579053194734254,0.4536086586688614,0.41889366481747803,0.360889883425317,0.23627688662773902,0.4991180587843828,0.49035143409538196,0.040029896205461615,0.46529009714480546,0.7988869892885803,0.5231115453054674,2.0502285335473287,0.01026272635288371,0.006431945849760999,0.004450263424165242,0.01925486406615261,0.015799954083946823,0.008160092564809323,0.016033039845085657,0.014332574962492586,0.010949484351557867,0.015304769547468684,0.014876940790621403,0.043082934998778834,0.03051673005128921,0.035846271937476006,0.024648128118348975,0.04087331216635847,0.060935766372422456,0.01903387878999337,0.08329821011130106,0.04601165346638288,0.08661875021806638,0.048174173964620905,0.08789958480164684,0.034860960887617316,0.03921531000314016,0.09990963329960574,0.07545619482921044,0.08394263982415129,0.012490841212797879,0.013188653571054743,0.028052056801925962,0.04424130351348522,0.00474512403614668,0.012002372562018073,0.01130456020376121,0.04054289801472384,0.006908342346742961,0.019922542828233487,0.032518055894769894,0.022818464114999475,0.01765465266389868,0.007745717176651198,0.037437633020480796,0.03705383622343952,0.0005582498866054917,0.02878475977809567
471,102.74174201326102,-77.21872614024511,583.6962393677583,0.2857261067577523,0.17103107628424083,0.003320105820105818,-0.04356632767396692,0.48370988557363875,-0.868511675339897,-0.23568929080436674,0.4663324626615766,-0.8467772890630232,-0.1608288125376733,0.5048958877503181,0.22074844283705042,0.12006864911928203,0.2945790636929878,0.05486772486772487,0.7316221284575714,1.1166716897729556,0.05611379010113188,0.50921806978769,0.27780791641551134,0.3480650994575045,0.252295224700288,0.4181960350947693,0.09146708191011987,0.10744323889893509,0.7909875426964035,0.7127660571964369,0.15675306409483625,0.20340231732636796,0.24338624338624337,0.01436608398633715,0.013629361730627553,0.12993101600696538,0.0014399571361596677,0.00930949032214855,0.3596878976625812,0.01684414975554216,0.18983993034625946,0.10695867657892974,0.21448663853727146,0.05686156319067712,0.9154443774696939,0.4493336012323354,0.384066706851517,0.0018418056392739937,0.13461924854329918,7.609130614665747,9.512171719163556,13.815185967116527,0.052383518213092756,0.056142299350883516,0.042716034770936294,0.06519876293146554,0.04582923659673477,0.0418975551203919,0.0670917187615736,0.042110712115890625,0.044391748605532515,0.06430718295937896,0.04682914905411591,0.3959901307621538,0.3054395592889153,0.24098210993604,0.15884485429798365,0.34007585401981205,0.5189760373707051,0.11368069965865049,0.4158373729441222,0.2645519863177539,0.3476553432393116,0.41451139199368786,0.39031830365209647,0.1583903395195199,0.2238397776305367,0.7298827688606091,0.6629806343417214,0.24761202890391426,0.40253601176486176,0.4291334836650984,0.11899652853882874,0.11594849044065382,0.33623315262719145,0.037920071362909584,0.09603714162027463,0.47991689567842705,0.12868946716137833,0.39218092986235137,0.3090658778562036,0.4104726088781316,0.23158178199977983,0.2782239411666787,0.49743462102299746,0.4863819420587066,0.04287744111956865,0.34132214661686744,0.3781855932487191,0.34019624259067016,1.7208064030005692,0.0051723318040253164,0.00306875188372794,0.0018423361575298878,0.018932043434580218,0.010059241920900172,0.005827666119687886,0.019975252335822643,0.010737215900338234,0.008726764542379691,0.015261444693747697,0.009717256622350224,0.03544255048390878,0.023860219014768428,0.044342453367268345,0.018861056227185962,0.04902414520612171,0.11218579417969927,0.014213857539935032,0.058825558420682496,0.0291838853353873,0.060863333444961656,0.0357312213254747,0.07522286594554771,0.02741569270955427,0.022924550416931786,0.09959177522521014,0.08648035899668464,0.04490238103211547,0.018251230702253776,0.018452161682462075,0.0032818726767355412,0.004119085094270118,0.01774890325173303,0.00033488496701383075,0.0014065168614580891,0.03851177120659054,0.0016744248350691537,0.023274505207461237,0.017547972271524732,0.03944944911422926,0.009711664043401092,0.01557215096614313,0.041324804929506714,0.037004788855028295,0.000468838953819363,0.027326613308328588
472,113.57473793001625,-8.044289827255279,628.9620773660122,0.10655636350214086,0.13117307692307692,-0.05620290122545402,-0.01994066078547172,0.25803392392588215,-0.9553935538904474,-0.22774748660121066,0.2850220754466263,-0.9201862139007825,-0.1307890152074413,0.28059357005758157,0.33059796249815443,0.12190868152960284,1.0932094345194154,0.07124760076775431,1.0482803041488262,1.1164122250110733,0.07512365273881588,0.41445666617451643,0.6352521039421232,0.6141746641074857,0.2607803041488262,0.41013029676657314,0.1012963236379743,0.19064262512918945,0.8464650081204784,0.7459921748117525,0.28201240218514695,0.3607337959545253,0.16879521630001476,0.07603720655544072,0.006607116491953344,0.6076701609331168,0.04362911560608298,0.01613022294404252,0.500221467591909,0.33360401594566663,0.6862911560608298,0.21884689207146021,0.1774693636497859,0.07921157537280378,0.10593533146316256,0.3980141739258822,0.36734091244647865,0.009781485309316404,0.43392883508046654,28.044309326788497,14.007173484820555,28.412449913964704,0.07630035585599348,0.09931260132255244,0.13421591527692547,0.0674732004024453,0.0723844986921847,0.07244270033152654,0.07027959162110405,0.06755201436178312,0.07378620523541181,0.06457215652153428,0.07241095356470711,0.6609391640172531,0.34762669255631773,0.5205162167277809,0.22496675617191722,0.5602958615666072,0.5782022568060492,0.16738278806254048,0.4116724672591273,0.622305544128038,0.6138859633416878,0.40171386847812873,0.3828320223233459,0.18272112481550162,0.3833140628901589,0.96804214677936,0.8996804610019509,0.4414427925511867,0.48022227837173737,0.374577856020833,0.26506252675857916,0.08101669444174077,0.48827854415139704,0.2042722596918572,0.12597866746656083,0.5000091790229092,0.4715088362104475,0.4640081381830267,0.41347217587643403,0.38207247597681804,0.27007368253842595,0.30776051260358017,0.4894974315609204,0.4820893537944166,0.09841831833088767,0.49562452338919927,0.6124690856742092,0.4312465394411429,2.114702299656712,0.005553431028754939,0.0044644346831050905,0.0032479790336274036,0.019103056513233175,0.012379726034476395,0.004399274925251929,0.01954353427337492,0.01259876523568713,0.007524783064486362,0.013806467092392308,0.011583330257281015,0.04176959137721014,0.026272931970026947,0.07989221512679488,0.019503894282233956,0.04967775275921893,0.10587612122106972,0.014297737255915247,0.052332508951312244,0.034929681444022004,0.052254992432911304,0.03555535048540106,0.06606363737034439,0.02640212616736186,0.02114133845188439,0.11503598981211471,0.10244361596102027,0.05686390314126462,0.022959654497803697,0.017201284559447787,0.011221438854232033,0.001624155623638847,0.021187848362924956,0.005389243660256174,0.002510058691078218,0.030342180059798458,0.014765051123989516,0.018050274999077184,0.014728138496179544,0.024768373260492416,0.01469122586836957,0.020301945295485586,0.027979771879960133,0.028201247646819978,0.0010335535786792662,0.028275072902439923
473,91.99048749999999,49.72895,638.7508187500001,0.2771732499999999,0.15439912499999997,-0.15977081249999997,-0.020838726124999995,0.33397051749999995,-0.929494421625,-0.168621539375,0.3581724436875,-0.90472977675,-0.10246037499999999,0.35803662499999994,0.22010375000000001,0.152125,0.27934562500000004,0.064389375,0.6529406249999999,1.13744625,0.08002375,0.584650625,0.705985,1.38466875,0.151071875,0.397624375,0.15054250000000002,0.147756875,0.39133437499999996,0.448563125,0.35626437499999997,0.23525,0.3765,0.0679375,0.2443125,0.1610625,0.9340625,0.0413125,0.2893125,0.828375,0.9693125,0.1320625,0.2665,0.1755625,0.7854375,0.2074375,0.2054375,0.0043125,0.313375,10.732165006311725,16.25865341551015,43.36561478134188,0.11476596266347429,0.08067604345921846,0.1655463568320252,0.05857771528178603,0.07269078402553313,0.08684919612178882,0.06098572053345991,0.07444444284643914,0.08758217227523009,0.06078349565830702,0.07855464076414197,0.4078144140086515,0.39685611724982717,0.2947829228501573,0.18257532143300878,0.44356365751659205,0.6596537347741966,0.19012284477264532,0.5308536552453178,0.36535675732427075,0.6868000863940319,0.3289550243528556,0.4657013984495826,0.2850280394192666,0.3106115614584312,0.4490523952688606,0.5344297007879533,0.6693404794259312,0.42416822419604966,0.4845228814528951,0.2516464860988105,0.42969226436934127,0.36760007713173687,0.2481805707412959,0.1990182224308932,0.45345741676653006,0.3770659697541224,0.17247503173223716,0.33856928451397317,0.4421424749139267,0.38045940049950894,0.41053132291176975,0.40548422865131906,0.4040335831212594,0.06552992239748952,0.46387989653562167,0.3670854428401775,0.3715044690293143,1.3998562410150628,0.007790674417151072,0.00395774735920995,0.004606412900806301,0.012339445777861113,0.010605053378336145,0.005017754359647479,0.01182167304206513,0.010718325957872369,0.006134394462153885,0.009667791736983563,0.009557722357647352,0.030962560160010002,0.027118569910619415,0.043678354897181075,0.01556097256078505,0.03655165947871742,0.09568473029564349,0.01373710856928558,0.05132258266141633,0.03168948059253703,0.06715482217638603,0.03036377273579599,0.05291268204262767,0.028873679604975312,0.020709419338708672,0.05869429339333709,0.05532095755984749,0.049653103318957434,0.016626039127445466,0.025876617288580536,0.009500593787111695,0.03237702356397275,0.013000812550784424,0.010813175823488968,0.005250328145509095,0.018001125070316894,0.015750984436527282,0.0030626914182136384,0.017376086005375335,0.023001437589849367,0.019813738358647415,0.0228139258703669,0.018001125070316894,0.011313207075442215,0.0003750234389649353,0.015000937558597412
474,102.68543958018833,9.282729494644526,557.3002839479549,0.09422802099058297,0.20825156351089064,-0.108663791244339,-0.09952900708072747,0.25021833681978295,-0.9487752014592769,-0.2092419936381281,0.24778738893681257,-0.9307414883185968,-0.16200337862123498,0.2572325138379699,0.28730572927898784,0.16056681762633887,0.39583495075839265,0.10580619653511611,1.035821651930127,0.25700201279562934,0.08759938178419956,1.1968140320609588,0.2739386097333046,2.1244292286679607,0.25533714326791745,0.5852904176550932,0.12372834447559485,0.1692620947451657,0.796023290920854,0.6589213571993386,0.40876967867155484,0.28693120552081086,0.2042628136007476,0.028251024369204226,0.046366185033426786,0.5196966429444325,0.6394939256703328,0.013622313277262599,0.831464308820358,0.24559700956077923,0.9299475235425203,0.16907483286607722,0.2807131047372583,0.16393501545539502,0.20451441305441737,0.4480267414276472,0.4194881748256775,0.010782833728703903,0.3714326791747538,12.773638700105954,12.383288154214293,15.847526033063883,0.08251380315157292,0.08238088141358553,0.08166981601394517,0.0818179901445348,0.09091382298761044,0.07808702969308427,0.07353180810940171,0.10090394038896972,0.08183949756289838,0.07298630369970552,0.09631126767232848,0.5671539987485967,0.4571834797626888,0.29354658378982684,0.3123876465730939,0.5767517598927242,0.34660994032861564,0.19971776235049252,0.6501747889899685,0.5073760389346466,0.7232322363993492,0.554344954116899,0.5705009065766552,0.23468821419435415,0.31393435713600165,0.8503002008568087,0.5976262766364211,0.6626608581266291,0.45233731112619197,0.40316914429616646,0.16569215660502742,0.21028064874094038,0.49962087059051274,0.4801559447711967,0.11591906154548291,0.3743480317453961,0.43044834549727057,0.2552400215106488,0.37482473702674624,0.4493556666500055,0.37022324706743504,0.40335358630616736,0.4973003813775761,0.493484142632724,0.10328091607469031,0.4831964775264735,0.6444017109377809,0.564897020236512,1.896060529815607,0.006533661622515365,0.004562344991193703,0.003688472736422127,0.016196390352611334,0.014766872937708926,0.0049110358721828834,0.014808658818877826,0.016547382876244566,0.0068276595377592475,0.01173293555228065,0.014199813090830668,0.035442291793968586,0.02791704108407318,0.0482107041443514,0.020480572229610725,0.056611192983717334,0.06057474569569749,0.019099960461521872,0.10109629416627729,0.032665971747960175,0.11430574026814276,0.06785377951906832,0.08074152618525576,0.040739010100283954,0.028163617411308007,0.1319891448905503,0.10360231479817403,0.07780884943028647,0.02099133747888286,0.01854714064914992,0.00438517666510909,0.00521189029869523,0.03472197261061788,0.03957442219905827,0.002875525682038748,0.020488120484526078,0.024513856439380324,0.008051471909708494,0.03389525897703174,0.01901441357248122,0.02695805326911326,0.030085187448330396,0.04198267495776572,0.03515330146292369,0.0012939865569174364,0.03565651845728047
475,122.84423568144406,73.6750752114435,668.9114661974228,0.1767332690015326,0.1190940001135267,-0.03403405801214736,-0.09481997757847532,0.23632880706136122,-0.9627833056706591,-0.20022648907305443,0.27487801521257876,-0.9362868802293239,-0.15383464835102456,0.2626425611625135,0.14285462905148438,0.10219844468411193,0.14579837656808764,0.08853834364534256,0.11099789975591758,0.24495317023329738,0.06806323437588692,0.49667253221320323,0.20481296474995744,0.8814565476528353,0.18095873304194812,0.3928943633989896,0.1391559289322813,0.1552710450133394,0.6714338423114037,0.597195322699665,0.24979621956065168,0.08514503036839416,0.23216211613782142,0.05477663620366691,0.1559856956348981,0.048135323834932166,0.21064880513140716,0.04024521768746098,0.5377760118067776,0.1613782142248964,0.8264744281092127,0.10785037179996594,0.24595561105750127,0.2959073622069592,0.9372764942952829,0.3479593574388375,0.33206561843673726,0.00102174036442073,0.35108134188567863,17.875603362360298,6.467676940007461,9.039497495802497,0.055384069803114604,0.07317570673592329,0.06339455886266512,0.05812029202578278,0.05285151163127918,0.03271621082181959,0.05118656870814282,0.054012997223077695,0.03487467822728719,0.05303076783449981,0.05400240422522729,0.29164837175380554,0.30330395248491276,0.25549003642000523,0.24333834067888574,0.2775909299560193,0.41684183781693523,0.15477392568527423,0.510369224407578,0.26831504139639134,0.6105674774095198,0.2787238486772517,0.3710023915643338,0.26361219864203067,0.29941685023074577,0.7668061904523653,0.593142566376027,0.4600289234151697,0.27910531350093915,0.4222238592747473,0.22755020431758455,0.3628520799829585,0.21405820559620034,0.40778097667844526,0.19653939243929525,0.4985850815743777,0.36788988667714506,0.37871174914163763,0.31020014685177744,0.4306645753462884,0.45646250919292986,0.24247186393937845,0.47633656422435006,0.47096776344495017,0.03194924650893453,0.47732186835536555,0.4248183469573116,0.33904972752043605,1.6235694822888278,0.004959355131698456,0.0031425408719346053,0.002340599455040872,0.013361108821525886,0.011894858367393278,0.0035005506925522246,0.014673524977293368,0.011908410819709355,0.004449533719346049,0.010532300181653041,0.010462534059945508,0.026743301544050867,0.02219743415077203,0.028430404178019984,0.01667177565849228,0.013743188010899183,0.046345367847411445,0.013414509536784741,0.04608367393278838,0.02315735694822888,0.0657039055404178,0.03227577202543142,0.05489100817438693,0.030722070844686644,0.017009536784741142,0.0862908719346049,0.06715429155313352,0.04959695731153497,0.008401453224341507,0.012999545867393278,0.006130790190735695,0.021571298819255222,0.005676657584014532,0.018846503178928248,0.003973660308810172,0.01600817438692098,0.015213442325158947,0.012886012715712988,0.011239782016348773,0.03190281562216167,0.02537465940054496,0.00703905540417802,0.024409627611262488,0.02815622161671208,0.00011353315168029064,0.016802906448683014
476,101.47622228305504,39.68438543662743,525.1790254585272,0.06956988776348207,0.1798640021899808,-0.1313360525595401,-0.07512468075554338,0.2289682821790309,-0.9495770736381056,-0.21338187068163153,0.2496235318368464,-0.9240087104845333,-0.1519751437174925,0.24857908568300024,0.3179189707090063,0.1829871338625787,0.274724883657268,0.119275116342732,0.9126219545578976,0.4676725978647687,0.08687215986860115,0.33748425951272926,0.6409044620859567,1.4135532439091159,0.2646761565836299,0.7151908020804818,0.1279025458527238,0.1427309061045716,1.3681412537640294,0.4949214344374487,0.3794119901450862,0.2697508896797153,0.32800437996167536,0.03542294004927457,0.02573227484259513,0.6497125650150561,0.46871064878182317,0.02896249657815494,0.5764577059950725,0.6742950999178757,0.9079660552970161,0.2443471119627703,0.47801806734191077,0.18100191623323295,0.8310977278948809,0.42633451957295376,0.3736654804270463,0.003941965507801807,0.29323843416370104,24.717553984902782,19.813308666764733,25.150541200130967,0.08612388480977656,0.15956237549751792,0.12801770294054454,0.13427511897191322,0.10685208964197164,0.07437721181326219,0.11972186332476785,0.11158050928564478,0.07953929700220133,0.13097258173277918,0.11274491081717905,0.676404672348605,0.486035930179862,0.2812619630531582,0.38152770883013737,0.5628391582089556,0.44315629680967444,0.21941573734748446,0.4955040362953023,0.6468884408963318,0.5939325459740586,0.43755214378369184,0.6077928355706759,0.23355171869895527,0.27051306908047623,1.4315325057894155,0.5286443144757026,0.6914114682901081,0.4438424637645964,0.4694992812574531,0.18485136234311936,0.15833981661759394,0.477072959610343,0.49903367724636866,0.16770572504213047,0.49413316752918385,0.4686504485855001,0.2890817757111517,0.4297111942116972,0.499530235630924,0.3850303092987768,0.3746758337937639,0.4945571635342167,0.4837896272361025,0.06266291883940611,0.45525926935486877,0.6502737625930792,0.46260402978537013,1.4482862461673236,0.006247974156811212,0.006754982479194044,0.004779347349978099,0.015216720269382393,0.01280720844283837,0.004506180683311431,0.014519171539640824,0.01290271326106001,0.005796100689881735,0.011986202365308802,0.011473280770915464,0.03775569426193605,0.02907851511169514,0.03692947875602278,0.0188332238282961,0.04328186596583442,0.06961235216819975,0.01716874726237407,0.04097897503285151,0.0418988173455979,0.07273762593079282,0.03887374069207184,0.06851127901883486,0.02714356110381078,0.024810008760402978,0.12110764345159876,0.06897393780113886,0.05973499780989926,0.013852387209811651,0.020477441962330267,0.004708716600963644,0.0037231712658782304,0.016754270696452037,0.030989925536574682,0.003832676303109943,0.026719229084537888,0.017739816031537452,0.011060008760402978,0.016644765659220323,0.02956636005256242,0.021134472185720544,0.014290407358738502,0.026773981603153744,0.026335961454226894,0.0007665352606219887,0.021243977222952255
477,140.61360970514983,27.986791998071826,641.6344206100533,0.16510730832061274,0.16112396561420422,0.004255054765539219,-0.048587003856350924,0.37119915636967404,-0.9168810591307142,-0.26032989810128276,0.35353530234862485,-0.8866472091802576,-0.1693430545512975,0.38069363434294745,0.4785897538898262,0.2526571329102059,0.892994831418548,0.06845263919016631,1.1932195174205298,1.3610891513349934,0.08068048525749176,0.8370785463699418,0.4702959213732894,1.7947261723039019,0.18056747275113147,0.6760346535979218,0.11883827428295975,0.17098845772743101,0.8337910072038779,0.4519394231541737,0.31294582362550544,0.2784338930398222,0.25818805066816636,0.7263329851905412,0.008810690661739107,0.6278889156691037,0.39141961918534585,0.06488846040545246,0.8184301438097533,0.14600573096596234,0.9790578720441337,0.1403551056479473,0.16729600171393375,0.2496451621542005,0.5168849254171018,0.37010256822259713,0.3375110468385956,0.004338394793926247,0.330896333788597,17.974159473311506,12.912729532519654,20.957667670910602,0.0787432865020025,0.10223950885517423,0.09322332310945287,0.06989760200434773,0.070707371438456,0.06847335926732397,0.07116634274489284,0.0764216600548942,0.07474748693040954,0.07202761169935375,0.08026964752834366,0.7989998725715703,0.5461245298673565,0.4873384310015749,0.1688710579478429,0.6886419366516261,0.8426621962412936,0.16633967100717523,0.6040944609903601,0.5371597833375682,0.7430802351086349,0.3190084596086593,0.5336759705490306,0.2248261605617054,0.37307686541790835,0.8289619017955251,0.49242729655606876,0.5880731556583716,0.44823413609671625,0.43764381685506387,0.44584605319670645,0.09345210683205915,0.48337426748283197,0.48807446193790543,0.24633224134018689,0.38549477716286096,0.3531166899957777,0.14319254288147468,0.3473597288614029,0.3732449334202391,0.43281343768095676,0.49972150933430165,0.4828383793431519,0.4728671359333559,0.06572433953059077,0.47054211233205073,0.8429405463310126,0.5517166577396894,2.197892340653455,0.007149892876272094,0.006169657204070701,0.005111221210498126,0.021126268880557048,0.015350555838243171,0.006762820996250671,0.017744358302088915,0.014047440412426353,0.008658044268880557,0.015269764327798608,0.014346223888591322,0.04355008034279593,0.031550615961435456,0.07604177825388322,0.020641135511515803,0.06411971076593465,0.11038162828066418,0.015062131762185323,0.08130690948044993,0.042388323513658274,0.10383877878950187,0.0424234065345474,0.07849839314408141,0.0326344402785217,0.026617836100696304,0.1295232994108195,0.08481199785752543,0.05987198714515265,0.01368505623995715,0.011730048205677558,0.015854311730048205,0.0020889126941617568,0.02544188537761114,0.031387252276379216,0.009212640599892876,0.02699517943224424,0.01588109266202464,0.004659882163899304,0.022174611676486343,0.025977504017139795,0.02929833958221746,0.04973219068023567,0.04252811997857525,0.04477771826459561,0.0005356186395286556,0.029619710765934653
478,116.45500765478693,51.090333606294735,600.56836614804,-0.08236507993021681,0.10373955922668851,-0.03542154733506604,-0.060087416206786044,0.07988930565742158,-0.9706912536404743,-0.1978422074269235,0.10175084544451167,-0.9496833002100615,-0.13204831416669632,0.09366486274789046,0.32698971054224374,0.23836294371061345,0.8684480364581478,0.0821793000320433,0.5714529853668958,0.9184839961548047,0.06487805746430733,0.729404350767259,0.10371844625627515,0.15901769501904794,0.21079182539965105,0.6949674226510486,0.13339908142557055,0.21434471463666468,0.8119154769110265,1.0039541424858476,0.26682023712037595,0.3869405774913661,0.500267027450422,0.13853384127888346,0.020080464271727133,0.13945953644034606,0.028838964645565564,0.01701854950688931,0.48944351479332077,0.014419482322782782,0.28860326841599315,0.3215366539680279,0.27407697511304163,0.2104532345925161,0.4584327268843237,0.44016804927546554,0.3980489194289173,0.007227542991419518,0.24794388863175135,22.28966274943741,15.904171908588175,35.96878858351458,0.10276271131564849,0.17058424241332862,0.07451277877420416,0.1278612993325088,0.0793342449600001,0.11173722838199768,0.12910427347498862,0.07895024389721385,0.11431440403120276,0.1281244073372625,0.07828683594103288,0.5380595521012579,0.5401385555531212,0.45477549662321687,0.22374460912385347,0.30639313000256063,0.5293945870547148,0.13853735877858722,0.5434544487198192,0.2376578915733315,0.3329594177573338,0.3560677176225658,0.5917600463653148,0.25037677153728366,0.4231318027323434,0.8585722111769062,1.0891593808241693,0.44601554851977626,0.48705853148907435,0.500008829847935,0.34546557754786655,0.14027808037268208,0.3464315907996347,0.16735673264283774,0.12934262294971507,0.49989744736716724,0.1192143735206671,0.4531211007820006,0.467074513721093,0.4460559053964682,0.407637813324477,0.4982780363593405,0.49641606686703166,0.4895043496476077,0.08470868367510291,0.4318267660665603,0.8215089368368581,0.5547888627786085,2.9661005483158873,0.008080111087374494,0.007186498611407819,0.005135583564765364,0.02670676126895962,0.022028680125329346,0.0065755807519760736,0.023964125151320945,0.02164453503524888,0.0085750886206651,0.018803923663034964,0.018602613401694792,0.03785017446414583,0.02847397279783522,0.061335896888129314,0.025309050772626934,0.04507726269315673,0.09752296517838067,0.015499181086662393,0.06602577796767073,0.01588905504521826,0.03428327280495621,0.04673004343801182,0.0982169052196824,0.032058676920885855,0.03999750765505946,0.15406109805597096,0.16431175674713383,0.060496332692444636,0.01883500676493627,0.014384390799686677,0.020366018656982128,0.004771060314747561,0.019725129957986184,0.007334615110731325,0.0024211350850957773,0.02837712739443139,0.00206508580787581,0.031047496973581144,0.03179520045574308,0.03813287759025849,0.02563554795983764,0.043616036459445985,0.041123691518906214,0.0477818130029196,0.001281777397991882,0.029836929431033256
479,98.24574713485408,35.39628721028157,508.7782358756545,0.34593694848229645,0.1760817619274285,-0.06905829153088498,-0.08399326538757278,0.3904660861923767,-0.9068397381641098,-0.2131770700450368,0.3961387351616565,-0.8817469422576983,-0.1652206803119622,0.4135529273918933,0.31667459997803077,0.15236827651861887,0.13010398740434256,0.05356486397422284,0.2596312840979825,0.07284720442312621,0.058014719343854125,0.47740910255940816,0.08211416645307751,1.4241858591776209,0.20753945296766868,0.4806634689319322,0.1493270110944308,0.12227637215773865,0.5244095785580902,0.2969363992530482,0.29704404818571273,0.2215590787594742,0.43846801655010803,0.01984548350481491,0.3658232946431841,0.03090329903701805,0.059902603346636885,0.0391783530445608,0.11434952949361063,0.018673794441800007,0.9732342279667533,0.11350737797956867,0.2043132803632236,0.18545640950532752,0.3589762366811907,0.33938706015891035,0.09893449525832082,0.007103364944527846,0.2411482552817546,19.150229075795075,20.627917579133676,33.75557382044381,0.07974905887840354,0.08852437605856867,0.09582873339591463,0.07233317632224807,0.08238046062452897,0.05920564613111681,0.07054330271019663,0.08906248120481909,0.06815012486875635,0.07315793245879985,0.09392064968930723,0.5074809229095211,0.35040478867112873,0.2542047215326538,0.14520656946428684,0.3725319361679518,0.21059524028797233,0.12884058342998714,0.40895808829551844,0.26583153551414235,0.47374553548322534,0.4894459706198103,0.40598335162843474,0.27740302111012494,0.23110833982372617,0.5999771829682674,0.323151542452491,0.5608123804221743,0.4153034657594435,0.4962084547157048,0.13947169082889993,0.4816690841980338,0.17305889676853328,0.23731064767052418,0.19402264834773741,0.3182411395462565,0.1353726517641712,0.16140111313290126,0.31721780784644577,0.4032062953026268,0.38867449243707364,0.47970899940995115,0.47350997152138574,0.29857951227212465,0.08398312571368746,0.4277878854569331,0.41761991944342736,0.2454485536433541,1.402445990479677,0.006154265836689856,0.003109227389234713,0.002706847308678141,0.018301486341999268,0.01217161457341633,0.006207825302087146,0.015706927608934457,0.013662829732698646,0.008651259758330282,0.01358121567191505,0.01237088978396192,0.031241303551812524,0.025105822043207614,0.020770047601611132,0.016725009154155986,0.024014646649578905,0.020545587696814353,0.013023434639326252,0.053547418528011724,0.01067667521054559,0.08290882460637128,0.03862834126693519,0.06077261076528744,0.03539838886854632,0.019245697546686195,0.058846576345660935,0.05439912120102527,0.05520834859025998,0.011644086415232515,0.017868912486268766,0.0028560966678872206,0.024533138044672283,0.002343463932625412,0.009886488465763456,0.004760161113145368,0.012522885389967046,0.00124496521420725,0.0027828634199926765,0.020505309410472353,0.029769315269132186,0.02028560966678872,0.03566459172464299,0.023434639326254118,0.012449652142072502,0.000585865983156353,0.02098132552178689
480,53.34299961494031,-5.341882941855987,582.8884674624567,0.19422491336157102,0.31680623796688484,-0.15761247593376973,-0.15344658659992297,0.27386298656141705,-0.9354142636118599,-0.23495293785136692,0.32830973053523294,-0.9002499405467848,-0.20714867154408934,0.3149958413554101,0.3662618405852907,0.3025051983057374,0.14083172891798232,0.10129418559876781,0.9430850981902196,1.0788598382749324,0.05872275702733924,1.069518290335002,0.6693030419715057,1.4414304967269926,0.2735155949172122,0.656447824412784,0.16934847901424718,0.13848247978436656,0.9996361185983825,0.455654986522911,0.3540142472083173,0.1222564497497112,0.23088178667693493,0.241817481709665,0.014362726222564497,0.5320369657296881,0.4574894108586831,0.08163265306122448,0.732691567192915,0.35594917212167887,0.9539083557951482,0.16326530612244897,0.35456295725837506,0.22206391990758567,0.1522911051212938,0.39572583750481327,0.20619946091644206,0.003966114747785907,0.3398151713515595,18.180375577984147,14.004708386125376,25.07923215335795,0.08812062708703691,0.13404957161533038,0.07076762452804908,0.09899245235730235,0.06240959744490567,0.07931371086672957,0.08926317852868723,0.07253337293201287,0.08284107069249434,0.09737965940648931,0.07188494984704395,0.7436301101159406,0.7925980884560099,0.23783863456250212,0.2766084348118721,0.8404086393637321,0.7023483145193817,0.1409242544583984,0.6400755505838607,0.9248885289918882,0.718662639177898,0.4538822071428249,0.5274352398344975,0.30725577955381644,0.2853982717798147,1.0247034879887542,0.4475848009661948,0.6258875115576513,0.32758806826808023,0.42140506075894313,0.4281925352854003,0.11898312252741074,0.4989821842179561,0.4981991640749713,0.2738095138437645,0.44256318918326965,0.47880913399400493,0.20968761910120584,0.36961467291270317,0.4783898817432582,0.41564189827813147,0.3593097489318264,0.48901544679421205,0.404583175851088,0.06285329586296892,0.47365542271157374,0.4012668951442103,0.3753552312372444,1.4626092648927573,0.0066728021872232285,0.0055592052062074,0.0029397743463360155,0.016917144980553734,0.015157244060225653,0.0057687220147098475,0.015596807231699332,0.016430162616966386,0.009225886056451924,0.012530401632715928,0.014852978551349687,0.037933305094535796,0.031629250259925294,0.025079902961222998,0.019999229850976165,0.046068389233316645,0.09858716161577263,0.01477992991643883,0.07062728637991451,0.035150371596904,0.09671261889175554,0.05451345835419153,0.0698440448226732,0.034228888289884095,0.026839693480688515,0.10604952058223267,0.08319380800184836,0.08074165350995419,0.007123878470484039,0.011706265162308906,0.018021487157765026,0.0031576109977280603,0.017713427548230583,0.026223574261619625,0.0075474604335939,0.018483576572066694,0.01324656320998113,0.006661789056182372,0.021718202472178365,0.03993222688590242,0.021025068350725866,0.018137009511340445,0.032423273903500326,0.028495513881936156,0.0006161192190688898,0.032076706842774076
481,80.32784031530859,37.088155026723605,545.1039980890389,0.11517321071332595,0.14725493416141647,-0.08431578633065599,0.004894353647248515,0.2808172623092771,-0.9426434196351259,-0.2048416279000328,0.3049824276969932,-0.9131523644262637,-0.10676966946343794,0.3037293601266011,0.3087871368427339,0.2417912274939536,0.9903526320504017,0.05478038876115971,0.4558923292824938,1.5817124003463616,0.11727538741751516,0.8213325968170552,0.20966856767489772,0.6692615926666865,0.2436427696993222,0.4323083813561852,0.22681257651309308,0.261388134125586,0.6780245439073184,0.5455349198292079,0.27376519064823385,0.23242065032396764,0.28004538532740136,0.7782389298617539,0.1931563703681586,0.24478218028724136,0.8263414051536233,0.10979069003612911,0.716520856349467,0.2183273118151145,0.8561105968767728,0.17586814368039175,0.17112059956406198,0.09862351079394464,0.6957988713385685,0.3339703203845809,0.19402227464094832,0.007464692006807799,0.4076020423397331,27.1570389486362,24.621881483921882,28.271785552130343,0.13956406965015722,0.1326309154399183,0.08786343101380759,0.10183180436071008,0.09021872328452873,0.08358262333293061,0.08658337151356806,0.09495115241460446,0.08729278659054777,0.09676051452016568,0.09696643823472749,0.6289215635034509,0.6413006026442911,0.5200660297391374,0.16212992034399218,0.6097930425356931,0.7541811292318703,0.2725459562555155,0.5772993059837435,0.44308312442898173,0.5762468491446953,0.5269474673874857,0.50153841676259,0.5453640126709866,0.5910965200523841,0.6839844951486191,0.5825158287214494,0.4653627451849527,0.4223820765950265,0.4490278251823288,0.41543742149919166,0.39478049659572056,0.42996439907645384,0.37882129320025026,0.3126333520307865,0.45069366960444285,0.4131169236366367,0.35098279311317343,0.38071362929936464,0.376619934699995,0.29816030645308206,0.4600751266496461,0.4716362870844384,0.3954520210681206,0.0860766612351205,0.4913957950691855,0.7833741415347866,0.6875544938787697,1.69257091669155,0.007244371454165422,0.005149268438339803,0.0037534189310241863,0.015812419707375333,0.012788578680203047,0.0053829755449387885,0.015477704389369963,0.012356945774858167,0.006955986055538966,0.012493699611824425,0.011563302478351746,0.03372857569423709,0.030556882651537772,0.05642609734249029,0.016000597193192002,0.03208091967751568,0.09567303672738131,0.017140041803523444,0.06166019707375336,0.019109584950731562,0.06893341295909226,0.041329650641982685,0.06380621080919678,0.034494177366378026,0.036077336518363694,0.1090522544042998,0.08035951030158257,0.05010749477455957,0.013556285458345774,0.017766497461928935,0.016751269035532996,0.02230516572111078,0.01487011048074052,0.019259480441922962,0.00955509107196178,0.020065691251119736,0.017975515079128097,0.013675724096745298,0.017258883248730966,0.026246640788295014,0.011197372349955211,0.02278292027470887,0.04192296207823231,0.0316512391758734,0.0005374738727978501,0.024843236787100625
482,59.26536800785084,8.520058881256134,551.2383186130193,0.17712165521753354,0.21043408570493946,-0.0422701668302257,-0.10044613339875695,0.31369135067059206,-0.9278905569839713,-0.21762489584560024,0.3307055869807,-0.9027916332679098,-0.1704063788027478,0.33710830879947656,0.6020719659797188,0.2036130192999673,0.33023258096172714,0.13214622178606475,0.061696107294733404,0.27678279358848545,0.0957013411841675,0.9361370624795551,0.08259731763166503,0.3777739614000654,0.1745744193653909,0.4339764474975466,0.1146025515210991,0.18605430160287864,0.7296355904481517,0.5059836440955184,0.3350762185148839,0.36359175662414134,0.32832842656198885,0.1753025842329081,0.15024533856722277,0.008341511285574092,0.01867844291789336,0.18668629375204449,0.36591429506051687,0.007621851488387308,0.4588485443245011,0.051095845600261695,0.19826627412495912,0.1693490350016356,0.03866535819430814,0.49273797841020606,0.2546614327772326,0.004579653254824992,0.34052993130520115,10.502841017551043,13.896659060357276,19.28401861965878,0.07129756345776916,0.06911421770212439,0.03948824125848998,0.10923327040997367,0.10746275500690805,0.06225046455164482,0.08670600011397692,0.11005236548062888,0.07374827000993742,0.09048165331913541,0.11534986787038881,0.8679974090773308,0.43832134986221977,0.3781361255549909,0.3306841590285301,0.18597456952381597,0.395065331854481,0.1932364330469945,0.5676293385984787,0.18341016134296123,0.42083272272016536,0.27570543692807886,0.4568945028197071,0.20775269814062464,0.398687297332127,0.7021633232209684,0.515750637425327,0.5877598655941363,0.48104091371056956,0.4696126968126667,0.3802319259965359,0.35731758047184414,0.09095164140196849,0.13538891498455538,0.38966586766303585,0.48169348532717643,0.08697129584302683,0.4983118306023027,0.22019683523735017,0.39870033684808287,0.3750660489359329,0.19279928479928443,0.4999554375511734,0.4356778587805322,0.06751910217442134,0.4738951819745474,0.4233733520887174,0.3654290294088782,1.7018384638031996,0.005821420393208806,0.004360986620432464,0.0023795675357388205,0.020473004056397,0.018589632896071184,0.007762175112041611,0.01663065936079034,0.017228829271484183,0.009120121986326016,0.014085707743138472,0.017170434099905135,0.03333278811868233,0.024429978082371028,0.040580326474533024,0.020917923386437238,0.012288265890281005,0.05235042036049593,0.017960679119369296,0.08675488239719978,0.01367005790179594,0.05941214956328306,0.03642906212175733,0.06398213876803296,0.026706467336190257,0.02570152769145212,0.1023559815499362,0.07866400601916976,0.052685400242075305,0.009028754620694168,0.011514933429291111,0.016258300893061597,0.01118780463868625,0.0009813863718145834,0.003729268212895417,0.01589845922339625,0.038732048807615556,0.0009813863718145834,0.041872485197422225,0.007981942490758611,0.01926788576662632,0.023455134286368542,0.007720239458274723,0.03716183061271223,0.03304000785109097,0.00039255454872583336,0.029507016912558474
483,71.60689451102233,30.98750871853402,544.3463043983683,0.3024137763405406,0.0059570308371906236,-0.1569800054953184,0.13415292974446769,0.41499432335721675,-0.8720750188531693,-0.09742705123327626,0.45541424657070995,-0.857542887430516,0.01864880688182952,0.4634028068395578,0.3890564961004375,0.23667385285228162,0.779186058799907,0.06925411620484857,0.7551159300826412,0.42538794834400695,0.05796926848857607,1.6892644727664703,0.8012387715849767,2.146744235199628,0.1474009257497939,0.38036818633356584,0.09511085748103057,0.1788888888888889,0.7018123982837697,0.3277963773170165,0.2761042419630968,0.27527318073256823,0.33479170629636673,0.6740853465220975,0.013421258427916218,0.2351573563291273,0.2524253376450447,0.013484665948048105,0.8661467250015852,0.26565637351256527,0.9868112358125674,0.0725170671908355,0.09227907763194049,0.0721154862300002,0.18489632870458436,0.3650159575592332,0.18891213831293724,0.011307674423519962,0.3710396719717625,23.050666829203415,15.852973615047613,18.679776714119644,0.09174755409018136,0.12825680270806758,0.12850975070259307,0.1474716030396468,0.13862343057600016,0.07076235005969064,0.13085632153146715,0.1422950015082333,0.08401507470788394,0.14818461661249469,0.15101022130982283,0.7164824652218689,0.5850517014846471,0.4754042820395689,0.2239095706082264,0.552023650330553,0.45777793522856164,0.11869626717304783,0.516004098859685,0.5225520310153584,0.5567348110690257,0.23693301275453904,0.3423262337303809,0.17239862285218288,0.3983462837414083,0.6874884001058333,0.35852868047849645,0.45120257280614795,0.4466565496505424,0.47192258567888784,0.4687205304314127,0.11507131753142362,0.4241016100316946,0.4344085348154968,0.11533911264068933,0.3404982029897586,0.4416867533177056,0.11408372264098049,0.25934487415101515,0.28942256290054874,0.2586817682156408,0.38821754439900136,0.48143972337180607,0.3914429471898687,0.10573574240694425,0.4830881558823678,0.5914440311126141,0.3586679912073047,1.3032634426783907,0.006249809773419005,0.00438290497125465,0.003922662326682449,0.017767370709333784,0.01283881144318566,0.006932196271559011,0.016127033881467703,0.012774559879100441,0.0077527942382482245,0.014690120899560365,0.012386603821440651,0.03492010483598241,0.027216351031450797,0.059411565776124456,0.01677629354075076,0.039025194453838355,0.0639036608048698,0.012368955021981739,0.05832917653026717,0.03711193777477173,0.0654935322962462,0.032980216435576595,0.04998351369631383,0.021444876564085225,0.02360859824146094,0.08397594690564761,0.051080698342915114,0.03625507270882651,0.014034494420020291,0.0159367602299628,0.026145586743320934,0.003128170443016571,0.014922218464660129,0.021051741630030436,0.002620899560365235,0.012428136624957727,0.01619039567128847,0.0013104497801826175,0.012428136624957727,0.01426699357456882,0.010737233682786607,0.022827189719310113,0.03603736895502198,0.028428305715251945,0.0010990869124112275,0.02033310787960771
484,-6355.84479306188,-4820.7093590945615,10735.964683230644,0.24899728770425933,0.09821283150281272,0.02989823868202518,-0.039604362677471194,0.3811931512188588,-0.9086807105545139,-0.2047631298553442,0.37785485949638364,-0.8890982862978838,-0.13440594026252342,0.39735514331636745,0.15803107420305387,0.07662369407982855,0.17335320117867667,0.08662335922850255,0.40776888561478697,0.7695064291454594,0.04536030002678811,0.946700375033485,0.8651091615322797,1.8693547414947764,0.15703991427806052,0.28910092418965977,0.13000770158049826,0.14138092686847042,0.6573228636485401,0.4248540048218591,0.6278077283686044,0.1187382802035896,0.16240289311545675,0.01155237074738816,0.5927873024377176,0.07169166889900884,0.5115523707473881,0.009040985802303777,0.7488615054915617,0.16357487275649613,0.9789713367264934,0.08876908652558264,0.1913005625502277,0.12027859630324136,0.5074671845700509,0.3568175729975891,0.18878917760514333,0.005089740155371015,0.4091883203857487,322542.0575051405,241905.46423203117,503955.8459410069,0.09512816726654097,0.07157213597056522,0.059020365988004024,0.08253973408479628,0.11015063887555189,0.06777300041842704,0.08435321134324372,0.09582092505386046,0.06798023207385764,0.08346420976821321,0.10971042811893579,0.2894435554935528,0.1790407292496998,0.22837283325860275,0.25368511257220655,0.4436510655745466,0.5370374658129399,0.09611516465153827,0.486385438854433,0.4886561903714784,0.6178329540001988,0.37978632090555475,0.3325026620742615,0.23471347676438972,0.2950462230497259,0.6036067426622637,0.4089290857050861,0.9306079921422664,0.32348571066242515,0.36882617653563926,0.10686110543197155,0.49132331490621595,0.25798101109530985,0.49987489417310765,0.09465488043214082,0.4336752803373387,0.3698955464533664,0.14348222174826492,0.2844149160595894,0.39333171471113737,0.3252924819458715,0.4999526086048543,0.4790683434047781,0.39134761066258633,0.07116181749629188,0.49169231665333074,539.2650269564343,404.5050832133408,843.4121889964168,0.0052848005893580685,0.003060308743260891,0.0025758631081940864,0.015198224960653652,0.013234391789170546,0.0062591383652010855,0.014007988346783646,0.011114859692596188,0.006172526403911195,0.011831999464219936,0.011691390684124166,0.029276362053377088,0.02301108395003851,0.03176974851823326,0.01870542142450524,0.030613803033854605,0.09279978568797509,0.013216354686401234,0.05513913538492449,0.03370860261862506,0.08189733114556474,0.03337440980477514,0.047275558383283664,0.03172755583832837,0.020575963566955766,0.07070622509459867,0.06614807621471386,0.07350400160734019,0.014934869236178549,0.019488999765596222,0.0035495429126343636,0.027659645715433813,0.004219267990489904,0.033017446338278134,0.0012724776479255265,0.021230284968020628,0.011184408800187524,0.002109633995244952,0.011720188862471954,0.033285336369420354,0.018785788433847907,0.04992800455413053,0.03690185178984027,0.032213776244851486,0.0012055051401399725,0.02300505642433781
485,79.56721601592744,6.766574493971905,538.2810972237585,0.12742760756553478,0.1470134387788961,-0.11805823470854993,-0.046976268554363446,0.2988051240460126,-0.9357694359584117,-0.18260801747594294,0.33401636572281823,-0.9073635114478488,-0.12247704899900451,0.3267109279946908,0.18947682778453712,0.14989768830881536,1.6313394536002652,0.04982524057073333,0.5023935405375511,0.7577397411790732,0.07781937838734652,1.2756918482468753,0.18097279062050656,1.3125113372414554,0.22624654352394646,0.5703312686649706,0.0993391217785643,0.14968753456476053,0.8451764185377724,0.5062553921026435,0.165405928547727,0.2561110496626479,0.12553921026435128,0.9564760535339011,0.0007742506359915939,0.17553367990266563,0.8324300409246764,0.046731556243778345,0.31362681119345204,0.14334697489215795,0.8505143236367658,0.10203517310032076,0.2164030527596505,0.03909965711757549,0.6827784537108726,0.4510009954651034,0.3521734321424621,0.002101537440548612,0.21391439000110607,27.143087173927967,32.13118659178313,44.757175757208245,0.10792410787226556,0.08813931839208715,0.07761248330865875,0.06791795452435463,0.06515044528446642,0.10718845734021992,0.06290946792475136,0.06516248767075103,0.10524987866171205,0.06595165975502001,0.06756173161828638,0.4522556003839445,0.4775119706742483,0.40579661136803963,0.1584870269149863,0.3769327574112136,0.44999042712516807,0.16406138938949588,0.6740632238467967,0.321474912873343,0.6198992560656994,0.38585916271639337,0.4924454741140571,0.20277236215983702,0.3321012349769509,1.0049401641614846,0.5820624166317909,0.31366865395245835,0.4364959528225483,0.33133848021100676,0.20403900349093942,0.027815354752714856,0.38043345172767173,0.3734942872840134,0.21106913957514914,0.4639794608465362,0.35043603020353536,0.35657641621405695,0.3027029302292714,0.4118035332803993,0.19383743666017686,0.4654073654817235,0.4976070653010813,0.47766088797850875,0.04579559985112358,0.410078436212983,0.6178640561915822,0.43635307781649246,1.764592666334826,0.0058080858359604,0.005197721364968753,0.003100436922736574,0.014504614457164978,0.012760250539240087,0.0051842501520933575,0.014245281898125104,0.012707785576019025,0.007056308500636027,0.01143039654886345,0.010771085670040374,0.033439522150323545,0.028184281842818425,0.0513212764780709,0.015556661689065871,0.036523422377080915,0.08359161550799182,0.017638404955478127,0.07475305569382225,0.020079641612742657,0.08070571317958079,0.03916652839997788,0.06170731707317073,0.031760411481665834,0.021998783253138653,0.12159780985564955,0.08153752557933744,0.035592057961395945,0.017200376085393508,0.016149549250594548,0.006415574359825231,0.000442453404125878,0.016370775952657485,0.025109230684143575,0.009623361539737847,0.022675736961451247,0.011946241911398706,0.013937282229965157,0.016038935899563077,0.01780874951606659,0.009955201592832254,0.03146949836845307,0.017200376085393508,0.02306288369006139,0.0003318400530944085,0.014711575687185443
486,143.72225478702617,19.892228409534972,660.734588706526,0.06471150840171942,0.25615836264165687,-0.12034696170379054,-0.16210947025205158,0.21592111059007424,-0.937551212289957,-0.2554014025986714,0.26692422621141065,-0.9019974943337241,-0.2196108831574834,0.2526084896443923,0.30964439234075813,0.14642340758108635,1.5680920281359907,0.08604923798358734,0.82201299335678,0.7538389019148105,0.11136479093395858,1.0252725674091443,0.8007864400156312,1.5712583040250097,0.23893464243845253,0.6038789566236812,0.11962289957014459,0.21720056662758888,0.8139160805001955,0.8971976357952325,0.24897762797967954,0.3330402500976944,0.336410707307542,0.5694607268464243,0.025937866354044548,0.12221570926143024,0.676338413442751,0.14307346619773348,0.4631692067213755,0.28775889019148104,0.9257033997655334,0.2635306760453302,0.27129738178976165,0.16446854239937475,0.2937182493161391,0.3895076201641266,0.3574150058616647,0.01401914810472841,0.3438843298163345,15.624659637883928,14.639641017731075,32.458947003429174,0.13467353988516517,0.14205325130822102,0.14877753804532837,0.0968133894593988,0.08314978188002935,0.12389363406475909,0.09455591687245116,0.09531208185891707,0.12424578247121651,0.09576292471897353,0.09421477625873137,0.4944026104729978,0.3310838373390283,0.7685624348343506,0.2342617402835616,0.376455081307301,0.5511978332459522,0.23827480951391178,0.5844277834442386,0.44700079226512346,0.6387091371142548,0.4266613681128722,0.6504960989411513,0.21333637113380033,0.40696100160261756,0.9103026573816139,0.9374770803930182,0.4280819543363804,0.471312308985159,0.472492802514703,0.49516379525850013,0.1589538537832768,0.32754277614988114,0.4678840212626593,0.3501563059497075,0.498653826616862,0.45272919412439916,0.2622593661581391,0.44055844069493033,0.44464004514813193,0.37070925778159164,0.45547554608031593,0.4876505408720242,0.47925018383812684,0.11757247475530208,0.47501465172543966,0.7105466269356652,0.48310292609056715,2.087499389380099,0.007075668018172048,0.006033315421816229,0.004337306433491279,0.017696734942113233,0.014730875335840945,0.005615819598456353,0.017558329246250795,0.015290493429729863,0.009216086903424356,0.013563333496165309,0.014014703727223876,0.0321166528259489,0.024322211909530555,0.06872844511748326,0.01911777636656734,0.04797176493576279,0.09920228616091056,0.020788432416589325,0.06785501441062967,0.04318645889306824,0.07893654437985444,0.04018562845000244,0.07254408675687558,0.023481998925308976,0.030444042792242686,0.10433393581163598,0.10358262908504715,0.06145767182844024,0.014557178447559964,0.015143373552830833,0.02129842215817498,0.0041033657368960965,0.014752576815983586,0.035122856724146355,0.013091690684382786,0.02569488544770651,0.027209222802989597,0.007913633921156758,0.019832934394997802,0.031410287724097506,0.014557178447559964,0.027209222802989597,0.0239363001318939,0.0272580723950955,0.001660886131600801,0.03277807630306287
487,81.91940410289807,33.064194073591665,609.1875252360794,0.10408124389449691,0.04566066427873656,0.0935597850862911,0.023994373331162482,0.3444241839140345,-0.9243425514164768,-0.15225220758710514,0.2528812477694562,-0.9414969943666559,-0.06807199609247802,0.3074065776619993,0.4673249755779876,0.21852979485509608,0.004935525887333116,0.062034190817323344,1.0625757082383587,1.3973067404754151,0.04610875936177141,1.374120481927711,0.29595278410941056,2.3188156952132855,0.16100227938782155,0.5175418430478671,0.1061055030934549,0.1743213936828395,0.6251598827743406,0.4892311950504722,0.32310680560078153,0.36619993487463365,0.34995115597525234,0.0019537609899055682,0.7183002279387821,0.21432758059264084,0.04581569521328557,0.006577661999348746,0.89827417779225,0.05897101921198307,0.9659068707261478,0.20247476392054706,0.3366981439270596,0.12338000651253664,0.9395962227287529,0.262455226310648,0.1859003581895148,0.002507326603712146,0.242103549332465,12.365825114516534,11.384224387696177,36.83048734808572,0.051949080535911726,0.10333551765538403,0.06964860553830059,0.08365803759434509,0.06420083171534344,0.08575873874863792,0.07849350843803103,0.06844599855164005,0.08772423015745696,0.07476790399495548,0.06021941478951312,0.7598598847212822,0.49037006417436035,0.10125469381863107,0.18043754319622846,0.32359487473402715,0.4551428435057996,0.08563443959778178,0.37420279407784107,0.24319357201531855,0.6834119888892163,0.29653764989603937,0.45214351696264315,0.18250456662157488,0.3766281298302205,0.6245199104361813,0.5420844089998703,0.5983015100965888,0.4817728723551799,0.4769620028694671,0.04415888704858196,0.44983508043837994,0.4103617334010673,0.20908859572457777,0.08083692934776737,0.3022923335171041,0.23557428802636834,0.18147137559374749,0.40185070890568125,0.47258837940183324,0.3288782487710232,0.2382372958273658,0.4399758901776636,0.38903257351736936,0.05001121234520782,0.42836362571478337,0.5869712462144648,0.4240743755902179,2.659490703051223,0.006496238887622521,0.00501146243772184,0.0035786902862353057,0.02710880224038555,0.017812070174867304,0.008392287407600377,0.019623784428017845,0.017093334755283466,0.007162988895763458,0.01806135009280667,0.015266306294571621,0.03298251326972549,0.027465563841219183,0.0005581425640691654,0.020558142564069164,0.04168582500244228,0.11382135530300562,0.013985476570386532,0.07005112507733889,0.031806636490930996,0.10277768732293464,0.043075645576215446,0.07360643459572112,0.03289166042528249,0.019788010029633006,0.1094265524764727,0.08342342635709403,0.054998208994105964,0.009345794392523364,0.012569605001791006,0.0001302549741118239,0.03168452245270116,0.0179751864274317,0.010713471620697515,0.0014979322022859749,0.014588557100524277,0.008596828291380377,0.005145071477417044,0.02806994692109805,0.03881598228532352,0.019440554886189718,0.010811162851281383,0.04461232863329968,0.03214041486209255,0.00045589240939138365,0.024553062620078805
488,99.1744999811669,100.28772835135032,606.4087234924103,0.10529929564202041,0.22521951862593692,-0.07844348186372369,-0.11540812565445026,0.2312593171117556,-0.9413823711250894,-0.26819310565369686,0.2520540228257185,-0.905353283814833,-0.2019727296696674,0.25253779803382426,0.29497532863761344,0.1793645711702889,0.47426306075558405,0.0805985159516366,0.7751275000941654,1.0613254736524917,0.127107989001469,0.5377671475385137,1.1812663377151682,1.3366895174959508,0.18797280500207164,0.5294869863271686,0.14418132509699047,0.2353350408678293,0.7957813853629139,0.43167237937398767,0.3273415194545934,0.34554973821989526,0.24697728728012355,0.006892914987381822,0.4600549926550906,0.2882594448001808,0.8443632528532148,0.16143734227277864,0.1364269840671965,0.5091717202154507,0.928170552563185,0.17684281893856643,0.1795171192888621,0.1494218237975065,0.9315981769558176,0.40969528042487474,0.22588421409469284,0.010697201401182719,0.45632603864552335,13.309610687256999,29.663739331710993,43.47848652037508,0.11387939118827654,0.0938985545722356,0.05928779263179228,0.10866323418523305,0.09660848213418256,0.11208714696624876,0.10169101745276515,0.09133694879837374,0.11357015676488047,0.09908857255404688,0.09555619781770824,0.5343663654903934,0.4392578947821527,0.34802801767130975,0.22031019586252534,0.4959878461734339,0.5797368273040759,0.3044424697619454,0.41460835951218794,0.5710954394573944,0.6683391646665299,0.34608687111506203,0.5262351611282555,0.28898196219259764,0.47588862600495063,0.8587973498858577,0.46621135384722184,0.499664101592938,0.47555613231727584,0.4312615357918051,0.08273850711967981,0.4984112289975478,0.45296099765474374,0.3625174480425144,0.3679407915129333,0.34324786945238905,0.4999252877028749,0.25821016482168224,0.381542814874911,0.3837919635196952,0.35651049035709526,0.2524389311154957,0.49178670920473344,0.4181711641156961,0.10287453480416449,0.4980983137464808,0.5347709808648486,0.5880028627391893,2.3220506252825066,0.00878405152930541,0.0051432499623323795,0.004033674853096278,0.02220358644718999,0.01845569357390387,0.006723035558234142,0.02279472973481995,0.01756075199638391,0.009544641291246044,0.017794937471749286,0.01665149917131234,0.038065390989905086,0.024722766310079858,0.04798365225252373,0.019864396564712974,0.048048063884285064,0.09519097483802924,0.01733124905830948,0.0583607051378635,0.04963839083923459,0.08229960825674251,0.03381610667470243,0.06494010848274824,0.031225704384511076,0.033493295163477474,0.09781603133946061,0.06813168600271208,0.04921124001808045,0.02011450956757571,0.013032996835919844,0.0012053638692180201,0.026894681331927076,0.02116920295314148,0.018005122796444176,0.012204309175832454,0.017101099894530663,0.025124303149013108,0.0070061774898297425,0.017477776103661292,0.024257947868012657,0.01838179900557481,0.005160464065089649,0.034578875998191955,0.0269700165737532,0.0016573753201747777,0.02199789061322887
489,-9018.520372735442,-6860.34904687574,14857.194986046072,0.3141083676268861,0.20641980038787192,-0.061719691594531945,-0.07981637689797075,0.46197382862683883,-0.8738597372404332,-0.22974325206943852,0.45656524383898583,-0.8509562773757154,-0.17649150938933827,0.48719625372498937,0.2547485927817984,0.21341469183103923,0.12739936616054115,0.04386594768459392,0.5729572867887045,0.9272792204720686,0.06824180502341422,0.7105160588430065,1.2411891585071664,0.6510023177711556,0.1660276240480583,0.45138687857717236,0.09866799110732699,0.13973511186793433,0.8021858001040632,0.3554533844189017,0.28495813821484317,0.17354902795515822,0.27155763681945033,0.004682843763303533,0.11971997540324487,0.38044557967929615,0.6870535925452912,0.02762404805827539,0.5731516957570597,0.7596613216025732,0.9605032874509247,0.22600633839458872,0.3886760323541933,0.23537202592119577,0.5932548129227567,0.271368431010832,0.14899957428693061,0.003973321980984816,0.2872617189347713,383322.84970696486,287489.8385565378,598923.7269277362,0.058010610849512034,0.05108885967927057,0.03624779697895147,0.058723564251582226,0.07256591995992344,0.06238338514646134,0.04674711450712724,0.06816842204798376,0.06192403395350524,0.052435794738110025,0.0760257396608461,0.5184251856086528,0.5980892783931997,0.16844275592112354,0.14904440743513103,0.6934676317010957,0.7625705451728495,0.158265424382589,0.5405569358003864,0.9103801825871766,0.2704809358438869,0.3419970013110886,0.40275524215844033,0.18543190150568536,0.3399561380680302,0.6796467686184356,0.37314200574042283,0.45871053937989736,0.37873017784162344,0.44477347497425684,0.06827250702922809,0.32464147623414674,0.48550786850513455,0.46370370316322795,0.1638970123268772,0.4946315822915098,0.4272992330696811,0.19477812195892938,0.4182532105255151,0.48746098706891466,0.4242411444877876,0.4912381850126598,0.44467624054677474,0.35609647456224025,0.06291042758886023,0.45249542411108445,761.7345222327342,571.186967833491,1191.107469252602,0.0052580889309366136,0.003128287606433302,0.0020247398297067168,0.020833406007568587,0.013560259886471146,0.007492631078524127,0.018490035714285716,0.014003982308420058,0.008314245411542102,0.01643325449385052,0.013109035004730369,0.029303689687795648,0.023679754020813626,0.026869914853358566,0.014579470198675499,0.02930936613055818,0.079038789025544,0.01214569536423841,0.04801702932828761,0.04669252601702933,0.060793282876064336,0.02744701986754967,0.05446499526963103,0.023052980132450333,0.01773699148533586,0.06380605487228003,0.05584578997161779,0.043084200567644275,0.017029328287606435,0.015799432355723748,0.0003784295175023652,0.020387890255439925,0.013765373699148533,0.02379375591296121,0.0021759697256386,0.018968779564806054,0.013954588457899717,0.005723746452223274,0.014096499526963104,0.030700094607379377,0.025827814569536423,0.03396404919583727,0.02459791863765374,0.020151371807000946,0.0003784295175023652,0.02270577105014191
490,-9198.58089199614,-6974.088331726133,15159.659098360653,0.2141111861137898,0.1501712632594021,0.04836234329797492,-0.08610035848601735,0.38210678047251684,-0.9134181361137897,-0.21595520607521695,0.3882389135004821,-0.8891602845226616,-0.16579353905496624,0.40335949855351977,0.21015959498553516,0.1623953712632594,0.6813283510125362,0.12581243972999037,0.03466682738669239,0.1278799421407907,0.09854580520732883,0.02289392478302797,0.009874156219864995,0.8508823529411764,0.3020279652844744,0.5242521697203472,0.11765332690453231,0.15148216007714563,0.4927333654773384,0.5675173577627772,0.43286306653809065,0.15761812921890067,0.15351976856316296,0.4126808100289296,0.35872709739633557,0.0029411764705882353,0.009402121504339441,0.0562198649951784,0.005351976856316297,0.002073288331726133,0.7509643201542913,0.1742526518804243,0.1896817743490839,0.1355834136933462,0.5905014464802314,0.28018322082931535,0.25824493731918996,0.0004339440694310511,0.4672131147540984,387008.7787101072,290254.77571854676,604682.3075802355,0.0482145549594592,0.03772826706502715,0.09639000081744825,0.06882378368393254,0.06572039916014238,0.04236529921524824,0.06466628780951476,0.06376408895777093,0.048811310430482986,0.06522572863882933,0.0705470928398411,0.5090159673470825,0.504942522527379,0.7837871006830149,0.37409372046662653,0.1566781100662322,0.33632848016772043,0.27349778553853193,0.1373849270830531,0.09152989543538818,0.5168976626393147,0.6210300252715802,0.7092133201618344,0.21632336807807911,0.3332941805252248,0.5943721931120335,0.6455097389839917,0.6957797184537743,0.3643913510676369,0.3604964844011777,0.49232818931932343,0.4796384672125232,0.05415410744410439,0.09650995134021433,0.2303513624897124,0.0729629349895805,0.04548724623958514,0.43246494384299516,0.37933573950343885,0.3920586819750013,0.34235391459697306,0.491753137087415,0.4490994414341025,0.4376799356908544,0.02082730604171289,0.4989358905764668,776.301919089638,582.1913978494622,1213.8452336178218,0.0036821447514344954,0.0021143738849510583,0.0014396065384059016,0.015381215728820098,0.011260811996721153,0.005308879164858479,0.013737643907613676,0.011758498722214187,0.006896409036115532,0.011920198659530354,0.011028400597907325,0.03141617242875741,0.025386952119195717,0.05861372293746083,0.023292347750614784,0.006898114663194947,0.027634890785476637,0.016640146583731134,0.005157432855971841,0.0017840783065721586,0.07604320362601862,0.043130334153044986,0.0605757268913641,0.026089975408650372,0.01869280100294132,0.07659482135107767,0.06442933603355995,0.07894884034910074,0.013308259800376103,0.013886879791696803,0.027002266261632674,0.03225806451612903,0.0005786199913207002,0.0011572399826414003,0.0044360866001253675,0.0009643666522011669,0.00019287333044023337,0.02598968127682145,0.020541009691884854,0.02131250301364579,0.008968609865470852,0.02888278123342495,0.018805149717922753,0.018612276387482522,0.0002893099956603501,0.028063069579053957
491,99.13324259952364,96.06122263808551,516.698060564818,-0.06638580771993496,0.1503688329363729,0.13268674152205964,-0.07952046724131412,0.12038304117046614,-0.9483592417677971,-0.24650869619296056,0.10086793894370724,-0.9229397954330649,-0.16720071074817586,0.11437144153340138,0.40240936070469924,0.22353710634758614,1.235182034705682,0.11811954179426107,0.2669176968734641,0.3091119428376999,0.11700540622282712,0.35372197648482095,0.16726437563797208,1.0111897470795055,0.24037805754035763,0.731906922233564,0.1214264110997694,0.2094627802351518,0.5139317984197194,0.44005481834335186,0.380508487391781,0.25008506294658045,0.30172772295943445,0.844126876110544,0.04563154512116744,0.11205625496200522,0.04941212052474386,0.091565536274621,0.07428830668027674,0.09258629163358663,0.7254546141922801,0.18022002948848814,0.24241049487732033,0.04495104154852368,0.5971040792408605,0.41775358209519486,0.2252088767910476,0.009489244262976825,0.2522777966806548,27.27122186057517,36.3038561466628,68.04711641628371,0.16619870151975133,0.12543771252186153,0.1426102113307951,0.10354609551046155,0.12361778531142972,0.1619802244689654,0.10922508318155649,0.11116864478479609,0.15935541928760574,0.10131559770090415,0.1188761236044096,0.8636026389566709,0.6494483821452403,0.6122494456398642,0.35585369362546115,0.6131160919014439,0.5594219552270566,0.29008616790550606,0.4076381077580977,0.5108010629454456,0.7907973019226485,0.5922153410594955,0.6866774120618635,0.33436669147372583,0.47175680456196445,0.5611589982207568,0.4281776842853585,0.7340699672757346,0.4330699882145203,0.45901641548090133,0.3627418747298262,0.20868865251293478,0.3154416150216289,0.21673102845386139,0.2884171175426093,0.26224445495376003,0.2898572865575463,0.44629334187765396,0.3843778819364935,0.42854940211242615,0.2072005513782265,0.4904894423929252,0.49319846187108435,0.417727705060226,0.0969512963477725,0.4343280346603267,1.0327258979206049,0.9394631379962193,1.9902797731568995,0.00951780718336484,0.008666351606805294,0.0056109640831758035,0.019839915576559546,0.017678819735349717,0.007511257731568999,0.018946856294896026,0.01826782975425331,0.009975858752362947,0.015227258979206048,0.016481134215500945,0.05366049149338374,0.03708204158790171,0.07662759924385633,0.023618903591682422,0.023890737240075618,0.0554124763705104,0.024420415879017013,0.0538812854442344,0.014809451795841208,0.08420642722117201,0.0503538752362949,0.09309640831758034,0.03452098298676749,0.03702041587901701,0.07929300567107751,0.06262079395085067,0.09088166351606806,0.01882797731568998,0.022419659735349717,0.015160680529300568,0.007372400756143667,0.0074858223062381855,0.0060491493383742915,0.011266540642722117,0.007145557655954631,0.006162570888468809,0.022873345935727787,0.020340264650283553,0.029073724007561436,0.009262759924385633,0.040680529300567106,0.03391304347826087,0.030283553875236294,0.0015122873345935729,0.027977315689981096
492,98.59632511415525,78.75309589041096,618.9683360730595,-0.05482743378995434,0.20357081278538813,0.07853212785388126,-0.060839673716894964,0.15672521329680364,-0.9749123923652967,-0.2648626635251142,0.1456087975890411,-0.9429522146849315,-0.16720379908675798,0.15557738812785388,0.40395360730593605,0.23862502283105022,1.7902370776255707,0.06497424657534247,2.1277110502283105,1.3013950684931508,0.09479707762557077,2.452773698630137,0.9268288584474886,2.788539178082192,0.22812018264840186,0.8179021004566212,0.11068566210045662,0.20502027397260275,0.7311506849315068,0.5407225570776255,0.20897680365296803,0.22206392694063926,0.34323287671232877,0.9828675799086758,0.021333333333333333,0.8920913242009132,0.9858264840182649,0.04069406392694064,0.9867762557077625,0.7543744292237443,0.9809315068493151,0.15905022831050228,0.33336986301369864,0.07378995433789955,0.9852420091324201,0.3829406392694064,0.2921643835616438,0.01417351598173516,0.385351598173516,10.241563201037724,12.114700984711755,19.96282544044247,0.07712870856752016,0.07939453162473482,0.05961822277455198,0.08119751770347233,0.0701012917863792,0.06985674337506517,0.07987457103230909,0.05663090390780146,0.07074969180163368,0.07061671933295718,0.06233569263969333,0.9960933334165174,0.6514791619709868,0.6154185330530093,0.1692340409644885,0.6279164779846057,0.7039067265684229,0.19813944695240066,0.5180969785470947,0.5291663618821277,0.7968854511256235,0.4361364320739016,0.8004445826116402,0.22382073108956452,0.4376345084901272,0.6683024547442897,0.5901052466154028,0.3547725751088294,0.41564149225188146,0.4747971188055841,0.12976715846177295,0.14449562251113499,0.3102707045829174,0.11820802790301113,0.19758411673987863,0.11423376719624938,0.4304653513607747,0.13676830417939623,0.36572959864754356,0.4714260449912245,0.2614335358915803,0.1205849233574356,0.4861128863118648,0.4547657763209237,0.1182080279029996,0.4866871649626399,0.5906444071016292,0.6369218966902901,2.3147914079053113,0.007459231387447943,0.004930518009790311,0.004013553006502521,0.025342345583400303,0.017766216007890696,0.004370829509753781,0.02434537838825163,0.016346915138452545,0.008778860670709432,0.017947395338642508,0.014995835464309198,0.044710674362533794,0.034339519251844815,0.07935267041718418,0.020533352816541246,0.052861109081610284,0.11976181778329804,0.015622123182582012,0.07280302476802805,0.04740337546577044,0.09589683641411559,0.04389895521297582,0.09361145612625119,0.0319251844816249,0.031762256155476,0.11510849711404984,0.09468583327244832,0.05466427997369767,0.01757141813399576,0.020493899320523125,0.0024110469788850733,0.004895155987433331,0.016329363629721632,0.002045736830569153,0.002922481186527362,0.0011324614597793526,0.02385475268502959,0.002776357127200994,0.02045736830569153,0.02907868780594725,0.01643895667421641,0.001899612771242785,0.048878497844670125,0.03879593775115073,0.001899612771242785,0.035288960327317896
600,11.464298556781186,-32.33058943583264,562.368181155547,0.14186597988240437,-0.07251382477282667,-0.0008738033918071834,0.18976735968705963,0.41902550707031433,-0.8858318812381553,-0.0649228829389183,0.4235197095096943,-0.9016377183050683,0.06976223334467174,0.4403705233490451,0.11456873511832451,0.0941134165897274,3.2833091986977014,0.05659798824043928,1.0666635890956802,0.6817551873268867,0.06293017153408814,0.828546576607221,0.03794499246804996,0.1501511249331843,0.12316147529034452,0.3720671558384761,0.10559599591816901,0.17586860391661402,0.3920307109188979,0.5136974585742748,0.1401749356139754,0.1972884979833811,0.09101511249331844,0.9964526944943874,0.0013606103309198698,0.9464502648330823,0.9340589921764906,0.0008746780698770592,0.3117741386850673,0.014675154283492881,0.10403809708926576,0.05646532873317459,0.0757082462704699,0.1393167792409738,0.19417853151270714,0.33402983624082805,0.23903007920695854,0.009427085864230526,0.12400991301812528,7.597231785799138,10.19323504686704,15.386747337724797,0.040096722143651224,0.045497504103209074,0.04730280964942122,0.039390731301492656,0.0379348162597793,0.022868609550581218,0.03676499358924223,0.038185616246311546,0.021482064998567613,0.03689402912608965,0.0402846537384625,0.22110224142375676,0.2886645261107323,0.8282670416780473,0.14934995785534783,0.34613975249139106,0.37657628683609046,0.1276313877801126,0.42956125343114,0.17221033573584973,0.3742181423943006,0.19128137954042346,0.3407371579775697,0.19268675031061921,0.3960415802209956,0.44372358831795355,0.5018442787010465,0.22716933722851382,0.39796160923301493,0.28763758824321206,0.059454973729376526,0.03686224491457502,0.22513245869895224,0.24818498030423697,0.029562737973109633,0.4632293733533254,0.12025180585936904,0.3053173778885422,0.23082370851175255,0.2645371585743695,0.34628520217281933,0.39557658338274665,0.4716616531157843,0.42650151197987785,0.09663679274700426,0.3296008699938937,0.12944406647876372,0.2315774127709204,1.4956118184468852,0.003329283701039945,0.0020171056468072696,0.0013347264068422594,0.01585924662260666,0.007582054184080085,0.00447900879580134,0.014675678491592965,0.00902581752356886,0.004716994314316259,0.01225867431237244,0.008029108756924872,0.02711730974827486,0.02170813490135096,0.07279424628243755,0.015009719117504131,0.03736174555350374,0.09685003401691127,0.011903489163183982,0.056961803868208774,0.0027339877539119452,0.01999854213237438,0.04258722907959958,0.05603848770531636,0.029715229857128975,0.02374914957721839,0.06713869180678395,0.06498104772086694,0.04122266498201964,0.028331227524540772,0.012926426280493732,0.0005831470502478375,0.00029157352512391874,0.004470794051900088,0.01525901448148508,0.0001943823500826125,0.017154242394790555,0.0018466323257848188,0.008115463115949071,0.012926426280493732,0.007872485178345805,0.01598794829429488,0.02225677908445913,0.03144134512586257,0.025415492273301584,0.0010691029254543687,0.022645543784624356
601,37.076069386018816,-58.656577019426194,488.73106773172003,0.2557292149170487,0.05869126057569598,0.03523746277827669,0.03961593231554567,0.45067104367348865,-0.8659193349718769,-0.2062258867514298,0.4498778982842558,-0.8384483088812213,-0.09589076901261993,0.47841849033416833,0.316252304201919,0.15296686675804697,1.0240605946022592,0.08488916197948669,0.8308588174126764,1.655048919979203,0.08489010729309449,0.6989677175402941,0.38039655905846764,1.0814477477903295,0.2828487025570733,0.5495481400954766,0.1228581556931512,0.11787635298010114,0.4662943706574656,0.4022210143215012,0.17908919033889495,0.18962990972255045,0.17625372217233068,0.943990168738479,0.034882072127428276,0.7684926974523798,0.7652313655055064,0.02627971829654488,0.8485134943517512,0.8165146287280806,0.9026326983976934,0.16604433520820533,0.24162215815096658,0.0558680342203526,0.7398496951363615,0.24970458949756583,0.19894124875927588,0.024010965637850358,0.2561327220305336,25.705495212399114,26.823247122299488,40.97959349552138,0.09890987723731266,0.12180176455398009,0.11869150089820885,0.08647354906458557,0.08925432154761792,0.11770786509933802,0.10944681645801903,0.09619288609079295,0.12100861500052525,0.10559645449040621,0.10049650627284042,0.5339210465311329,0.5044963488226184,0.3561573062126529,0.2783928928900517,0.3596600419540492,0.5767043953799782,0.18942400944818422,0.37872218102759836,0.3329362523965302,0.5610351372221024,0.5754342942460535,0.541607660597186,0.2641527074109446,0.3199962986452578,0.5702737680090793,0.5541411048486466,0.3613862035571804,0.3920174367815424,0.3810448928186142,0.22994614423217108,0.18348543391965613,0.42180573837772506,0.42386414632850394,0.15996969789915488,0.3585309191608156,0.3870730827745869,0.29646427172917306,0.372129223943069,0.4280765728887818,0.22967213632437433,0.43872681875967745,0.43285224179808623,0.3992131774975638,0.1530867298757795,0.43650630766637877,0.3789799584042352,0.4485536018150879,2.072480620155039,0.005250567214974476,0.003623085649461146,0.0027934392134619022,0.02070765759122707,0.01685671492720741,0.010674346048402346,0.0233019678105502,0.017601999858196254,0.012677886226129705,0.019002505199470596,0.016401210058612215,0.03316978634902628,0.03134382681036113,0.06216959727736812,0.020452353942144074,0.03400028360748723,0.10612166761202495,0.014412932501418039,0.052100113442994894,0.02598411798071469,0.066405747778408,0.03936282851200605,0.06534363773870297,0.02725609756097561,0.02301332955190017,0.0730204197390811,0.07116231801852903,0.04136131593874078,0.014889393079977312,0.012809604840234448,0.005624881830213651,0.008697296275288334,0.010493477027793534,0.03767252788806958,0.006239364719228588,0.009028171677065608,0.0069483834373227455,0.008933635847986387,0.012478729438457176,0.02108148988466629,0.010493477027793534,0.03157496691245982,0.0220268481754585,0.018339950841368878,0.0016071090943467574,0.02949517867271696
602,58.78944422700587,-24.772093933463797,508.16791780821916,0.30017385518591,0.057187827788649705,0.04606160469667317,0.04569784481409001,0.45917709240704496,-0.8772965957338552,-0.19229420673189823,0.4673481165949119,-0.8534126368297457,-0.08385608610567512,0.4895322113502935,0.25452837573385517,0.16055342465753425,0.2806508806262231,0.07125909980430528,0.49473816046966734,0.6506035225048924,0.04988493150684931,1.4866622309197652,1.0238297455968688,1.905219178082192,0.138186301369863,0.4214313111545988,0.11099882583170256,0.1156215264187867,0.7984031311154598,0.5741076320939335,0.3188125244618395,0.20031311154598827,0.2070450097847358,0.2724853228962818,0.04207436399217221,0.07350293542074364,0.6852446183953034,0.021056751467710372,0.9327592954990215,0.846692759295499,0.9921722113502935,0.03522504892367906,0.2324853228962818,0.09557729941291584,0.9209784735812133,0.38,0.34829745596868883,0.0070450097847358124,0.305440313111546,17.837236069820502,12.415811797749898,12.134300937271465,0.05111330198797575,0.07248888767076435,0.05081474475619842,0.06871438367127765,0.060387456546444694,0.06745370207261692,0.056934208201899886,0.06238020723128807,0.06828059105688351,0.05936531371408149,0.0692014399331406,0.5781803008145749,0.4732118718890409,0.2875491116291276,0.19903247467675525,0.5118546758006809,0.4352138779516648,0.12129196446350558,0.5041161721238313,0.6407890002603325,0.510394039277356,0.2868493290953744,0.3502678899049339,0.20719508186204427,0.2554984506843338,0.9558886802951094,0.6534557005473415,0.5614492777436133,0.400242474900073,0.4051960015700544,0.4452469323819804,0.20076276898095793,0.26096536050136887,0.46442746833788817,0.14357636122364223,0.250443301020401,0.3602904540053753,0.08812955440498241,0.18435176975422649,0.42242500115397075,0.29401643260499527,0.2697776367908899,0.48539594301556355,0.4764401562500538,0.08364001090551584,0.4606026831812931,0.48665309796860934,0.669795295314885,1.6423304238913463,0.005879212493639674,0.004694782574660456,0.0032850600806293784,0.017509838506399464,0.011460290109201927,0.0072001978942424355,0.013572086539590592,0.011944235312536697,0.00789313237308701,0.012431210614896866,0.0119598810129555,0.0463888997612431,0.0296974441269717,0.0465317624955967,0.02223178989392931,0.03936709851657599,0.09083016947825748,0.014351246624134019,0.06923676073427533,0.041803593095620185,0.07967200281811421,0.03217307918118126,0.06139066108262555,0.031661513170769894,0.022187561156992445,0.11648479392539826,0.08288543582919097,0.07479744804101923,0.026889506438608164,0.022192649418763945,0.031077537281302595,0.011585580648949078,0.005792790324474539,0.038357665662061134,0.003874907041371482,0.009393714039688441,0.013464323456886767,0.0004696857019844221,0.008062937884065913,0.030999256330971857,0.017456651923754354,0.019178832831030567,0.025049904105835845,0.026067556460135425,0.0007828095033073702,0.03287799913890955
603,-9.530809068937737,-38.67510645643918,497.0927678674185,0.3105867878927379,0.012051743583841638,0.057982253423869264,0.12317121397168834,0.4968590678789274,-0.8424011799516631,-0.11293730845897111,0.4834286963056738,-0.8516758443549315,0.006108182759811256,0.5219989642076189,0.3470422373115433,0.21187064104039594,0.5309414201864426,0.052902290252042815,0.49561767752330527,0.35278927379445274,0.09818391069167912,1.3479477500287722,0.38474070664057997,1.543733225917827,0.20901576706180228,0.7248854873978594,0.17036805155944298,0.26397537115893654,0.8405609391184258,0.5821585913223616,0.3201592818506157,0.19258833007250548,0.1878697203360571,0.26564621935780874,0.05061572102658534,0.16662446771780412,0.07947980204856715,0.20128898607434687,0.8915180112786282,0.21406375877546324,0.9668086085855679,0.14943031419035563,0.230935665784325,0.07110139256531246,0.249303717343768,0.44886638278282887,0.37106686615260676,0.017240188744389456,0.44430889630567383,24.632979275511452,29.838092959289597,30.95963926042464,0.12475497594863234,0.09579413566390568,0.10146307131717797,0.07664232254687274,0.10293185576265707,0.08280623741259621,0.07940114860837728,0.10212038561103365,0.08039101664826376,0.0829969126751381,0.11522238727942458,0.6313711585190349,0.524761323787694,0.4920120956002807,0.1458599988511294,0.507239731341704,0.5629580661732161,0.20643875049362156,0.5828271588041586,0.4956724054319565,0.6506188509709675,0.3696586737576861,0.7258860197418933,0.3450186713700229,0.6107108032036584,0.8872851739843424,0.6492478307793195,0.5061559014379936,0.39433696817365255,0.39061259644600976,0.4416817811933934,0.2192142238082981,0.37264453677945664,0.27048927369757947,0.4009681169687545,0.3109917571456888,0.41017598483684,0.17913810760444449,0.3565162282664121,0.4214362017855585,0.2569970910267119,0.43261493471500106,0.49738420515787496,0.4830958692465181,0.1301666417787477,0.49689454023271695,0.9360993462848725,0.9859013902955529,1.9245718626277504,0.008853328422797164,0.006009391400423532,0.004363893748273639,0.01883745290488905,0.014342712710615966,0.00981063509345364,0.01775480890341589,0.016451253291593776,0.009921944204032779,0.015654175490286346,0.01495124758309548,0.04062241045944203,0.030954332013626736,0.05282639720099438,0.01724265721388454,0.04706656845594328,0.05551054230733819,0.018954055795967227,0.07518460546910966,0.03765721388454102,0.089678896970813,0.036234232575269316,0.07052274192063347,0.03066016020624252,0.03517148513028266,0.1358983979375748,0.10185434122088208,0.06361707025135807,0.012176595156983704,0.011992450050639904,0.026724058558143818,0.01173925052941718,0.017217567443145197,0.010910597550870085,0.02209741276125587,0.010220053402080839,0.019749562655372435,0.005478316913728017,0.013764846699198969,0.020440106804161678,0.010496271061596538,0.02626369579228432,0.030199797440383022,0.037565601694134976,0.0021176687229536874,0.02923303563207808
604,36.10836342395922,-58.09254460492779,569.9647249362787,0.42615139124893797,0.028738423959218353,-0.052092183517417165,0.07610243330501273,0.4749764009664401,-0.8331794702633815,-0.14807921739592184,0.48690949856627014,-0.8159501264337298,-0.04157545666949872,0.5155748725573492,0.35273152081563297,0.16269912914188614,0.2387606202209006,0.08890346219201359,0.4040925021240442,0.680016992353441,0.09468033135089211,0.23193341121495328,0.34295242141036536,0.8103897621070519,0.19251805437553102,0.43268107476635514,0.14183358113848768,0.2716668436703484,0.5570231520815633,0.5620481096006797,0.32401922259983007,0.2776125743415463,0.26566482582837725,0.2812765505522515,0.0651019541206457,0.08570518266779949,0.3786108751062022,0.17411852166525063,0.322589209855565,0.13477060322854714,0.8816376380628717,0.2828695836873407,0.16583474936278675,0.1159197111299915,0.5043011894647409,0.2832412914188615,0.22514868309260833,0.036905267629566696,0.39730246389124896,26.098822289896162,20.5072947451761,29.22009219238861,0.18748261589119955,0.12452492685964976,0.14802665971031567,0.11622146608066575,0.14992116344932682,0.134137850259648,0.11105579738489813,0.1567343131819388,0.13370500322938483,0.12447488742084506,0.16822735008443324,0.6592745191032902,0.42729023831565066,0.40003782631908763,0.25325172773866145,0.5910072233412582,0.7091185819906813,0.21595379213495128,0.41481045436774533,0.5690577792863428,0.5766748580797322,0.3089770804982692,0.47635434107623936,0.3009240708160966,0.6163329665216478,0.6812131748714609,0.5849301405398394,0.566739174735638,0.4478330967822056,0.4416982975206433,0.4496340602688218,0.2467122246486834,0.27993564536303434,0.4850537844767839,0.3792214372759813,0.4674794285283358,0.34148745225732136,0.32304528282011613,0.4504055446768303,0.37194210748825846,0.3201371173662067,0.4999947747405312,0.45058455719496204,0.41769129501651414,0.1885342312096847,0.489352564091306,0.5359832191598959,0.5421698263501673,1.5796665073548932,0.007872816101109873,0.005075726196165896,0.003621900058414316,0.01536286267325155,0.012727568105783018,0.009119972014231852,0.017121839148213053,0.013378093462906908,0.009762121342467208,0.014823641867133981,0.013329509850777972,0.0377154691731719,0.0304715628484945,0.031311666932186295,0.02024427805214805,0.03473049758377144,0.07925973129414264,0.016426105889225218,0.036538686208910834,0.028082417290637776,0.07269874143699219,0.035092666348043124,0.056747915670968076,0.029027136105358186,0.03125484573309968,0.07420423769316553,0.06412458180659551,0.057558281557007054,0.0154532419945834,0.01582496946524348,0.017311879347883807,0.0060538473793213315,0.007115925866921565,0.023153311029685094,0.011948382985502628,0.02214433646646487,0.01072699272476236,0.00945249853964208,0.017418087196643832,0.02304710318092507,0.012744941851202804,0.02708300143380596,0.017524295045403857,0.0195422441718443,0.004460729647920982,0.02495884445860549
605,23.401623470270717,-31.918900655156776,509.576958259508,0.20862161605340143,0.01725299765132473,0.043328814537063734,-0.0032619584655321577,0.36524750871482137,-0.9163392691499443,-0.07381282104742674,0.3633083298446578,-0.9166245040586756,-0.04185640117021715,0.37551901602867854,0.26964605051712065,0.11793440191190407,0.5183991923853475,0.0578746549095554,1.0514228027524826,0.898568132185092,0.049933248176686304,1.6193852239482467,0.46449874325270923,0.13957517821088633,0.192672133174008,0.4911273641270757,0.16744447649264496,0.12784045490131446,0.6143429889983106,0.5224689933660225,0.15615064485557706,0.19918414438172155,0.2239070419053113,0.004779760187894022,0.20717788124768222,0.3323993572046644,0.013638798467180354,0.008076146524372656,0.9892043347480325,0.10445424203716676,0.22209402942024806,0.14223907041905312,0.2127817380196959,0.1840619720631258,0.517038196876674,0.2719930775886934,0.21826198030409164,0.01734723309571882,0.24005933495405662,8.538433301948418,12.480622264244195,12.366347213017022,0.05255919778974762,0.06443127357200135,0.047272198915864996,0.08414601876906759,0.08327050244987251,0.07910934590990704,0.06757515265898036,0.07103087454747274,0.07818648271361438,0.06663253916822219,0.07241565132303761,0.528222832979848,0.30791449793818293,0.27072399776565254,0.17485167307722335,0.4026795945726048,0.446971704444081,0.10476796511738608,0.3480590313680245,0.40484082642753694,0.27384968669304016,0.3133295130081847,0.4425977618280913,0.2996635596592889,0.2541959012566204,0.7565586271800582,0.5743372449078258,0.298007267833047,0.39939503483947575,0.41686909103346215,0.06897180653245862,0.40529245632749133,0.47108297430074103,0.11598851661249046,0.08950560029391988,0.10334195137083381,0.30585520751263734,0.41566259237103875,0.34930236866493214,0.4092829978289942,0.38754270865270163,0.49971991106695385,0.4449955086898826,0.41307471366270265,0.1305641950105457,0.42712804637163604,0.24260754903576726,0.3197585297511126,2.5183533871765285,0.005236731498269326,0.003204590407120487,0.0018828498434151969,0.02646264653041041,0.023380414372836656,0.009648419564859075,0.019799986813911322,0.01989095397230921,0.008539545615625515,0.016946719960441736,0.019682874567331466,0.027480632932256468,0.019940250535684854,0.04167298500082413,0.015237349596176033,0.03577179825284325,0.08338470413713533,0.011364348112741056,0.05256840283500907,0.02862452612493819,0.025649414867314983,0.03371188396241965,0.056761166968847865,0.02524311850997198,0.01648549530245591,0.08231498269325861,0.06400609856601286,0.03119169276413384,0.007334761826273282,0.009642327344651393,0.0008241305422778968,0.025300807647931432,0.024229437942970167,0.002101532882808637,0.001813087193011373,0.0016482610845557936,0.008406131531234548,0.019737926487555627,0.014010219218724246,0.03123454755233229,0.014339871435635405,0.03457227624855777,0.023652546563375638,0.024394264051425744,0.0014834349761002142,0.026124938190209328
606,38.053835012594455,-41.383476070528964,510.3219647355164,0.26935686397984887,-0.02132115869017632,-0.006516939546599497,0.0379811064231738,0.37105939452141057,-0.8932826087531486,-0.08239021889168766,0.38498101857682615,-0.8856350948992444,-0.024478652392947095,0.39317588161209066,0.379595717884131,0.177338161209068,1.3259722921914356,0.19751196473551638,0.17832430730478588,0.32108690176322424,0.10070843828715366,0.6286253148614609,0.2945774559193955,1.6287619647355163,0.515205289672544,0.8516265743073047,0.2587229219143577,0.266323677581864,0.48749433249370283,0.5610944584382872,0.3396316120906801,0.2587531486146096,0.1663727959697733,0.186272040302267,0.6287783375314862,0.01397984886649874,0.7272040302267002,0.07021410579345089,0.19748110831234256,0.1679471032745592,0.7579974811083123,0.42034005037783373,0.41983627204030227,0.13060453400503777,0.22103274559193956,0.25698992443324936,0.28828715365239294,0.007493702770780856,0.4170654911838791,18.407192821187493,18.464476447814736,39.58106208805656,0.10146710024563568,0.15875976828962238,0.14690672022609677,0.11176669273335375,0.10010657480039985,0.13760260519672574,0.10446396334214997,0.09686696114115148,0.13742246939180924,0.1080150539976569,0.10139528254704355,0.6650045565064422,0.4310496230975406,0.8543396953912084,0.5179170909404333,0.30893605014530817,0.48085139504277163,0.22786549967415243,0.5525879031258116,0.3587113479437201,0.7921038246729061,1.0660397583901886,0.8369112542457549,0.6183881249618316,0.6191297672036645,0.6495246800060778,0.6838586918302946,0.5490243678257198,0.4379635093705334,0.37242666807052577,0.3893383013724006,0.4831468094251659,0.11741073538178946,0.44541084604384734,0.25551555038486956,0.3981109151927391,0.37383107700335455,0.42830929471170615,0.4936290478301807,0.49354748108423485,0.33697795249371915,0.41495555671452217,0.43698756074292155,0.4529796816781874,0.08624393067605032,0.4930894220654072,0.41415076516153404,0.43078909251212294,2.120945903394421,0.007734932930285283,0.00595824674097865,0.004319793437873921,0.01901943604761005,0.018450726808993012,0.010242853265318975,0.017861736066502928,0.017404667044524213,0.010124498268152907,0.014560929529567354,0.01756911644310095,0.04767176774356068,0.030852068770073685,0.07002141192770327,0.02639083065684237,0.018193840921972414,0.048132753951760185,0.016936834813275396,0.05440204043075761,0.024671578814786824,0.0855570250015744,0.06829019459663706,0.06898482272183386,0.038904213111656906,0.03253227533219975,0.06351029661817495,0.07265130045972669,0.07608980414383777,0.011587631462938472,0.008627747339253101,0.011209773915233957,0.03608539580578122,0.0016373827067195667,0.018955853643176524,0.005667863215567731,0.012847156621953524,0.008942628629006865,0.012406322816298256,0.017759304742112222,0.02235657157251716,0.011083821399332451,0.024182883053088987,0.01599596951949115,0.014673468102525348,0.0015114301908180617,0.03457396561496316
607,-8071.963185125981,-6113.005342194927,13198.164594287638,0.3053603247381483,0.08325301812981113,0.0005131031001556367,-0.003841977537542587,0.44212893988979096,-0.8771808447398309,-0.21739565687965337,0.42819250039961293,-0.8566231754932065,-0.12610141757455937,0.46170672611786484,0.17710175409077525,0.10874858032221427,0.08765237874900098,0.063568754469356,0.3075312329112859,0.5519946998695999,0.09358347705380055,1.3233273040844655,1.0566117023514072,1.4982711479409414,0.1717317965759475,0.5002565936146048,0.08374037773945232,0.1496294115172675,0.820105161317461,0.6277571194211921,0.33024271232069996,0.19656753459807344,0.16022378328355696,0.017162327009632775,0.06772388844487444,0.0467336894796618,0.3008034324654019,0.025449038825558407,0.8947124889580617,0.5528961426828756,0.9578513439616372,0.22062844403314685,0.3502292516720649,0.09737937996887225,0.41685946241534516,0.36915828881504226,0.3442140243132966,0.01097884154292685,0.5296344592605056,361489.96282708785,271116.1460786516,564814.9261787273,0.08950705145725103,0.09669907166936748,0.15937236332618834,0.08191028120856311,0.1071832774436848,0.09463861827351779,0.08930949771090164,0.10415076086398405,0.09410904396314078,0.09564338412860089,0.11758267974669212,0.3896514765974298,0.2825574794414912,0.19008005071469958,0.20439430748543058,0.38025765772066716,0.3945428908066012,0.21490466677029993,0.47035476290634637,0.652050254532966,0.438685555953655,0.33132789814137725,0.5523758908582053,0.1653485406532449,0.33396809629849744,0.9160864179401206,0.7653860632026467,0.5318529837398147,0.39741084838896956,0.36682118622468474,0.12987875540808114,0.2512767783417767,0.21107232359107583,0.45861702421139117,0.1574878679480924,0.3069299819045502,0.4972045826033852,0.20093243924071091,0.41467911338864943,0.47705167007214,0.2964799045663945,0.49304956830654706,0.48258703156226573,0.47512127445012,0.10420539021588988,0.49913152420555984,677.3499621403331,508.0491670873296,1059.1145170789166,0.005809523809523809,0.003928024566717146,0.002887346458017836,0.012438069956251048,0.01114372656907286,0.006729855376072691,0.012057768214706378,0.011942183072522296,0.007372850622581188,0.01052065455157328,0.01184801447080599,0.02750462729261316,0.019974339559145213,0.018223960962476863,0.015228840652868923,0.0261299007235403,0.07634528016153458,0.01262367491166078,0.05237674575130406,0.03452843681642268,0.06274692916035672,0.03263208817095743,0.0588221436984688,0.021636378933198728,0.017576981322564363,0.07705788322396095,0.06845027763755679,0.04070418980312974,0.014470805990240618,0.013461214874642436,0.0014302540804307588,0.011526165236412587,0.004459027427225307,0.03558808682483594,0.002944640753828033,0.006267878176005385,0.015816927477704863,0.0041645633518425035,0.017205115261652363,0.030750462729261317,0.011778563015312132,0.04463234056873633,0.019855291940097594,0.017331314151102138,0.000757193336698637,0.017751977115934712
608,40.43386856042368,-29.61521184400578,465.0271665864227,0.5137377708233029,0.09831456427539717,0.02513818006740491,0.03449244369282619,0.5033893896726047,-0.794009548025999,-0.23659956961964373,0.4939056758064516,-0.7563084011314395,-0.12569723158401538,0.5463745064997592,0.7227855079441502,0.28643090996629755,0.5704561868078959,0.07698700048146363,1.9459415021665862,1.3635442946557537,0.24106186807896007,1.9787041405873855,1.3884292248435244,1.372491333654309,0.2914978334135773,0.7882575830524796,0.2540223880597015,0.29580621088107856,0.7239915743861338,0.6431559942224362,0.2925541646605681,0.3052961001444391,0.3615310544053924,0.23115069812229178,0.03733750601829562,0.6385170919595571,0.6141791044776119,0.4330765527202696,0.7344487241213289,0.4082089552238806,0.7237602311025517,0.18310062590274434,0.2091478093403948,0.12140105922002889,0.5673326913818006,0.4247953779489649,0.34619643716899373,0.04046701974000963,0.4578719306692345,20.58721604449822,47.43493444744943,52.737166549847714,0.3048893628731443,0.14349790194695633,0.09501981822174481,0.10410046770191285,0.16612165729227918,0.18311729221195078,0.13398783991336283,0.1807655207530941,0.18561748998115518,0.1330706719325573,0.19403592557225655,1.163164872861864,0.6673564829133652,0.6354823607622744,0.21145877807315747,0.8336674270315242,1.0315785874039867,0.5288000672144896,0.8978388171653099,0.6573412970090595,0.9245224145897161,0.5439833494817391,0.7006951678765004,0.5339781779776616,0.599200388808792,0.7996886544937574,0.6788273941861233,0.4817265045832224,0.46053826897937145,0.48044969347950767,0.4215736368301978,0.18958977281466255,0.4804358144151729,0.4867944501478089,0.4955069755555706,0.4416316235903261,0.4915081074648326,0.4471422280180877,0.3867536522447615,0.4067050345265635,0.3265967082141148,0.4954515293836787,0.49431786039739145,0.4757624544068908,0.19705424335461988,0.4982280617241932,0.43900671657959983,0.4861720311033005,2.462716964780086,0.013399913334456776,0.005529044993861191,0.004503358289799947,0.023048201377019184,0.026840518019210863,0.024511753147644384,0.023280833650304533,0.02636495442836852,0.0253149635041768,0.020987818676424564,0.027814222778593616,0.061574424035243984,0.03880305255302246,0.05359589783095404,0.020629769614097595,0.055314282962998625,0.11172608873588676,0.02140542622595633,0.07325429114807772,0.05094633958448686,0.071734033077349,0.039459303305327514,0.07142853703748285,0.02897782806519175,0.03623269698355762,0.08692939165603408,0.059540672620910465,0.057316257011483185,0.011555405763258624,0.011892438431353668,0.02373672933869376,0.005705481595608946,0.014420183442066492,0.019379378415464985,0.01222947109944871,0.013288716627747417,0.0212812056140013,0.011796143383326513,0.01044801271094634,0.02022196008570259,0.0062351043597582995,0.014612773538120802,0.02864777678807867,0.019547894749512507,0.005199932593466381,0.025566335251209705
609,10.218671376874031,-9.051924292032856,529.1745160549142,0.007655321959905794,0.028592308576023896,0.0034228847148026816,0.0669285357286461,0.2434856639094721,-0.9504386141363662,-0.08305009638692631,0.23064268056752252,-0.9490243263254639,-0.008821299327933827,0.2424376184732035,0.23434028376127294,0.1751849618013671,0.28705899247515654,0.09201591131024184,2.242191682463094,2.498900855879143,0.06793870986271468,1.7572519960939743,1.309686656327187,0.7344014590154517,0.23677752886438047,0.5826902751450398,0.2818777643747487,0.2341234418978689,0.7724613705554598,0.5408130851858234,0.3021405594807283,0.1900740996036533,0.18651272330403815,0.12114423574013441,0.04084094433913493,0.9761330346372566,0.9097018783387902,0.027227296226089954,0.9634958929289448,0.5689011430869091,0.6641105175483946,0.3172496984318456,0.4324774541903613,0.3706990637026825,0.37471997242805444,0.30306163478660464,0.2926072721006376,0.062008156700557183,0.3347406513872135,20.70601924310722,17.852191069146407,45.606637601206465,0.08983249875857124,0.14635273174889346,0.15015709894201154,0.09950238178739824,0.05958207410558433,0.09798179170038815,0.11807655302986794,0.07399287865951916,0.0999602947836358,0.10984540232210753,0.0679308947153404,0.43218563623720707,0.446232097950571,0.32892836907591855,0.26910921954124895,0.5228392183327271,0.7044883622840727,0.15941065682522712,0.6774356704094043,0.5070457216069059,0.6452311151948424,0.5422608600112923,0.46706015739213963,0.6022158829382018,0.4561139206293966,0.8361197637386967,0.5572090728047301,0.5416664983195463,0.39236508233709166,0.38952546149840467,0.3262995063242582,0.19792444698620665,0.15263683193731545,0.2866125088050383,0.1627474463264467,0.18754350807592438,0.4952369902679672,0.47230725687073144,0.46541223495138967,0.49542684147861454,0.4829989317629367,0.4840574803718213,0.4595882360854798,0.45496615417939623,0.24117382889065264,0.4719064988860434,0.43035586064278947,0.40263664301921476,1.7973576126604818,0.006304391532871873,0.006604245052704139,0.004713530746474423,0.01529866691558721,0.01391191274377459,0.005826604187609501,0.017136327368814083,0.015369892322715913,0.006339586380216562,0.012640549157020994,0.013201826693856448,0.032511129620587643,0.029015136283999193,0.03357813711692564,0.020211965419191773,0.04322285090616653,0.10336157624149121,0.016047907631329524,0.07251859723698194,0.046012867277479386,0.07232846023494269,0.053841514202831946,0.07058706953499727,0.04555131114110923,0.024703449464342133,0.10732487003475315,0.08717925151506449,0.06403136398885602,0.018152052158428356,0.015222448803745297,0.014446965562799782,0.007582502800356148,0.0012063072636930236,0.009650458109544189,0.0025275009334520494,0.0039061378062440763,0.022718786799551943,0.02679725421489502,0.02625154378608151,0.026308986989114512,0.03624666111382371,0.03035873280294109,0.03211075049544763,0.029525806358962577,0.0035614785880460696,0.030042795186259585
612,30.301903082405673,-55.444310959256406,524.3146258128513,0.3250599581174915,0.06097329071604393,-0.027843087549138466,0.06576273070281788,0.4874014729049561,-0.8527188799000698,-0.10736775855101215,0.49087669866637273,-0.8459024605238987,-0.02538818472390609,0.5170245416804439,0.27484147103126494,0.1625577721444579,0.036482604063338114,0.06628788713766119,1.7624413093794775,1.5128924648223667,0.06882361585657078,1.337518277673684,0.8317091002608471,1.0437198280612807,0.1854792608104633,0.47901576104926696,0.11730078254160696,0.21199125610786584,0.8317293067342666,0.6034163635695654,0.39716888937874273,0.06275028472758,0.0932436900694368,0.150666813622837,0.007164113303207318,0.9332084205885595,0.7805944377089533,0.12759469488225136,0.9356331973988757,0.7660457768470553,0.8141004445424153,0.11837319519453324,0.12190014328226606,0.2937653844740806,0.39207906241963336,0.3690804217642088,0.28314780116830157,0.013226055328998126,0.45122892097431944,22.825450304938,22.36543075169659,40.92882940691997,0.09415589781765044,0.1233788158124566,0.09938709203785774,0.08444685972995102,0.07613848245683529,0.09000962568903124,0.09283406291526104,0.07084873446371669,0.0914771981081238,0.09644093724792141,0.07868078368598352,0.5806659297720276,0.45617248929758236,0.14542672550123004,0.22669512565441463,0.5217029645395435,0.45390395046393783,0.15017526344290366,0.41022652974202567,0.3990306284634049,0.5832330269605549,0.4440686667468621,0.576597492146011,0.35941108972371816,0.5287279655820479,0.9323616466754626,0.681145368384773,0.6189861327687243,0.24251772573446467,0.2907789722559931,0.3577303823113113,0.08433890033932918,0.24966528468490598,0.41385148777643976,0.3336440894886949,0.2454097185667594,0.42335118899315693,0.3890327377774999,0.323055438148783,0.3271764524837703,0.4554941336484705,0.48822313384054006,0.48256462717932186,0.4505358823085497,0.11424362692498424,0.4976248381635751,0.5249283562348446,0.49515761628334193,1.3715666103313982,0.006280365934308178,0.0036308325372914983,0.00383286795502976,0.014436748622235285,0.00914726666176795,0.006286088764788008,0.012399409251230804,0.00891319667132045,0.006416302777573665,0.011726871922992137,0.008884047321625397,0.031938790506282615,0.02777867587625836,0.007980748034389007,0.01871922992137556,0.03967448012344772,0.09451833345580132,0.013194209714159747,0.05826879271070615,0.03545153942244103,0.07647071790726725,0.03405687412741568,0.05963186126827835,0.024961422587993245,0.020569476082004556,0.08601954588875008,0.07155264898229112,0.05577999853038432,0.00683371298405467,0.007017414945991623,0.01627599382761408,0.001469615695495628,0.004666029833198619,0.022007495040047027,0.012418252626938056,0.007568520831802483,0.02263208171063267,0.018664119332794476,0.0041884047321625395,0.018039532662208833,0.02626938055698435,0.04519068263649056,0.01690058049819972,0.020795062091263136,0.0013961349107208464,0.019839811889190977
615,41.215880609998095,-83.62448147443389,602.0409465300241,0.3605565553048631,0.1355261641340691,-0.11133916872808329,-0.027495852121673412,0.47342452350014946,-0.8593099272569115,-0.12962201804985457,0.49135880085356237,-0.8398351884904995,-0.09155163508848234,0.5091455405442139,0.19074183814934623,0.11163835050425422,0.2230967461331449,0.06626090738576128,1.2452880093511296,1.027411041944165,0.055368200723081525,1.0492568026748579,0.23838421181395603,1.8025905890667897,0.14425367657052762,0.3501742463370212,0.1470516758637562,0.17340826922554164,0.5801035691956399,0.7182559056188327,0.29680811156114933,0.1312963818740316,0.1730502623209286,0.0662190447712507,0.11523092396770598,0.4921303721423329,0.1404844102536222,0.0021746812732758854,0.8878136298148802,0.0976703726860032,0.9612363063038574,0.132139070867426,0.1265392665887406,0.0976160056541713,0.6167396091010411,0.4184086769782804,0.4021529344605431,0.0022290483051077828,0.2212466360399054,15.213485958829626,20.934479338194674,44.47703453097894,0.12862508512503618,0.11933464047503445,0.14216378899694343,0.07802442371025044,0.0730316073171139,0.10581952950428258,0.07138867723296491,0.07716332997295436,0.10635102102336132,0.08085069948872568,0.081431333377039,0.39668736688757694,0.31189412779508735,0.26679537099683387,0.2116412363755219,0.4436659220974897,0.5579607111238138,0.11611522647631156,0.5430728460878144,0.37001915917065753,0.5266760137571572,0.24425474662887964,0.3230614822853644,0.264593708352659,0.36773537572883275,0.6617244314824464,0.7556432591780856,0.5493442661229774,0.33772880030126884,0.37829586199645665,0.2486679790288201,0.31930475981273837,0.4999448602972236,0.3474936304283595,0.0465833771120602,0.3155998987603937,0.2968724755807108,0.1930338899300806,0.3386465033966741,0.33246065210232617,0.2967987797769909,0.4861875042203814,0.49330464330031704,0.49033915565220254,0.04716078994996514,0.415091852286382,0.5665253085412928,0.8216142010547489,2.773718262382429,0.009006388299896698,0.005336405154134725,0.005924509324199423,0.016058458462458538,0.010740298401565816,0.0066144743652476485,0.014276781166748218,0.009655227233186542,0.006779086282824988,0.012650138639699887,0.009959522644484317,0.03043630729081716,0.02459631381503833,0.03562116022399826,0.01765997933996629,0.03924808351003099,0.09868591311912141,0.013463274071657698,0.07717773065840265,0.023797640406676455,0.07403359973903116,0.03828875115533084,0.05628989289403577,0.02813461643016365,0.023594302180177242,0.09256429076279019,0.08623552438427663,0.054927961724569124,0.014135812537378351,0.021149350296308378,0.00782906540531724,0.01979013755232969,0.022127983471973034,0.018322187788832708,0.0005980536073506226,0.010900886206709074,0.008372750502908715,0.003153373566030555,0.009813516011526123,0.02870657315282988,0.013809601478823465,0.025118251508726146,0.024520197901375523,0.028217256564997552,0.0002718425487957375,0.021475561354863264
617,17.833217663302463,-28.115796290413236,510.83312235771365,0.38681513159502456,-0.03122215977126658,0.04387893746487133,0.05759094858385668,0.5034085902837175,-0.8254485478116371,-0.09440492045648932,0.48897411761687154,-0.8298320750959165,-0.022506488111238728,0.5269548642506292,0.284609124899196,0.19846167004716403,0.34827081449622443,0.07217321179834314,0.6990611177634956,1.0757114928765181,0.09965836612008502,0.8389037413552943,0.4272608196280638,1.1147430414701498,0.1881014637960949,0.4657613450306689,0.14344541922240414,0.22790963075193663,0.7360563036093937,0.7135179980938882,0.3992905842965715,0.21380220424720803,0.21407101488233427,0.04068815522592312,0.22316170181569364,0.04049265658219496,0.37582170523691993,0.05449524693922436,0.39351433249431833,0.044793626744214464,0.8432345250604824,0.12915129151291513,0.2008504191002175,0.17795264045355685,0.21111409789594585,0.43911439114391143,0.4015786515481049,0.010117054812932236,0.4836636445834657,23.510712340366187,27.976959732725476,71.40040380411551,0.18031188051241015,0.1978492967302487,0.15002581207174398,0.0731340430332307,0.11668854024882674,0.13769848831143766,0.07336939047416433,0.11946042920771877,0.14051630059901785,0.07909111925401666,0.13039032777240778,0.5509745558697727,0.48935704176372585,0.3878776765370673,0.2054738245558432,0.5857423819640092,0.7491322759755048,0.2492147111177907,0.5862423587330812,0.5007666767540511,0.6462259508464809,0.3464215052563591,0.5087447441442999,0.28886042532055445,0.5274822431681896,0.8178817824868484,0.752157518264962,0.654470305576346,0.40999381641400884,0.41018133431359344,0.19756918567123474,0.41637098029423647,0.19711405538918178,0.4843402561760918,0.22699509725333492,0.48853519319635985,0.20685309612556216,0.36358395352055745,0.33537141198583953,0.40064129937841886,0.3824775459076381,0.4081041602075349,0.49628516149836815,0.4902235315919445,0.10007469586949738,0.4997391584133382,0.34040322580645166,0.5613905180840665,1.33266862170088,0.007705058651026394,0.0033747067448680343,0.0030751466275659818,0.013429442228739003,0.009133240762463345,0.006312072140762463,0.014580429447702834,0.01132058797653959,0.00741195031769306,0.011903519061583578,0.010015811339198436,0.03491837732160313,0.02863269794721408,0.0435772238514174,0.017553763440860216,0.03811852394916912,0.09418866080156403,0.014717986314760508,0.05577761485826002,0.027417644183773217,0.06930816226783969,0.03691837732160312,0.05856500488758553,0.02948142717497557,0.022177908113391983,0.0870366568914956,0.07423704789833822,0.06436265884652982,0.013000977517106549,0.01312316715542522,0.004349951124144672,0.026759530791788857,0.004007820136852395,0.020943304007820136,0.00552297165200391,0.02380254154447703,0.004496578690127077,0.013514173998044965,0.015933528836754644,0.025855327468230695,0.019452590420332354,0.028299120234604104,0.021749755620723364,0.024731182795698924,0.0007820136852394917,0.022238514173998046
618,43.71106994498709,-12.992036226189143,516.2269450993601,0.2994526402454998,0.10314307099285204,-0.04434710527300625,0.06699982916058529,0.4470944239736536,-0.8275332115564537,-0.1678121916470192,0.4449792600202088,-0.8134278302084502,-0.05953377493357284,0.4733270835672318,0.30430335691029525,0.1968724972867782,0.3963695220987239,0.07725159986527451,0.16993862505145765,0.20198009056547286,0.08052019011264548,0.11985105347853747,0.19378466374761427,0.8514853486022231,0.17425358332397742,0.5941645148010928,0.1434557089929269,0.19399910183002134,0.48094270424011076,0.3307117997080948,0.2251315444781258,0.2607686838067438,0.2809026608285618,0.1321806818607088,0.009131394783129373,0.04483365143520078,0.10171775008420343,0.06335840724523782,0.18113094569814003,0.13367763182515624,0.8409864900265709,0.07769170315482204,0.3347180120504472,0.10879083866621758,0.5291718124321695,0.20912391003330713,0.14804835148385165,0.01481980464802964,0.40421391414991953,15.626915960986864,20.232227494527283,48.367785169448496,0.21593341180833142,0.17003990550032644,0.27035976222966696,0.0907976028343551,0.1272394914547669,0.19277542952824855,0.09893147106591199,0.12718459088304102,0.19233946227832419,0.10032477607707382,0.1391279414968455,0.5659019368519154,0.5008544022795888,0.3849724068257142,0.2823663743566638,0.34131353455115204,0.3749102853465745,0.2055405981209758,0.31413965099791447,0.32927073958346736,0.5989668670957587,0.30666406614655156,0.5931156498791047,0.30991729748616387,0.4309323053514788,0.6154508520146058,0.39639165244062585,0.37010061762168295,0.4390621729753503,0.44944845723603954,0.3386934339534393,0.09512282079326143,0.20694249880988672,0.30228243247772074,0.24361104334385678,0.38513384323024263,0.3403119990593317,0.3656955269315429,0.26769083686440226,0.47190062339609806,0.3113824347302415,0.4991576201945162,0.4066906564853067,0.35515455444393623,0.12083345750276395,0.4907484474454757,0.31991392215568865,0.2951160179640719,1.0449139221556882,0.004566504491017964,0.0029874999999999993,0.002275935628742515,0.01223276238772455,0.009288963061377248,0.006706377657185629,0.012157762200598802,0.009446018413173654,0.006651259019461077,0.011259655688622755,0.009786339820359284,0.03156287425149701,0.02633270958083832,0.046452844311377244,0.017425898203592815,0.012888473053892218,0.04059917664670659,0.012354790419161677,0.013923652694610782,0.014308383233532932,0.0597436377245509,0.03132410179640718,0.04881437125748503,0.02539109281437126,0.020098802395209583,0.05201796407185629,0.04937350299401198,0.044501497005988024,0.016729041916167666,0.015232035928143713,0.017365269461077845,0.0012724550898203593,0.0034431137724550897,0.012874251497005988,0.00561377245508982,0.009730538922155689,0.008682634730538923,0.012537425149700599,0.007784431137724551,0.027619760479041917,0.010778443113772455,0.03143712574850299,0.015419161676646706,0.015419161676646706,0.0011976047904191617,0.02440119760479042
619,-7.912544567728685,16.174366068627172,550.2355400895633,0.30122710288371024,0.02736900653184631,-0.0009362788442340054,0.06104799343963033,0.36196485675575457,-0.8992619965201518,-0.0844309906443424,0.3714748561567643,-0.8926158327961436,-0.01278404974471605,0.38097641119256115,0.3589258107761203,0.1324461621837474,0.9057754071707692,0.06724664137596623,0.39054508114892034,0.5723152400239595,0.07523460452380273,0.9436355857269174,0.8718431786417181,2.33643572263898,0.2180992041986366,0.7437422630423002,0.1491454405430845,0.18049915856128243,0.8727758920676573,0.3525699535069454,0.33060355400895636,0.32750506289397874,0.2630423001226504,0.5497304543769075,0.6984511822927065,0.11566216948572407,0.8105479334835562,0.030519980604124475,0.4704925981916198,0.5985624233435066,0.9315439687384124,0.12313528623178072,0.17995379217889843,0.32850338001654356,0.7282295558914972,0.46162183747397245,0.33597649676260016,0.003679511680310334,0.34396303374311876,22.02049661511546,27.467113384326304,73.39783095761076,0.12868683208951023,0.13141302099015362,0.07561227434694218,0.09996911075361453,0.0988780901091545,0.13251248444219796,0.10046330391981,0.10467684420747829,0.1334636458583052,0.10291561368079903,0.10863363068859115,0.6667497398045074,0.368131188726075,0.6769087231404332,0.19490851606205026,0.41736306058348677,0.5237188626417335,0.19901994350733682,0.604143082723875,0.6257595280834193,0.7703868535716248,0.4385758218656596,0.6792947312751634,0.27626921476884003,0.42061222098887247,0.8426719829222904,0.4083844802541219,0.5850034174964491,0.46930989654019306,0.44029146926460233,0.4975278307833804,0.4589369629080604,0.31982393533498693,0.39187288905776824,0.1720155672475235,0.49913567238071727,0.49019618791391617,0.2525304378200068,0.32859712012624065,0.38415444053363124,0.46967563429192344,0.444878539682912,0.498532050793349,0.472337436606417,0.060548141531370246,0.47503568466825696,0.3088310799246963,0.3739916709452907,2.010248730674882,0.009322123338467683,0.004439871070796964,0.0033785726510354268,0.015161358605739063,0.013538687204061841,0.007450802527240573,0.014919901534599806,0.015293489274915853,0.008454443522163273,0.01196231958468823,0.014045267841862058,0.03674482286496663,0.024036453876433342,0.057148154486850365,0.017372354384163385,0.032580865993496494,0.0751192309886474,0.013770323463973987,0.06299418107136745,0.041812139882480455,0.08722574020195105,0.03970848308517314,0.08562696103599748,0.028661075931313826,0.02801243653374408,0.0947555479491129,0.05824861657824177,0.05403103428604027,0.018084317416852073,0.01574533629984597,0.023104569570426153,0.02658451708597182,0.010069028467111643,0.02105083005305494,0.0047635347139026755,0.02378914940954989,0.022419989731302412,0.008214958069484853,0.007844143989959496,0.017970220776998117,0.026470420446117863,0.025785840606994122,0.030349706201152377,0.027269096925095555,0.0005704831992697815,0.022705231330937305
620,42.526819581546604,119.00989725731718,563.3582553889544,0.027504475206492643,0.1663753993150488,0.0544956974702852,-0.09510523213514833,0.10852722980401185,-0.9062494912942125,-0.20339233277693036,0.1302289096612657,-0.8848079955679627,-0.15261677267102194,0.12370964399804299,0.34065761072898376,0.13135378593835437,0.21650876334647592,0.06556479696088871,1.009463550810142,1.4402633320862233,0.10119693786513943,0.47830747978242727,0.3743177828301724,0.9506368895156416,0.26858203585921087,0.743033643192218,0.20357239473911412,0.16922151552652026,0.6326361988085302,0.5620168647653034,0.3516505022016289,0.27052695196707627,0.32241632371139956,0.01864909200794313,0.8352663539298356,0.027139033585633292,0.03962932051687915,0.12285952744121795,0.25987855066624455,0.060926123118542605,0.5577747719227559,0.27734768469220367,0.29993956312775205,0.16435951305148647,0.6382709298644488,0.32972630730710567,0.2422942987883846,0.02083633119405992,0.31432929461536246,30.76868323067591,50.69566304080065,75.88093270574991,0.23983569067884541,0.20249205980904883,0.19341100914114445,0.1370956909498075,0.11368869169135457,0.24431622025160757,0.14698168379851834,0.11841820279901548,0.23808067386335954,0.14362788579397556,0.11669310580168335,0.5593882561656821,0.3164015733498536,0.2772794717073421,0.16541338990614873,0.5202602194328552,0.698513895818947,0.2595857163340218,0.5571144689220909,0.5023260550479789,0.6983210536360913,0.5455446941567949,0.6372831191022047,0.3953040290565401,0.3537295044368226,0.7759503418051225,0.6130997037252551,0.6566425604008966,0.4442384492479861,0.4674080929705609,0.135284256630488,0.3709453221015625,0.16249081916683594,0.1950895507623655,0.3282806200006126,0.43857408179207424,0.23919819664785733,0.4966580058103577,0.44769600713560476,0.4582377819035531,0.37060682179825133,0.48050785090465,0.4701204422473295,0.4284776018331043,0.14283825004903272,0.464254878352647,0.7266246474414321,1.3934237034478787,4.106964830484085,0.01848725033097335,0.010313331030910032,0.007308611063143958,0.028283086542335807,0.02948813500834628,0.011846007597996892,0.02820103301099407,0.03255565443504289,0.014039422264433315,0.021910694756230937,0.02864073562424452,0.04334513325274852,0.024449433028262243,0.042377827663615954,0.02139757094341795,0.05366517009152133,0.11878489610314857,0.020132677142692682,0.0654109825591435,0.03870344787889253,0.0902167155931618,0.053208426869279915,0.07992977608933403,0.03785126345478616,0.03151672134922006,0.08947619869913084,0.0782562021527658,0.06388073447303287,0.018505727277960054,0.018592068151729695,0.001784378057905946,0.012807229609163645,0.0031370517469636794,0.006705807862775571,0.010130662522304726,0.020577908248431476,0.005784838542566051,0.01700915213261958,0.02164277902492373,0.02768664018879871,0.016980371841363036,0.030391987566914178,0.028578829217751685,0.02598860300466241,0.003223392620733322,0.02524031543199217
622,-0.9705206030150754,-7.429222110552764,600.8201889447237,-0.013552522613065325,0.036781105527638185,-0.06606524623115577,0.0968106674572864,0.22750834363819092,-0.9592486553567838,-0.05823513595979898,0.18848980064321605,-0.9704048353366834,0.019880482412060297,0.21156607035175876,0.29472804020100507,0.14142391959798997,0.5441145728643217,0.07001929648241206,0.47070391959798996,1.0587899497487439,0.06767236180904522,0.49244462311557785,0.13422311557788946,1.338163216080402,0.20627095477386934,0.7242725628140703,0.12137969849246232,0.14610010050251254,0.9775417085427135,0.9990335678391961,0.20704522613065326,0.45764824120603015,0.338251256281407,0.17571859296482412,0.01258291457286432,0.09358793969849247,0.48024120603015075,0.018974874371859296,0.3733065326633166,0.04558793969849246,0.6769045226130653,0.1270753768844221,0.24514572864321607,0.09933668341708543,0.303035175879397,0.43047236180904525,0.3924422110552764,0.011537688442211055,0.3671155778894472,11.937582120320688,7.262460819666145,32.86847442404009,0.10867021880951012,0.07807947748929406,0.07951929557531041,0.05616925137943389,0.07296883201182251,0.07298120665563085,0.06073442167881653,0.0727691819414862,0.07420752100556707,0.05166842617436283,0.07672852081660893,0.5292350229754419,0.36534616847275314,0.38804978990004885,0.2164158686502895,0.3896275239199498,0.4657821489400988,0.14112187186565456,0.40154039464157765,0.3611568067102208,0.6194371210398776,0.4054094351064984,0.7038964171795447,0.2251645917557631,0.2733434225076421,1.0498110187177867,1.0321159186628608,0.38614583298368177,0.49821311411091146,0.47312402470533294,0.38058821850129887,0.11146786233971667,0.29126044633488685,0.499619480225306,0.13643891262874908,0.48369222723524713,0.20859393245184538,0.4676682396580478,0.3330640854839484,0.4301822170176009,0.2991195473875824,0.45957953506227156,0.4951522632884488,0.4883041138485645,0.10679432888146563,0.4820280812430703,0.21417142397684327,0.2420358607381201,1.7957948058213398,0.0052814183484763185,0.0033742059982310845,0.001981828415212672,0.018768992642920316,0.011032773458229474,0.0038722763930208242,0.017158351893543457,0.013615239004583097,0.0039417846747607935,0.01298580847471255,0.01056372115461928,0.029587521106376143,0.02619281177132749,0.05210420519417867,0.024231727908659646,0.039111522071239045,0.1154663504060465,0.0146972742622819,0.05557168127361904,0.01222079279569028,0.08051981989225698,0.040719626919675164,0.06574977888558334,0.028900860336093917,0.01925464340274986,0.10546393824877381,0.09164629733858647,0.05472943635925062,0.017126316635844657,0.02440299107501809,0.016804695666157433,0.0036986411514030714,0.009930047439093028,0.03750904558977245,0.0033770201817158478,0.026091501165876014,0.0033368175605049447,0.023237115059901906,0.018573610999437162,0.015839832757095763,0.01431213315108145,0.04466511216531318,0.023960762241698158,0.021066173514513148,0.0005628366969526413,0.025166840878025246
623,29.31255470580434,-4.195608063304008,560.0281110472571,0.511091751027806,0.03562335882586977,-0.016138212280624196,0.016334314243402148,0.4774767581008797,-0.8273670010830645,-0.06432182838954952,0.48091281906193356,-0.8214947900181248,-0.0283253171831484,0.5103915388355952,0.3135738915167322,0.1378948764422439,0.7505110295742893,0.07884841518942574,0.12617015162901726,0.17322355333539635,0.14581251934043588,1.5037299412050749,0.8806166836125723,1.667434463551567,0.16518898368772378,1.0032794748242782,0.1442575482958313,0.27062530392113526,1.07420626851156,0.526873038327218,0.3210598558861235,0.4487644224393263,0.49191017196410414,0.3884222624994474,0.4967508067724681,0.0034481234251359356,0.04637283939702047,0.15616020511913709,0.124883957384731,0.022810662658591573,0.3723089164935237,0.21601609124265064,0.34823836258344015,0.15587286150037577,0.3540294416692454,0.42769992484859204,0.32569294018832057,0.023186419698510236,0.3803324344635516,14.214285213615833,20.438346253985387,49.75310182254378,0.1635854454563511,0.09381602344622841,0.10271645602305927,0.11708915913547147,0.12843485725382442,0.16027593542182747,0.10275468343312298,0.14178351377686216,0.166588162963146,0.08918352934907475,0.14995885057622294,0.49086880260696164,0.3061347254877628,0.5353805044477339,0.20034090452829467,0.23355113095457075,0.40594828680494616,0.30907360850626164,0.565593007753222,0.391398606511318,0.6978833680033826,0.26926584744073495,0.8449605352067991,0.27695855107635514,0.587925080980196,1.1209640128078768,0.6569991541949366,0.5432982278125844,0.49737348494706857,0.4999400756059614,0.4873968191025366,0.4999949684456341,0.05862004626369644,0.21029354875572645,0.3630111681098356,0.3305909409777049,0.14930113539349352,0.4834254365986268,0.41152992955841544,0.476417277481594,0.3627387777654938,0.47822343217994145,0.4947505528551877,0.4686383502026086,0.1504968779271594,0.48547387487423904,0.41708406091819367,0.4706571472779117,2.5076390884374797,0.013310713733118191,0.004547313277779005,0.003630467938374483,0.027226764395128313,0.028676877389978116,0.02301115335646869,0.025655880970800817,0.02973165067085166,0.02286677597754249,0.02240595919630424,0.03065999867376937,0.05316460732521385,0.03511858712230057,0.08332817576976637,0.023915253862646715,0.02128578059724586,0.03721867332729162,0.0216823235560664,0.08484449945845582,0.05301872195574811,0.08815941292190713,0.04292035985057802,0.1076342255918304,0.037966225326584294,0.03566698348842864,0.11506421166640879,0.07119780729868926,0.06457770606308437,0.020866028602373955,0.018567228841095466,0.027143520258172897,0.044251895404610865,0.00022103843858446983,0.007824760725890232,0.011449791118675537,0.014544329258858115,0.002961915077031896,0.029574943082602063,0.019981874848036072,0.03220530050175725,0.01801463274463429,0.04016268429079817,0.034128334917442146,0.031100108308834907,0.002475630512146062,0.033067350412236685
624,65.9758957654723,82.05840430124407,412.29598131941447,0.0015821200109885952,0.14421188336407517,0.07786656724618343,-0.01143293968054629,0.22014288744554764,-0.8783887005612024,-0.25762757383933127,0.22238869204505315,-0.8381329066755621,-0.14296844707821513,0.2315832973588164,0.6440178956869823,0.26298693143911156,1.2662897845453476,0.11400847690436011,0.799857148463561,1.4035285114398963,0.1048934500215847,1.8139099721361014,0.20192300145206235,1.8616839998430204,0.42658412150229585,1.2190326125348299,0.2446701463835799,0.3707707703779286,0.7095298457674346,0.8348954122679644,0.3507256387111966,0.42427691220909697,0.41870413249087557,0.32683175699540834,0.5711706761901024,0.03842078411365331,0.2065852988501236,0.12397472626663004,0.6884345198383109,0.009889721753463365,0.6346689690357521,0.5673246732859778,0.3708253208272831,0.2270711510537263,0.8517326635532357,0.34409952513637615,0.24681134963305992,0.07821514069306543,0.33193359758251245,22.853808372143178,32.8158666099586,41.852487162075974,0.26321661788027495,0.1734478408472506,0.18131445709591915,0.09950987724691672,0.13581483808514855,0.2641736497594029,0.1305976686514538,0.1313103932799396,0.2563247004981106,0.10581423635338265,0.13426182354866606,1.0331726078783134,0.6675804493718287,0.9330529941873521,0.31129938432086035,0.489028210093931,0.9445163774471685,0.24974672694235406,0.9782658693049664,0.35313836131787335,1.068125499000751,0.7620536185212213,0.9952846924723255,0.473419996862616,0.7404652654535889,0.7735949832428339,0.8821573461967402,0.6046120907946265,0.4942424511853031,0.4933563966973757,0.46906438186921956,0.4949185262988613,0.19221362440758402,0.4048632435179271,0.32955918417798846,0.46314236450971885,0.09895604809804547,0.48153231317570455,0.4954563775903724,0.48303525648462015,0.41894717036193446,0.35537176251915115,0.4750830450252278,0.43116447333633506,0.2685151057815762,0.4709165397680897,0.6272448979591837,0.7172370486656201,2.2319976452119312,0.010643524332810047,0.0060824568288854,0.004976530612244898,0.02727561263736264,0.02316249014913658,0.016043362519623235,0.024438622056514914,0.01929756405023548,0.017723955533751962,0.0206611852433281,0.019794740973312405,0.04768445839874411,0.03698587127158556,0.07698783359497646,0.0269010989010989,0.04776059654631083,0.11927433281004708,0.01896664050235479,0.10019740973312401,0.02918249607535322,0.12393759811616954,0.10586813186813189,0.09911499215070645,0.06107927786499215,0.03865306122448979,0.10420211930926217,0.11214089481946625,0.05891993720565149,0.009811616954474097,0.011381475667189953,0.01695447409733124,0.03540031397174254,0.0032574568288854,0.01903453689167975,0.007731554160125589,0.014638932496075353,0.0024725274725274724,0.018524332810047096,0.029081632653061223,0.023861852433281004,0.022135007849293564,0.004709576138147566,0.02040816326530612,0.01718995290423862,0.008791208791208791,0.021467817896389324
625,37.49599919292076,11.792828524486207,439.2332804888594,0.10775706914939612,0.16011740120485396,-0.1438033609085406,-0.003674894791456489,0.2606085011385582,-0.9430951061597441,-0.16239825953362347,0.35358200974259935,-0.8945590652581212,-0.08871729167267171,0.317697604704119,0.33669962240221374,0.19606606520047273,0.0836347389963393,0.06538120081860894,1.792698527080391,0.9032698238837806,0.07989882685267921,1.4319767676476525,0.8891519903150492,3.0733882915861988,0.4352777217306084,0.7301804398581847,0.17369786412244545,0.21642694491684203,0.6034404634940768,0.4584610728389012,0.34456576254575855,0.1625111694001672,0.25319228662842647,0.024961807857492867,0.09341942178537457,0.27184158187530627,0.8109993370420546,0.08589629031793157,0.921886259475975,0.9245957397745943,0.9468480673334678,0.3914334303750036,0.2889920156803966,0.09537947136309918,0.9761623382238492,0.44308650159974633,0.2553252817571268,0.042544605540022484,0.22102441414694607,85.74231810989076,39.437939830992285,245.58650513751562,0.09624974369277034,0.08582862847263135,0.0711960639807403,0.08147360020267126,0.09355869516772909,0.11495026039058409,0.10138154358838981,0.10402266347944455,0.11504473654235597,0.07932794961650298,0.09561733169251976,0.5981574649694343,0.4905745147936541,0.23253673417309714,0.1694182709988651,0.6002047856617111,0.6069896039591587,0.16739216116251074,0.49688711709929534,0.43945508626647,0.93819124877396,0.8884079403882328,0.7437224672028262,0.3627557762065234,0.46293976646534674,0.622308116217587,0.4221524315328082,0.6493207251466082,0.3689243992367878,0.4348464131618878,0.15601095337070314,0.2910234950650155,0.44491509525385753,0.39151478982577764,0.2802148834721653,0.2683543549437622,0.2640463357179486,0.22433959836585607,0.4880780331869561,0.4533007317519114,0.2937425997338647,0.1525453978346247,0.4967574524892696,0.4360501839127264,0.20183095960958702,0.41494287003068114,0.526193358699412,0.49195203505130863,2.857817364233829,0.00936982589646028,0.006064481724893347,0.0035078980744840307,0.026306744667358464,0.025767438602559672,0.008851443762250662,0.03032154191167993,0.03045007589646028,0.01537157667473769,0.022120950074945234,0.024962383258388097,0.04749711749106422,0.03259252853683846,0.018248875821515045,0.023103309120258275,0.05016401475844575,0.11197105961028479,0.02097601752565433,0.09030756370344747,0.05389282831776778,0.12012625389138706,0.07231033091202584,0.09606941081517352,0.05321342096160498,0.03220454283408279,0.09908537991467774,0.0941041162227603,0.057357315807679006,0.015277297359621815,0.028075637034474805,0.004323763403666551,0.017381528882739538,0.03113109650639917,0.0129136400322841,0.009973480917790845,0.005332641531188747,0.005246166263115416,0.003401360544217687,0.037933817594834544,0.03778969214804566,0.022598870056497175,0.003747261616511011,0.021388216303470542,0.02853683846419924,0.002651908220915485,0.028421538106768132
626,-14.570700845377695,-4.274240523588764,583.5976820289065,0.25619667302972454,-0.045047832015271336,-0.03959356422143442,0.12707697114807742,0.36228338369239166,-0.892722113716935,-0.021410909080992625,0.38941048671938916,-0.8903399321516225,0.0575278429233706,0.38974273247886554,0.26627815653122444,0.18475102263430598,0.32743168802836103,0.07590237251158986,0.22776329424597763,0.24289828197436597,0.05248650122716117,0.4197158440141805,0.06127133896918462,0.47932097082083447,0.12854540496318517,0.24614453231524405,0.08039432778838287,0.15436323970548133,0.3423572402508862,0.40450777202072535,0.293310608126534,0.12811562585219524,0.089228251977093,0.03626943005181347,0.1143714207799291,0.00654485955822198,0.03861467139350968,0.025197709299154623,0.25241341696209435,0.01772566130351786,0.7444777747477502,0.030651758931006273,0.06735751295336788,0.1814562312517044,0.03594218707390237,0.18996454867739296,0.18429233706026724,0.008835560403599672,0.2752658849195528,21.112065495981437,20.98691401381487,54.64480046562217,0.09521855140542254,0.10226566602558212,0.10219834198259999,0.08851343492981162,0.09136771148578915,0.1351013027401979,0.08487849315680114,0.0946553692523618,0.13348202752198474,0.08741156497701505,0.0959175987298773,0.6191928215566328,0.5696370669515403,0.32638951671931077,0.22638886223439608,0.2406882123661202,0.36744265421914335,0.1565333200583738,0.2840775521044356,0.18703701284545476,0.4140305367677218,0.24151628055883845,0.2699977331021625,0.16138227110892558,0.4198836725889717,0.5055923494994544,0.5649142387322542,0.5414115907890678,0.3342276243522703,0.2850806966231025,0.18696487639594672,0.31827051957345825,0.08063733015521393,0.1926800544828482,0.15672946272088203,0.4344089965699684,0.13195609844359238,0.43616624524667424,0.1723770553569686,0.25064697255117313,0.38540623856672035,0.18615111123062233,0.3922835861522837,0.38773298932211747,0.09358403143718533,0.44666033923519594,0.2908639685829606,0.36209774190029465,1.6960783244245663,0.005289189484018763,0.0033369695647431008,0.00232916984836915,0.016101267263008617,0.014172473600959964,0.00844840203992582,0.016228899312752263,0.013389678138976764,0.007858048925493619,0.012987509545107448,0.012390258536053234,0.03374495472891895,0.02550670884695102,0.04615359441474856,0.017184466019417477,0.028998581869750194,0.05534744191120323,0.013663139522199193,0.05070470164721282,0.010545434711465039,0.060273262790443996,0.034902367186647756,0.04582033380604342,0.024149667284826006,0.0207706992473001,0.06405421621031963,0.05648849132758809,0.05725100905421621,0.009217846623759136,0.00812697720082906,0.0022362823170066545,0.014890367622995528,0.0015272171921021055,0.004254390749427294,0.003490782153376241,0.029453474419112034,0.001636304134395113,0.027326279044398386,0.005999781826115414,0.014072215555797971,0.027598996400130905,0.007799716373950038,0.009599650921784662,0.010035998690956692,0.0005454347114650376,0.02378095341987564
627,62.47120095561889,151.3625250390517,383.76609666452254,0.4060336763759992,-0.01989195074887434,-0.09639596618579434,0.027802729339336578,0.06620518255995587,-0.35507351652117985,-0.035264593044197365,0.07046514580538453,-0.35315613632270515,-0.004308747587981256,0.07101766976017643,0.17150877515390975,0.10648424147753377,0.12416181200036755,0.06769585592208031,0.20906863916199575,0.2946728843149866,0.03703510061563907,0.43705503997059636,0.10835541670495268,0.27038289074703664,0.09791178902876045,0.24098575760360197,0.061834696315354216,0.13734429844711937,0.25691583203160895,0.26661784434439034,0.14229642561793626,0.13609298906551504,0.14156942019663696,0.07428098869796931,0.03828907470366627,0.026711384728475604,0.08357989524947165,0.022190572452448775,0.2084443627676192,0.016135256822567307,0.2105945051915832,0.0756684737664247,0.11987503445741064,0.15313792152899017,0.0680602774970137,0.16400808600569697,0.17668841312138198,0.015620692823669943,0.14466599283285858,77.89148085206705,43.27281542480897,135.04749051808173,0.33533229109281876,0.19800701789204536,0.14841029378476556,0.13726321548212397,0.10983727367392197,0.46030208712424403,0.14182056941859308,0.11432299683777573,0.4581547174677,0.13776994152860209,0.11548637751576545,0.525659813233798,0.42573888243095465,0.37568472363478084,0.3050254183919188,0.3975647089861964,0.5841545757927193,0.13593404245323407,0.6493888081779199,0.28093505310161854,0.5647010109407714,0.3311965521473725,0.48910493132435295,0.22451498303905632,0.453703290169837,0.5567316433081676,0.57062381500427,0.40856495679861204,0.34288885622958504,0.3486095755206488,0.2622288223358324,0.19189413700940497,0.161239342413482,0.27675801734254735,0.14730359915885105,0.40619801389819743,0.12599625462711062,0.4077327398548329,0.2644681427495216,0.32481684073923517,0.3601220489984678,0.2518504694208725,0.37028461160516274,0.3814065474932213,0.12400333895345637,0.35176537683864384,0.2751435738635841,0.3635262659768996,0.8827885949517132,0.003913727039667735,0.003037977009804372,0.002148646041036856,0.009853876007314227,0.007915005329461816,0.004955608725615416,0.009598797774490256,0.007645048654310892,0.004500780269964807,0.007563241415431548,0.007351891499508403,0.020182855672660777,0.014618529987411442,0.01600566025599794,0.009859136810960312,0.01915381010576225,0.038190004502476366,0.007321026564610535,0.030511995883450185,0.013410579900577969,0.027531264644534086,0.020698159497927943,0.0269639526229222,0.014156704554852108,0.01428295766753347,0.03517793970357166,0.032934971377114555,0.03307537512979077,0.00801257017890452,0.006671015997574176,0.004484098907460328,0.006652638543035404,0.003013902544358581,0.009464389087467495,0.0033630741805952455,0.010493526541638718,0.0018561229084159553,0.008453629087835044,0.004998667634545939,0.011761570904813974,0.009427634178389951,0.011017283995993716,0.009032518905806357,0.007249905815545489,0.0012496669086364848,0.012809085813523968
628,58.9127453785841,172.53310250100154,523.0989068849082,-0.16828904595661878,0.14910281577290677,0.05221103989011617,-0.06048971390144793,0.03543030003433869,-0.9806854785669319,-0.20643256043610142,0.03988679159274308,-0.9611122906770446,-0.1347964001602472,0.038301751273393234,0.3240951754134951,0.14904624277456646,0.5363145996680593,0.094283179763063,1.1967707319864933,0.8463394952211984,0.08085102729926172,1.2923619298346019,0.8448257311280262,1.6474474904137815,0.32568562925656724,0.7785354547015395,0.16872717907628915,0.18067876151777026,0.9676074514965948,0.544298346019573,0.34130229496938136,0.2507583128255022,0.2952841526927259,0.5888513706862015,0.19009328678532594,0.645252675556573,0.6736965604074858,0.08204086304584216,0.8837635208607566,0.5343100784066847,0.8578664224803983,0.34896697762261775,0.2999484919590225,0.22591999084301495,0.7627196245636124,0.44457162479253703,0.24783952383677674,0.019315515366565558,0.30515652721341496,16.77654272610543,8.649014025433786,16.570132069883286,0.08122471850473968,0.10665785537732729,0.10366984181476124,0.08320847593580527,0.06824560126840788,0.10392996910624049,0.07565567095971697,0.06985944249557442,0.10244278646942141,0.07673127193230264,0.06726635477593863,0.5529863005566447,0.36987624088985094,0.5159066149503854,0.2571958301640263,0.7682073886590874,0.6362555171312638,0.18029740382474085,0.5728653408148012,0.6854682332356954,0.8660391252015511,0.6887379850751416,0.6689300957624364,0.31896647668249895,0.33542616769220895,0.9260281901063974,0.5514792357068511,0.5929632590646267,0.4334558314091349,0.4561769138043265,0.4920491460336982,0.39238021716545973,0.47844352914903393,0.46886650086255643,0.27443089283452665,0.32051286977593857,0.49882856667649234,0.3491920859709991,0.4766503199231626,0.45824164256894195,0.41819272234247173,0.4254216470970826,0.4969253076698577,0.4317643208853303,0.13763345631302568,0.4604802805978018,0.5070310487909573,0.6981170410645299,1.7848705108026899,0.008497496065245384,0.005576877951065962,0.005282901702675632,0.014591026956646156,0.012064837888109886,0.0029494646444412653,0.014376284847617684,0.014096932121905851,0.005126556560309057,0.01080374874803262,0.01176694806123909,0.04101960223207898,0.030407211332093287,0.06313149234511375,0.022515953641436545,0.052251538131349265,0.1085811990270425,0.0189844040635284,0.0865863499785377,0.049706681928745174,0.1138025468593504,0.06739876949492059,0.11630505079410502,0.04401774216626127,0.029485191014451285,0.13205065102303618,0.09632078981256259,0.07898211475175275,0.018028330233223637,0.017627700672485334,0.02875947918157104,0.030562312204893406,0.021805694663041924,0.03488338818142796,0.01087423093432537,0.015424238088424667,0.022750035770496495,0.016483044784661612,0.038088424667334385,0.0351123193589927,0.037945342681356416,0.027443124910573758,0.03416797825153813,0.024037773644298183,0.0018314494205179568,0.0338818142795822
629,50.73197738225891,152.5016963305817,512.1858352817674,-0.1531010163668464,0.06479049959440758,-0.01526990981533616,0.007824260294889538,0.07811835296082453,-0.9674105309443145,-0.14425333506704202,0.04613639476070048,-0.9565256056687502,-0.06905530371713507,0.06291337023428925,0.2311022570024335,0.15468435367657585,0.012016032829126305,0.06265305148637687,0.8481767428544161,1.1908522212148687,0.05380588824736365,0.7695939304289736,0.7836796774347474,1.8813425108555613,0.1972675001192919,0.4343410316362075,0.11033115426826359,0.16852078064608483,0.5249215059407358,0.4416514768335162,0.2337541155699766,0.18922078541776016,0.16870258147635636,0.0005964594169012741,0.09216490909958486,0.06365414897170396,0.8760557331679153,0.001956386887436179,0.3155747482941261,0.08870544448155747,0.9600133606909386,0.16746194588920169,0.15858662976571075,0.21288829508040272,0.9415469771436752,0.40253853127833183,0.2773774872357685,0.009638784177124589,0.27437133177458606,8.53366114156488,13.602635324351585,38.69713638602954,0.11304737533924573,0.10208322480693947,0.06156522317323393,0.06312085629425643,0.07803772172744665,0.15328594200775023,0.07044506817661249,0.09814846952905647,0.15212884206361918,0.05669406424756553,0.08207654486299341,0.3987504304079971,0.3399216800944799,0.07955844148658808,0.1706075477067659,0.4119642272473452,0.5431900654503268,0.1144862856459377,0.3571086904155948,0.36200392191983105,0.5585671746493517,0.32138751164461865,0.43211160174576485,0.1861524074844901,0.3244878353914117,0.5141756731001784,0.42686008955785965,0.3856925187388705,0.39168857544512453,0.37449347992504256,0.024415525295774124,0.28926205233500313,0.24413873174559356,0.3295218903285251,0.04418830188856823,0.4647499109876983,0.2843215033752588,0.19593015050289664,0.3733922454273577,0.3652945308777515,0.4093542070959273,0.23460089531503409,0.49041513049795077,0.447709726361958,0.09770417478951923,0.44620225704623717,0.44607162455562716,0.9070527044115192,2.5093073748001817,0.008324744112805097,0.0047052227232600875,0.0029773817192756415,0.0221069018920144,0.023096522701787033,0.00418643320688092,0.026744123732493498,0.02630405618781762,0.006583747572352253,0.018477322071910867,0.021169446233865387,0.05431894638894855,0.02693579557655143,0.004029298785579654,0.01963638966430463,0.04698637654188438,0.10439147758452033,0.015653854412712047,0.0722434566840837,0.04637009996898337,0.09625509984968865,0.04524037888006108,0.08335170472168539,0.03230262686994488,0.033244578054541556,0.0711459451721423,0.06998544604299382,0.07838522654069145,0.014196072817502924,0.01565146851812087,0.0001431536754706177,0.024073676424975543,0.008469925798678215,0.0156276095722091,0.0006680504855295493,0.028296709851358768,0.014649392789826545,0.002266599861618114,0.030086130794741487,0.026650442583446662,0.020852718726886647,0.003626559778588982,0.033068499033712694,0.029680528714241403,0.0016701262138238732,0.04757473814806862
631,48.44071940121695,103.70568628506813,441.0765279198751,0.03438613968014647,0.012493619083517312,0.012388455118195035,0.06577974788648967,0.1862562703139303,-0.9521041805503204,-0.18133704480103388,0.1346380544397178,-0.9454574617952721,-0.05921603575467126,0.16364552258898282,0.26245867212320284,0.09865435356200529,2.316500996176835,0.07199558451348878,1.1616299606914007,2.467045393355231,0.060677938721662814,1.160632706908621,0.18349308060955252,1.853554466641538,0.3546502611598729,1.111464110710247,0.2077626406763233,0.21233859242905606,0.3561036023908244,0.4800452318130418,0.3112487211243336,0.30057616714231866,0.27849873458618274,0.9739378601044639,0.1515265736901621,0.2177588713585698,0.8218189650530396,0.05993215228043724,0.4683108071724732,0.06133218458887513,0.9627376016369609,0.36185450433471544,0.4189327446017985,0.21958968283883473,0.3733239997846104,0.1776425609821765,0.30822249744224867,0.019223520542781758,0.2798449194981423,13.837872780928805,15.955505714408359,26.901768031814093,0.11098847349574298,0.08297866280611695,0.08923843276786084,0.0539792322183823,0.06233270227128701,0.15189957753318534,0.05528014314352763,0.0647465267481809,0.1524632200057527,0.04331556153398404,0.06410900344603271,0.4321315178695164,0.35863314321262935,0.7072074076485942,0.2362149295156995,0.5972891174073767,0.8405640329064115,0.12569817187231416,0.4398654311336523,0.41641184047348706,0.6484654629446677,0.528140946752293,1.0865734130517943,0.41237482477435133,0.4617260664249475,0.5073388317302379,0.532403090961916,0.48864003808028994,0.458520943734674,0.4482722498072474,0.15932442259907026,0.3585710452443396,0.4127337133791183,0.38267537047556566,0.23736748586260786,0.49900821992755423,0.2399450935390786,0.18940919685190608,0.4805499525677359,0.49339761732045956,0.41397980911844634,0.4837001027683662,0.3822218573906113,0.46177144947227666,0.1373134811042357,0.44893495416727597,0.2616908992999461,0.35129240710823906,1.1621109316101244,0.0055232094776521265,0.0034068928379106093,0.0033292407108239095,0.013289363758750672,0.010048241249326871,0.004031323855681207,0.013204516693591812,0.011005562897145932,0.004624494884221863,0.00962283252557889,0.009057781367797524,0.033218093699515346,0.025166397415185785,0.0670608508346796,0.019492730210016157,0.03846257404415724,0.10074690360796984,0.012122240172320949,0.046861604738826064,0.01248788368336026,0.05795422724824987,0.02809477652127087,0.041813677975228856,0.022586968228325257,0.019338718362950997,0.04531017770597739,0.04420624663435649,0.04347980613893376,0.017016693591814756,0.028002154011847066,0.0010231556273559504,0.014324178782983307,0.009854604200323101,0.01362412493268713,0.0032310177705977385,0.009746903607969844,0.005331179321486268,0.0013462574044157242,0.013031771674744211,0.016585891222401724,0.008077544426494346,0.020732364028002152,0.007269789983844911,0.010608508346795907,0.002261712439418417,0.017447495961227785
632,64.93554218545445,35.98344057268599,497.6948302275703,0.28687777499234,0.1339954597364976,-0.042198713127768024,0.005536760090248179,0.4462570471574608,-0.853585278237375,-0.24433577100916407,0.4624282515807359,-0.8084543894320492,-0.1384977577226261,0.48472156764435537,0.35363081808306174,0.14927662182111917,0.05028105066711233,0.06332581265145817,0.09853653101584914,0.26332219158240716,0.06283919667975824,0.3732659257402301,0.6223676220718086,0.9467925684521323,0.16137461352051474,0.5630923929695553,0.11959026210969054,0.19682487952981811,0.7022807164145846,0.5235636890337316,0.36566864432745605,0.297707584746943,0.22272360101389935,0.05994261998273029,0.3880950391354001,0.022840589398623993,0.11874321049552937,0.034233029720620596,0.11247597559956547,0.23578730397481965,0.8508398094760592,0.11361800506949667,0.2709116737695329,0.10406395365031615,0.11261524748614245,0.39088047686693966,0.2802428901701903,0.03863402133645302,0.34642489067156906,31.918650073455968,18.402748345535205,32.92286431949289,0.16728545530456032,0.12372382987793644,0.10496576313833517,0.08099829469321868,0.10391511491523983,0.15517459700340852,0.09088950031771138,0.10678990880222375,0.14972891003640096,0.09093402473388994,0.11432084873963878,0.6473281452681423,0.38074944107191994,0.2072794236012117,0.16904856630784973,0.2850997435458801,0.36098090838376246,0.1535795821107137,0.38543354637176336,0.4975528737492463,0.5562364470949347,0.32901562742061624,0.5522489064422824,0.241391871140717,0.38589200533008894,0.6982474490734184,0.5514810058077829,0.5584102054032338,0.45725660479058844,0.4160800653577145,0.2373838071906529,0.4873231932711271,0.14939718394552082,0.32349061085408337,0.18182972892125482,0.3159555525019691,0.42449578387204223,0.35625126417201886,0.31735116079324494,0.4444367679369281,0.3053477431821217,0.3161262993966688,0.48795446691900285,0.44912407111324654,0.19272381355750037,0.47583714925443943,0.6087688022284123,0.5742033426183843,1.806724233983287,0.011623370473537604,0.006439108635097493,0.005349303621169916,0.014414661727019495,0.010886726490250699,0.007145531086350975,0.013434569025069638,0.010302365598885796,0.008844056378830081,0.011598161559888581,0.011330167130919222,0.048981615598885794,0.0313108635097493,0.01252200557103064,0.01834317548746518,0.014596378830083565,0.06199832869080779,0.015535097493036212,0.056055153203342624,0.04140306406685237,0.06841754874651812,0.03491281337047354,0.05979470752089137,0.026910027855153205,0.029745961002785513,0.09433788300835655,0.07078774373259053,0.08564066852367688,0.02275766016713092,0.022172701949860724,0.008328690807799443,0.04389972144846797,0.003203342618384401,0.01818941504178273,0.006211699164345404,0.019805013927576602,0.018690807799442898,0.01668523676880223,0.015487465181058495,0.02350974930362117,0.015598885793871866,0.015766016713091923,0.033871866295264626,0.03415041782729805,0.0072423398328690805,0.048133704735376044
633,53.59575256107172,80.15118597320725,521.2171020488573,0.005502029156816391,0.10326893223010243,0.06418628841607565,-0.04009904781323877,0.23398697245862882,-0.9529656782899921,-0.21595360730890464,0.24666288063435776,-0.9239257321513002,-0.13533882978723405,0.24988530338849488,0.6228244680851064,0.3446958234830575,0.45450610717100076,0.1470244286840032,0.07886682427107959,0.08437805358550039,0.10754806934594167,0.21910638297872337,0.2128333333333333,1.5240384160756502,0.35011032308904644,0.9962098108747045,0.12376300236406619,0.1868989361702128,0.8205470843183608,0.6497905831363279,0.4261706067769897,0.25841213553979514,0.31717888100866826,0.5752364066193854,0.39174546887312844,0.02598502758077226,0.09141055949566587,0.11109141055949566,0.25051221434200155,0.2005713159968479,0.9290583136327817,0.3319542947202522,0.39290780141843973,0.19389282899921198,0.9574468085106383,0.45303388494877855,0.37232072498029944,0.008156028368794326,0.4029550827423168,13.160787695037286,12.845340681117548,22.42189484634138,0.10702205898495878,0.10378515830893181,0.08044785010276499,0.1119218777865963,0.10357710622613943,0.07983531467790758,0.10737703945096053,0.11552909664742811,0.09019861796270148,0.10355608791264037,0.11373924518579263,1.0989240169704948,0.7662676943904335,0.5712197128979632,0.3992192524654791,0.24429296424479585,0.2847433917270229,0.24373950207342437,0.3890841029443934,0.3928665001752508,0.802286929327821,0.7336716452629041,0.8097784679727084,0.20528878314187865,0.38364407551909735,0.7944038655961175,0.6781572539280672,0.6576541571196772,0.43776600957726824,0.4653823215489323,0.4943119428423028,0.4881451124915104,0.15909212598169054,0.2881949086356231,0.3142483962238108,0.4333122935873028,0.4004317945583103,0.25672993976373465,0.47091932412065124,0.4884014335492899,0.39534981862546703,0.2018494985065476,0.4977942002628083,0.4834279747809664,0.0899425757966512,0.4904967112342171,0.5621210031718512,0.5687247581709647,2.153876159892827,0.008752024271557754,0.006476782442522509,0.0038037786402411386,0.021505789810673963,0.021425703914576728,0.006974966232589295,0.021497658405405937,0.021450006855927028,0.009681919462558364,0.015941803424023328,0.02099580369983648,0.06882720305758584,0.04759786441813275,0.05623790854823776,0.030879843968557304,0.013889359522449221,0.018597687109675135,0.020948403238834495,0.04436474319825056,0.0369591599519297,0.1346870505723123,0.06421600110325262,0.15766937882937015,0.04173092456510176,0.04910459228905219,0.14382887763746333,0.12027285801532732,0.09442463405504442,0.01891290214543234,0.021257313973876552,0.03268385902007526,0.04529246045036348,0.004176599223782974,0.011367442226994227,0.011347741287259402,0.030871372564471325,0.028704269193640535,0.010283890541578833,0.041844795996769046,0.04678973187021021,0.030536456588979296,0.006422506353553064,0.049134143698654424,0.04708524596623259,0.0016942808171949801,0.048168797651647985
634,84.09147773609524,40.476932800521936,586.4018023160985,0.22676382319360627,0.23000265046485072,-0.08821297504485402,-0.12301687738541837,0.3077443108791388,-0.9167905179008319,-0.22891307364214647,0.35024295840809005,-0.8817860883216442,-0.18956597618659268,0.34399319034415266,0.515835915837547,0.1799608546729734,0.2228633175664655,0.14170567607241885,0.21674849127385423,0.41622166041428804,0.06881381503832981,0.34703188713097377,0.6780227532213343,1.2404607731202089,0.16049828739194258,0.7541750937856793,0.10222475941934432,0.14717745881585387,0.7737338933289838,0.3463203392595009,0.5671607404991029,0.4592643940629587,0.3188305333550807,0.050073397488174846,0.49934757788289025,0.02927744250530093,0.5160658946338281,0.1089544935573316,0.09460120698091665,0.7572174196705268,0.9290490947643125,0.12114663187082042,0.21480998205839177,0.062347088566302396,0.9219132278584244,0.4420975371065079,0.32192953841135213,0.001100962322622737,0.30924808351003097,11.660212211853782,8.642476014918655,26.763192486331224,0.14803883545046775,0.12506034865488355,0.15392389050327593,0.08978919887657322,0.08389697303397878,0.12714460050668158,0.07541423499443116,0.08702482654643165,0.12542876139477616,0.08155376112989203,0.08809077790095993,0.9491538535497912,0.4768068463050483,0.41472326863362474,0.3783998674869559,0.30371707506278833,0.3882930176596851,0.1450610865479217,0.3659937976215012,0.4476212517637354,0.615734226875839,0.28566018565449425,0.636074755488951,0.1827414528042998,0.4310441260527045,0.8075203500998887,0.3396022502138335,0.9238059254272197,0.4983480081765584,0.4660327031813455,0.21810087574974266,0.5000097687437522,0.16858657357231233,0.4997520095162951,0.3115884637832215,0.29266928662296504,0.4287734782157296,0.2567480520728412,0.3263042554132527,0.41069883316462263,0.241789811603444,0.2683135548907332,0.4966461140347472,0.4672256544607266,0.033163158025897845,0.46219305177030845,0.367006483709171,0.2853729152224443,1.7216245973168045,0.006871263711617666,0.004319985319903764,0.003279982057660155,0.015648027321290215,0.01258148913265098,0.0053593404151204985,0.014788992537617748,0.012523678302002201,0.007678060188394568,0.011997349427068465,0.012230477510908127,0.04804550829833218,0.029382212616727153,0.03264323288341557,0.0277478285690984,0.02990906495942585,0.08436651306936346,0.014238877788198835,0.04793622313746279,0.04021530807813073,0.08526444562247686,0.03468825184520655,0.08584838722831628,0.02697059902948253,0.017187538229417283,0.09458059780614116,0.059058027158178046,0.10412347592056437,0.015454879093096277,0.015536435183297313,0.0022835705256290012,0.034579782245239166,0.004648697141459038,0.031602984952901356,0.01190718916935122,0.013130530522366757,0.01696366676181544,0.007013823757289076,0.010276067365330505,0.022183256534681728,0.011499408718346043,0.01080618195163724,0.0223463687150838,0.03196998735880602,0.00032622436080414303,0.032214655629409124
635,104.77483830455259,7.039805337519623,549.7755541601257,0.24857481946624801,0.02888929356357927,0.0504363579277865,-0.05581129563579277,0.3405811947252747,-0.9097887594348508,-0.15779909111459967,0.3520111523390895,-0.8969562616640503,-0.11505343799058082,0.36119189952904235,0.21690675039246465,0.14729230769230767,0.05544113029827316,0.11224113029827316,0.31973563579277864,0.5883007849293563,0.06482448979591836,1.0271704866562008,0.38063799058084774,0.7506737833594976,0.24212621664050238,0.5869080062794348,0.10023233908948195,0.12665557299843014,0.38357488226059655,0.4046392464678179,0.5777437990580847,0.12521193092621663,0.13406593406593406,0.01664050235478807,0.06819466248037677,0.02423861852433281,0.025745682888540032,0.03365777080062794,0.48602825745682887,0.12376766091051805,0.5287912087912088,0.10901098901098902,0.3590580847723705,0.18926216640502355,0.11736263736263736,0.17475667189952904,0.15089481946624803,0.004897959183673469,0.3152904238618524,18.628884853865344,18.031052991414118,52.21220875770447,0.10671089578383398,0.06987583087018462,0.0764622590749596,0.12379372812195216,0.09768641702759165,0.11802103508672088,0.10568001286584262,0.08759053300644173,0.11592590480918011,0.11543450279851024,0.10007771708582887,0.5238177095840464,0.5016402413033666,0.2576364252876078,0.3644109596725093,0.47133840942158517,0.5465968806301457,0.13593121165127886,0.5486794165249002,0.5219079660436632,0.6955027723880092,0.3934555852411342,0.5448471453954705,0.18872630302767923,0.30515423641436223,0.5307125294066589,0.49270347081449406,0.9220527374338346,0.33096945753648055,0.3407338400930943,0.12792428871034156,0.25208756604336213,0.15379399580461378,0.15838061074771545,0.1803523434145227,0.49982044548453636,0.32932664248343857,0.4991860513011879,0.3116627868911767,0.4797393340559902,0.3917290321996855,0.3218620106569189,0.37977076519049174,0.35795756590913913,0.06981601002956886,0.4646460260531938,0.4134765134388344,0.32170936950514945,1.7344637025872898,0.004942665159507662,0.002895943230344134,0.0021196307460437077,0.015992968475257472,0.016168215398141172,0.007813621891484551,0.014839242589801557,0.012419693544335595,0.0070978037553378545,0.011620509922130115,0.013982918864606883,0.03603554383320774,0.025817633760361718,0.011022984174830445,0.020337854810349158,0.03226262245666918,0.09559093192665159,0.015890479778950015,0.06309344385832705,0.030393117307209245,0.06768337101230847,0.04044586787239387,0.05798668676212007,0.02813237879929666,0.019182366239638284,0.05603868374780207,0.06383132378799297,0.11042326048731475,0.013124843004270284,0.01551117809595579,0.0018839487565938207,0.009419743782969104,0.001632755589047978,0.00458427530771163,0.0031399145943230345,0.016013564431047476,0.010173323285606632,0.019404672192916354,0.009419743782969104,0.025684501381562422,0.020409444863099722,0.021414217533283094,0.013062044712383824,0.011178095955790002,0.0005023863350916855,0.03472745541321276
636,87.24292263610316,93.218458650331,624.5298725422389,0.08791872344629978,0.18678261041399072,0.006302894970852682,-0.11049089350854657,0.22830259519810295,-0.9541610667522973,-0.2571921177354016,0.2183709427329315,-0.9255471501827883,-0.1921553799031716,0.23230402134176462,0.5332603497678094,0.2698559430886276,0.41419741132299187,0.10172216184171524,1.0577820373480882,1.1002489872542238,0.09214109277739355,0.905300266772058,1.4674461021638179,1.585688568323288,0.17640608635510327,0.9087374765339394,0.18832407864835493,0.24731508744195235,0.9863173599446696,0.5695043967987353,0.38023653789151274,0.19960478213615254,0.25274182393044164,0.07943879063333663,0.2605473767414287,0.23568817310542436,0.5641142179626519,0.10655073609327141,0.7895069657148504,0.5059579092975003,0.9711688568323288,0.22962157889536608,0.41630273688370717,0.20197608931923722,0.8815136844185357,0.4520897144550934,0.23614267364884892,0.005691137239403221,0.43920561209366665,21.968666515484855,16.181100376733045,19.408558227578993,0.0852064013658532,0.10796630829715587,0.07418024176714795,0.0912134184229289,0.07603174254745051,0.0749197687315858,0.1049561252163248,0.08232981595551632,0.07875442729069071,0.09801423971756223,0.08211946363942729,0.985022223418393,0.6793039513997077,0.5239862050820354,0.301246580535567,0.5887907309538308,0.5980185357763478,0.22947308956404774,0.64967298649184,0.7999781182072778,0.551766282575496,0.30464775985865916,0.849207231161096,0.3426490366043357,0.4682025854198776,0.9049527005483757,0.586964800534568,0.6105064442750449,0.3997072306086841,0.43458845653085815,0.27042506223436874,0.4389376361988847,0.42443234790326395,0.49587722890293395,0.3085442560793204,0.4076628519325789,0.4999694420025292,0.1673333847905263,0.4205936341450397,0.4929498656408449,0.4014784350629931,0.3231862815997593,0.49770422893527105,0.42471505254426806,0.07522539478428736,0.4962951840218075,0.6683562564224174,0.6252628250731167,2.095439095723658,0.008601790372302584,0.006490554106394751,0.003779088609596078,0.017588547921112956,0.01610209566437436,0.005685793909572365,0.0174813344597265,0.01736430060864754,0.00759849828076832,0.01377385186941744,0.015425065212236185,0.053799699628487865,0.029867994624930838,0.043658999288593785,0.02350130424472374,0.05722650383368903,0.1009681052881195,0.018051932653545176,0.07922002213263775,0.06653821832266224,0.09276816061971385,0.04347146470634733,0.10675974231286064,0.031986997075330016,0.03296201881274208,0.11404315864358548,0.09454786182910442,0.07187969330487709,0.012014860485337127,0.013694569599241167,0.010809422180064816,0.02665797170184175,0.020354122203778358,0.03594577503754644,0.012805311833056676,0.025986088056280134,0.02835744209943878,0.0042684372776855585,0.029207177298237293,0.03604458145601138,0.021342186388427793,0.01685637499011936,0.03608410402339736,0.030906647695834323,0.0013832898585092088,0.027843648723421075
637,40.941859842603996,92.29726966111676,503.7639033138819,0.033261871620536426,0.1316640344772204,-0.03515670003747524,0.01154915999250495,0.13750663964880344,-0.9371517421168156,-0.2305588602173564,0.18064794914074625,-0.899871355104663,-0.11309949676106856,0.16412117886396488,0.2739627389046523,0.11512848653568179,0.8429701804165105,0.12368488677124045,0.13104074093902246,0.40320332994271646,0.08818700144547353,0.7561379088816319,0.11809465174795224,1.2431243642593286,0.14609481235612187,0.4850050859253707,0.12127335510466299,0.19035173189142887,0.7850762888805611,0.5090500026768028,0.4940427753091706,0.3520531077680818,0.31141924085871836,0.7075592911826115,0.577065153380802,0.013036029766047433,0.6994753466459661,0.12813855131431018,0.4577332833663472,0.16928101076074736,0.9273248032549922,0.06729482306333316,0.24741688527223085,0.08729054017881042,0.1183146849403073,0.39011724396380965,0.2506290486642754,0.008539001017185074,0.4128165319342577,20.467025509750112,32.1126787059237,61.812060064606776,0.1880408483055576,0.11834082949651467,0.0944067902204294,0.08324609390828852,0.10832284923506737,0.20135775047817353,0.09044499824025004,0.1219664983082825,0.1946482357072991,0.08071072075740172,0.11867312482419635,0.45782153834142,0.2800139640104059,0.5292205151314742,0.32392667948503373,0.2526560641609749,0.5116978252710195,0.19740975341955597,0.49880459336809796,0.23464938982122135,0.6345896606269235,0.2668545067784315,0.46306461674516314,0.23832965814653792,0.3728487196430715,0.79773940337834,0.547296958783868,0.7519361259169625,0.47761681643670634,0.4630799472001682,0.45488974445416497,0.4940318768462001,0.11343031386324695,0.45849232613779334,0.3342484907376673,0.49821698990439117,0.3750049526473145,0.2596060795952641,0.2505352470717905,0.4315168067899541,0.28226412181533683,0.3229846941958586,0.4877828911518467,0.43338107501192685,0.09201257036578149,0.4923469626332009,0.43021388227106033,0.6290547956206333,1.9523034504912076,0.007751478973150948,0.004952940546617769,0.0037969858393339935,0.015773999652006314,0.015119199239767647,0.004815488315442889,0.014560787242016222,0.015193682549455257,0.0073384041812779395,0.011527478116551117,0.013974248467489361,0.04340444896538801,0.026753754316460102,0.06070375030114838,0.020033193243568812,0.01906255855662928,0.0679816366410579,0.016405492946435743,0.06222501806890275,0.01860160077093985,0.07693765559332924,0.03467248440720615,0.07437428058998313,0.026836737425382125,0.027405305565222048,0.09462108841716413,0.06966833525176004,0.06466953984527665,0.02310142677409856,0.017131996680675644,0.021870064512675,0.030784056535589046,0.001980887116203121,0.037395936504537305,0.010493347966913832,0.031533581390368604,0.020237171079048103,0.004818374066440025,0.0108145729046765,0.03378215595470729,0.013063147469015178,0.01541879701260808,0.0371550178012153,0.03421045587172417,0.0014455122199320074,0.021789758278234334
638,47.329145505332654,103.04113763331641,578.9106018283393,0.10338915693245303,0.16081138902996442,-0.011784281361097002,-0.03764927012442864,0.21839507160995428,-0.8939312924707975,-0.17786376904520057,0.2545447114017268,-0.8675464768283392,-0.1127760284408329,0.24323450990350431,0.1610627221940071,0.10280599288979178,0.5927348908075165,0.05928961401726765,0.5466423311325546,0.24030345352971053,0.052734255967496195,1.3254831132554594,0.3511668359573387,1.2910938293550025,0.18593131030980192,0.40776218892839,0.1803485271711529,0.1664321990858304,0.4292737430167598,0.3436268410360589,0.34266950228542403,0.10385982732351448,0.08221178263077704,0.4841924834941595,0.05834179786693753,0.0446927374301676,0.5545327577450483,0.010728796343321483,0.9142331132554596,0.22771711528694769,0.8900457084814627,0.029773996952767903,0.16524885728796343,0.13909344845099034,0.8068181818181818,0.20721178263077705,0.1595352971051295,0.004189944134078212,0.25196800406297615,42.021020244903866,85.62135542332643,239.0306657234802,0.3025397027804637,0.15419376614728733,0.18657923856938374,0.07159056950171348,0.10406696475740417,0.25164285525353985,0.08535141774782255,0.10491747312274188,0.2452514783484205,0.07216838139525115,0.10842042996456057,0.3520705427477583,0.31384894495765064,0.35032636505616244,0.18609960086605648,0.4110294291168624,0.3314256369023886,0.14008136248178432,0.46616487401587886,0.40748282747343534,0.6632681053711226,0.31982219777031184,0.42090427647193873,0.36994952242010587,0.3659191508207534,0.5871864528350139,0.4484336057719047,0.6718717676101663,0.305088302973429,0.2746958241224499,0.4997659237740853,0.23439607589761444,0.2066349614453925,0.49703305879862447,0.10302603124742887,0.2800284021991944,0.4193723832426534,0.31284270570036876,0.16996864437044967,0.37141678758296853,0.3460550007098173,0.39480691320673333,0.4053214641122748,0.36618615320410536,0.06459607882037623,0.4341567634209046,1.1354644149577806,2.3420036823058856,7.250301568154402,0.012979048949273061,0.0051533235985016836,0.008724779379087041,0.016204233255031425,0.01276794051171354,0.0052077596977969645,0.013269794616214843,0.011395875817408418,0.006067480286965909,0.011432163037267476,0.011057456669417815,0.027369690813281694,0.02332804266395784,0.05737032569360675,0.01408291537045267,0.029420354263221385,0.054532410640594255,0.012516030728207736,0.04665291092629039,0.023689924449241322,0.060786616722747766,0.030186019935242208,0.04328550568217891,0.026091041838613417,0.01917529045774871,0.06149450828518824,0.05400990413307092,0.05313821344676529,0.012062726176115802,0.009523204875880896,0.042346517681417055,0.01371341502126849,0.0038092819503523587,0.03771189130848835,0.0020316170401879245,0.0014602247476350708,0.012824582566186274,0.004888578502952193,0.005840898990540283,0.013967367151291982,0.009205764713351534,0.01758618500412672,0.016887816646562123,0.016506888451526886,0.0006348803250587265,0.0187924576217383
640,17.95711710235188,78.9019503400803,534.1446365647791,0.17905420798164384,0.10119667294927476,0.03161087437515365,-0.046385958288945324,0.26413225153650743,-0.9463731793821192,-0.13131957461280014,0.27633791985577316,-0.9339315380234369,-0.09356150127017944,0.2764970089322298,0.15206629517331804,0.08854257149881178,1.0463070556420553,0.06569040399901664,0.16423256576251744,0.5309448496271408,0.07191223469638613,0.7272891911824961,0.06253421289846758,0.8578308612636237,0.1440670326968778,0.628195935425715,0.17052896828648695,0.1457301483241826,0.6671552077358027,0.4492710808817504,0.3366418093911333,0.054453822830451526,0.08247971810210604,0.01643038597066295,0.009833647463738425,0.0020896500860444153,0.2165860853888388,0.018192247807916086,0.11206260755551914,0.01643038597066295,0.42014258788822423,0.0787101532410063,0.19388674916004262,0.1935179873801524,0.4625911661066951,0.4099401786445956,0.3106203392608375,0.0006146029664836516,0.32172416618864214,12.21207432092519,15.05541768283894,41.1663857762938,0.07408670128177788,0.07335124121640711,0.0543666163045457,0.05177645119324274,0.060509670708293904,0.11332892083122985,0.05822193012651078,0.06473661412300807,0.1153655830801206,0.05915556536115457,0.06995760863557551,0.3056400712847462,0.24149619496097186,0.34295864061323655,0.23431473157140922,0.2432641996766954,0.37107465389220906,0.21597262227256114,0.3603902283537004,0.1797290818921505,0.48764686600112955,0.29007094952871776,0.5190666717018568,0.32452096485206355,0.3400299550994293,0.6598583280948277,0.438321374369552,0.614829394128374,0.22691565341769393,0.27509982747590905,0.12712627802491805,0.09867799052845384,0.04566583945895189,0.4119265778476453,0.1336488750334568,0.31544992750746714,0.1271262780249401,0.4935917100458395,0.26929135955236266,0.39534931626031894,0.39506350235297555,0.49860883025444075,0.4918324308536386,0.4627570835102939,0.024784075485797634,0.46714737353013874,0.2579553370211022,0.3411595984429421,1.4071829543126404,0.006733087482073344,0.004164105716041794,0.0027732841630813358,0.011130324687564025,0.010322541446424914,0.00600177057979922,0.010354230731407498,0.010969981684081132,0.00638399069862733,0.008649047326367548,0.010012989141569352,0.031324728539233765,0.024149149764392544,0.0497840606433108,0.01668879328006556,0.020885474288055726,0.07380086047940994,0.01779348494161033,0.05699487809875026,0.010608891620569556,0.07182954312640852,0.03761360376971932,0.07973980741651301,0.02793280065560336,0.021005531653349722,0.08639049375128048,0.06529850440483508,0.05493013726695349,0.008645769309567711,0.01389059618930547,0.0022946117598852695,0.0017209588199139521,0.0003278016799836099,0.033517721778324114,0.0036877688998156115,0.016431059209178447,0.001884859659905757,0.033271870518336404,0.011964761319401761,0.027043638598647817,0.01884859659905757,0.02188076213890596,0.033271870518336404,0.032329440688383525,0.00016390083999180495,0.02077443146896128
641,18.99224689831781,93.56110645061592,506.57011788599937,0.3875541083491545,0.15210309505938452,-0.004401253918495295,-0.003561558832619541,0.34335176246191884,-0.8571306394101285,-0.15723796653273875,0.3651288767716014,-0.832249781049936,-0.08835529162435427,0.36891770056073114,0.172037176034262,0.09759018058192416,0.17081593006313744,0.07320367345136651,0.4085566691686167,0.45282131661442,0.0648576096074882,1.1278383151574023,0.265100004415206,0.6671407126142436,0.19024813457547796,0.412498123537463,0.13736942028345622,0.19732129453839023,0.6909139476356572,0.4351282617334099,0.4392344032849132,0.2652655746390569,0.2721974480109497,0.03616053688904587,0.1963000573976776,0.007373393968828646,0.6693893770144377,0.07064329550973553,0.2462801889708155,0.022076029846792352,0.16177314671729437,0.09139476356572034,0.21316614420062696,0.12216874917214889,0.020883924235065566,0.36791911342664135,0.2427480241953287,0.0011038014923396176,0.3371892798799064,19.439524118612727,31.788603452510635,131.75948648596028,0.20371547486354463,0.1440620028390602,0.17202575236180964,0.07530881680966924,0.12453095153418617,0.23729967589737733,0.0895532322987325,0.13117572667452038,0.23271703815875971,0.07800459187282098,0.13643339927889753,0.28349779514872947,0.23844603473847492,0.38868087702081594,0.23300442193987908,0.39384911846230614,0.5760286024205153,0.1917172859725831,0.5917417132551842,0.3113011372061877,0.5669311077944545,0.4172556831026504,0.46274592286478816,0.29908549165203185,0.48147246622790313,0.760921484008299,0.4691955325227572,0.6980578511381567,0.44148426376920025,0.44510082507367354,0.18669357610406886,0.39720688674800697,0.08555320096057316,0.4704434190807787,0.2562337197647296,0.43085316946122326,0.1469341076119318,0.3682507068788021,0.28817603541102677,0.40955310395300376,0.3274878335608344,0.14299891186762803,0.48224983942114763,0.4287534692539361,0.03320590004909077,0.4727605498678648,0.43584422465559874,0.8115506888025432,3.3073781349346523,0.012235694101024375,0.004427764040974921,0.006352393147297773,0.013124144957612148,0.01081949836630166,0.008244467458495231,0.012940346432356059,0.011531935446838573,0.0094300129812787,0.01047032850582833,0.010903920876015542,0.028088131402331337,0.024809254680324973,0.03169595549275875,0.01942599788060756,0.029628664782762274,0.057007682797598026,0.014876810314376548,0.05711409395973154,0.0262248322147651,0.05928470505121864,0.037461144471918055,0.05742626280466267,0.025790356764394205,0.023618862592723416,0.06313935005298481,0.05580183680678205,0.05323737195337336,0.020575768279759803,0.01986930413281526,0.0041504768632991875,0.03196750264924055,0.0013687742847050513,0.016646061462380783,0.00587248322147651,0.016734369480748853,0.002914164606146238,0.014879901095019427,0.011435888378664784,0.024593783115506886,0.01152419639703285,0.0035764747439067466,0.019471918050158955,0.02154715648180855,0.00035323207347227127,0.01638113740727658
649,62.38937535701085,124.49634420886396,540.1033029804106,0.18856479956990693,0.21562003964920531,-0.12911330264440038,-0.09382599711031214,0.20832937740667312,-0.957585528846477,-0.24051983844628874,0.2605100132724035,-0.9143508898222505,-0.17546073720641103,0.24356678203017368,0.30971573535835484,0.1483716944995128,1.531708611941803,0.08120795672188434,1.1861019454991433,2.381048351869897,0.07707335102987131,1.4591445179933469,0.1746886865360707,0.7332125936628473,0.17188434528409663,0.5380165317025638,0.1414653405463526,0.23997883135647324,0.553434696414771,0.45101239877692273,0.2583895030408925,0.17052518396559255,0.3972648768522563,0.7719834682974362,0.14495480662612142,0.3076509525889587,0.9489600483854709,0.04297570646147643,0.8650582977722523,0.03507946641577904,0.8062901112193811,0.35297873055340884,0.14394677598198985,0.2739827290749639,0.511172339639125,0.3384630892779141,0.17966466180571888,0.0018816572023789523,0.35210510399516143,18.437360005380622,12.058031781843349,33.61998151047485,0.123888686445406,0.11353714123491422,0.09228447500017462,0.09805815100028532,0.08086590791079205,0.08531923992613166,0.12027412119618988,0.09110514237729243,0.08994439597306589,0.10828871026355863,0.08706410965997397,0.5233779793272502,0.34611003111684396,0.6002322024105181,0.2094362211053536,0.45776528410590794,0.7325823124194528,0.18066888571622383,0.4226043255521651,0.30853493884909494,0.4398723904608891,0.3356219514346986,0.4548302817651227,0.2533748283587121,0.44813058107765386,0.5521212181766846,0.45486229144757945,0.4516673898766455,0.37609985176865685,0.4893399026805978,0.4195603744291577,0.35206118134551356,0.4615289820585728,0.22008294452240537,0.20280576207686937,0.34166703336527976,0.1839837896324876,0.39521085001174544,0.47790419599416734,0.3510416532669851,0.446007709860977,0.49988356161243824,0.4731948332259395,0.38391434404821073,0.04333797038749179,0.47763455203422756,0.6984946236559141,0.6565255376344086,1.9011458333333333,0.009913407258064517,0.007186525537634408,0.004612768817204301,0.022494966801075267,0.018340917305107528,0.005971041700268817,0.01927897258064516,0.015269901041666667,0.00847772620967742,0.016490255376344087,0.014405107526881721,0.04403192204301075,0.032563844086021504,0.08817809139784946,0.021699932795698925,0.053462365591397845,0.13412130376344086,0.019222446236559138,0.07286290322580645,0.02422715053763441,0.08431922043010753,0.042324596774193556,0.07504737903225807,0.033721774193548396,0.030585013440860218,0.07509005376344087,0.07121135752688171,0.05218413978494624,0.022513440860215055,0.03528225806451613,0.0228494623655914,0.02120295698924731,0.022446236559139784,0.009543010752688172,0.007056451612903226,0.016935483870967744,0.004099462365591398,0.027318548387096773,0.01538978494623656,0.02446236559139785,0.02940188172043011,0.035114247311827954,0.029469086021505376,0.0260752688172043,0.00026881720430107527,0.02728494623655914
650,36.519626017830134,88.43812236490618,461.1785072897557,-0.04287637990409063,0.11585497731003185,-0.01566274017572656,-0.029424338418460937,0.11754455157542404,-0.9732500448971712,-0.17344121109716457,0.17068196359949792,-0.9490014816710116,-0.10368018409449324,0.1468731936532458,0.2830176048405265,0.16067136558205397,0.40310997393067494,0.09344855331337903,0.3304245116024589,0.40640629525924504,0.11544044285668308,0.8124263782948731,0.12348331241350453,0.8247282031476296,0.22316404364198128,0.5613861800392649,0.11149077918316115,0.16013227768658878,0.8551575424028837,0.7482720221428342,0.2671980303176596,0.3805799620224647,0.2978983618164848,0.16690804930642722,0.017604840526536,0.019085320717067363,0.12207524701490136,0.13668694280840654,0.22326284960252327,0.0809436451997039,0.6805703067168742,0.07128833960928196,0.2016671494319462,0.025425638054777766,0.30179266840462166,0.47317434263461106,0.45486144636477743,0.010234623925847253,0.299732869878665,24.145915133606792,24.44096526737651,61.14184656667204,0.10116813962042771,0.0922426120067854,0.08841046685022128,0.07557201801773748,0.07608700630402959,0.11536954548091953,0.09075018002691139,0.07475022586121793,0.11431334434101555,0.07530751055145184,0.0710491143205537,0.4381077780052244,0.39265622621204416,0.38711929015370866,0.26486610152754037,0.3701949616698129,0.545760125109249,0.2546565081817302,0.6196219186130598,0.2446189275849185,0.571039697962156,0.3896571922627837,0.5505023541098314,0.19694500899003828,0.3574181798302883,0.9006557601662901,0.7840683130725592,0.5003735219077877,0.485537271356169,0.4573419503784939,0.37289975563586564,0.13151223045771415,0.13682716760621602,0.32737796273096353,0.34352208148302504,0.41643982886956776,0.27275293917671506,0.4662631888259617,0.25731001364287825,0.40125140752314625,0.1574165572982162,0.4590431740142264,0.49928790020665825,0.49796635603763945,0.10064890676477894,0.4581482643021257,0.5974476987447698,0.5780141615706469,1.4498551657547474,0.006529996781461217,0.004935757965883489,0.0035055037013196014,0.012993107531380752,0.01237925719343418,0.0040523679111683295,0.013621597038944317,0.013198974541358224,0.005422591309945286,0.010170936594785965,0.011305181847441262,0.033952365626005794,0.027188284518828452,0.04369005471515932,0.02016092693916962,0.03953138075313808,0.06546700997747024,0.025483746379143867,0.07481235918892823,0.021371741229481815,0.08052751850659799,0.03840971998712585,0.06324686192468619,0.029670743482458965,0.023001609269391696,0.09992983585452203,0.0912944962986804,0.05162021242355971,0.018216929514000644,0.014419053749597682,0.01583521081429031,0.003540392661731574,0.002961055680720953,0.015577727711618925,0.014097199871258449,0.02658513035082073,0.01126488574187319,0.027454135822336658,0.011908593498551657,0.020984872867718055,0.006501448342452526,0.03801094303186353,0.014161570646926296,0.016221435468297393,0.0009011908593498551,0.023785001609269392
651,57.309630681818184,102.74332386363636,557.146778409091,-0.22270340909090908,0.2805554545454545,-0.07212772727272726,-0.10870840113636364,-0.06733279852272726,-0.9472472961931817,-0.2147535874431818,-0.034614169886363635,-0.9216981669886364,-0.1654185227272727,-0.05187136363636363,0.3706357954545455,0.10842272727272727,0.3042676136363637,0.0875869318181818,1.3026352272727273,1.5643051136363637,0.07448806818181818,1.7987551136363635,0.0853971590909091,0.29733238636363635,0.4559852272727273,0.7620846590909092,0.2176625,0.36368068181818186,0.6354869318181818,0.8379068181818182,0.2630107954545454,0.2857954545454545,0.20931818181818182,0.1203409090909091,0.4,0.6623863636363636,0.7844886363636364,0.2047159090909091,0.4555681818181818,0.014090909090909091,0.050170454545454546,0.5761931818181818,0.4063068181818182,0.2177840909090909,0.295,0.3313068181818182,0.2702272727272727,0.044147727272727276,0.21482954545454547,21.676510575324816,23.39175654845243,31.138660596158125,0.15261602208082706,0.15138224092343663,0.21451836631989318,0.11116729566991673,0.12027577048644278,0.16990660163144716,0.14395855463313223,0.1528682767096654,0.16847779977728436,0.12768357868046656,0.1382769477438689,0.5851605645197302,0.2596358491937185,0.4467972890064141,0.2578628192191796,0.6116148079819196,0.7080876008975873,0.14950565119946116,0.893778777827971,0.1942760990804049,0.671096889875715,0.7624400211486134,0.6151841033261223,0.4619806950298275,0.694693014437175,0.758406635936775,0.8514399980612205,0.43903454961400984,0.4518052798375718,0.40683348529066365,0.32536900550963543,0.4899118667050935,0.4729094796204544,0.41118830523353117,0.4035053365157379,0.4980360496084513,0.11786918492600697,0.21830274338271358,0.494174538524479,0.4911570973035414,0.4127515722814088,0.4560557174652877,0.47069650388718,0.4440897423258415,0.205429071066704,0.4107157123431255,0.4785896925961703,0.8815955452014319,1.9869935791806357,0.00982209216432752,0.00791090402863799,0.00408097050968805,0.01937537575998636,0.01828076714586056,0.006029306153758736,0.018946256150917665,0.018183636570259672,0.008040263651343827,0.014624580942098986,0.015573953065515084,0.039014716745269615,0.02622649014148531,0.04324791181317121,0.0201465992385931,0.04655264503664981,0.11552360929598272,0.019252230240354568,0.09244218421501221,0.014438320359111315,0.047682822887664074,0.11632138189669868,0.08809534632649582,0.05080402295584976,0.036123643388828904,0.0981748963009262,0.10724643445650323,0.042033070060798906,0.013978066935621342,0.01511449514176942,0.008864140007954997,0.04517302119438604,0.01795556565713961,0.02403545656003182,0.016250923347917494,0.020682993351894993,0.003068356156599807,0.004318427183362691,0.028978919256775953,0.03954770157395306,0.021819421558043072,0.04636627081084153,0.017387351554065573,0.01306892437070288,0.004432070003977499,0.01454628103869538
652,-6750.364212035383,-4960.591475226406,11061.912741704255,0.06989499632854294,0.0017168432462673507,0.021558481065771528,0.1151756393580195,0.251215239204168,-0.9115089502430155,-0.09908798262176996,0.24986895290045102,-0.9150005877128571,0.008654708206580649,0.25710598272666874,0.3753543830203853,0.23496066296024334,1.7647739431448652,0.07971992027693275,0.6457841183258155,1.2854424979894403,0.057495716633448726,1.055736564215532,0.057063184027413554,1.638656596384489,0.28459281793069685,0.5611248645057519,0.12762858841218225,0.1563033672506032,0.5912129794748068,0.3520028672331201,0.22770201755306133,0.18881779083184727,0.26479946851288505,0.9257666351970348,0.022028742263715515,0.10080772054966956,0.8922339941956012,0.026504423231581524,0.4944578481765097,0.08766040770656316,0.9105563131578027,0.08937375432707437,0.18661491660547572,0.09189132487149901,0.9191929787754817,0.3839295080247561,0.351131158432113,0.0029021993776006155,0.3585440050351411,329593.35665143,247197.1111939542,514979.09906472644,0.15983627953900106,0.16299550404212365,0.0993940041029955,0.07578606124887116,0.10298986794533738,0.1900321135879595,0.07652643477597108,0.09216465973769525,0.1893569140319298,0.06756077661694251,0.09963428892554745,0.6914234662314168,0.6222695537597341,0.5804517881745822,0.2638164130920323,0.5175745937275821,0.6789933014849099,0.15053805209020116,0.5405872592936638,0.27856454181982937,0.653616882086591,0.6326287997818251,0.5990394528504163,0.261345079955657,0.4022619272158651,0.6999512491825788,0.4082897245676652,0.38260019220747665,0.3913706536181696,0.44123408467839703,0.2621548691426567,0.14677952888293935,0.3010792149465531,0.31009007724812604,0.16063262747495233,0.49997802486631177,0.2828053344415269,0.2853880894515184,0.2852874554390552,0.389608902891483,0.28887752980637454,0.2725432879993186,0.4863495776376538,0.4773322060507803,0.0537947748805483,0.4795813212232467,563.1519931463737,422.7184628295684,881.4158822295269,0.007485348625778027,0.0043749562906496954,0.0029975522763829635,0.02066824994754878,0.016102545003147072,0.007782144205888524,0.020387856213721234,0.01729512805091265,0.007903863696762011,0.015378907615917195,0.014946289950346178,0.03830757395622071,0.03273026085740262,0.06435484998950976,0.01929505559829359,0.040085320651793835,0.1014147842506469,0.014901741380516118,0.07357857192810686,0.007255052800895167,0.09830058046017204,0.04967340373452689,0.07821595915798309,0.0368200573466676,0.0348248129239807,0.08346247989369887,0.07005035317155046,0.047594936708860766,0.010839918875445836,0.014056927057836212,0.00496538219455906,0.0062242114833205115,0.009581089586684384,0.009441219665710888,0.00496538219455906,0.03937338275403875,0.01125952863836632,0.005804601720400028,0.014056927057836212,0.023707951605007344,0.017483740121686832,0.0062242114833205115,0.020141268620183228,0.017973284845094063,0.0006294146443807259,0.026225610182530248
653,-8.40078708577731,10.614668872512157,642.6965959793453,0.014065824434752091,0.008105278989321701,0.03263763974532511,0.07724827693387477,0.1693980646713791,-0.9536787075249411,-0.08989144778663458,0.17998492194314933,-0.9528065268461423,-0.00634220684814759,0.17803739910763522,0.1404020654735048,0.05873464681405725,0.7330706371885496,0.11865393292224397,0.07492204341504988,0.3573028525592821,0.11037399107635235,0.20344162029377852,0.06188750187998195,0.5287963102220886,0.16131849400912415,0.386095152153206,0.1062124630270216,0.13282348222790394,0.6319912768837419,0.5001433799568857,0.40529553316288164,0.5102521682458515,0.5457462275028826,0.14227703414047224,0.9134205644959141,0.010477766080112298,0.07199077555522133,0.12237429187346469,0.12693638141073846,0.013535870055647466,0.6374392139168797,0.10823682759312177,0.21662405374241742,0.12693638141073846,0.17631724068782273,0.2953326314734045,0.2795407830751491,0.010026570411590715,0.24700456208953728,27.76883727049439,26.133104697479915,115.16667100616435,0.15372247802224265,0.15204750258363137,0.14013171398945107,0.123573151020943,0.07673341918411732,0.13030963097774687,0.11170037523246268,0.06807139980566122,0.12991842276435683,0.11318811061875324,0.06982174094712408,0.21226634843748982,0.11911318395072443,0.3521308289535271,0.3263260599276999,0.2234326239832097,0.3827594906833939,0.24860704989510513,0.33965963410353095,0.2657909758690339,0.3357356246759454,0.3465619282895194,0.3123513545119722,0.2157273765467913,0.3235767671968413,0.9027807433783178,0.5929824919279756,0.7444167237104109,0.49990741304569675,0.4979153658920688,0.34934280861338746,0.2812248241689943,0.1018258429902228,0.2584791156725777,0.3277258138159474,0.3329100368922311,0.11555656501249503,0.4807515463162593,0.31068707068719503,0.4119545860376549,0.3329100368921979,0.3810993997065016,0.45620357516670107,0.44878483800347957,0.09963200260423064,0.4312802258844742,0.6369347237541362,0.5965456733179585,3.8444550285771593,0.0071741201243357075,0.00576707109194826,0.003731725659280056,0.020963226862528828,0.019640082021457936,0.005739865085731475,0.019473729720244658,0.017897145342424547,0.005701175072696281,0.015355409605936027,0.01630131354657575,0.027226511581269423,0.019716233831344628,0.053481399779404394,0.02255690363982753,0.012843677930412113,0.07721147097162338,0.015784618469868644,0.03582673217687757,0.010863330993682944,0.0636338112904843,0.04120124335706408,0.05492880778100873,0.025242153815301316,0.019286573749122633,0.0862087636618871,0.06541662488719543,0.0729524716735185,0.028877970520405093,0.018449814499147697,0.018850897423042214,0.011280457234533239,0.0016043316955780607,0.01413817306728166,0.00456231825930011,0.014539255991176175,0.001504060964604432,0.0247167351849995,0.0121828938132959,0.0442193923593703,0.012634112102677229,0.026170660784117117,0.013235736488519001,0.009625990173468364,0.0013035195026571743,0.02416524616464454
654,-0.11235322310088675,40.11205966930266,460.8918284208004,0.18276587586867962,0.0663538820992092,-0.10424988018212317,0.10173640306733765,0.298079470824347,-0.903206139168464,-0.1347615076683441,0.3377480781212557,-0.8842884259525522,-0.01798759884974838,0.32905781212556906,0.29517972681524085,0.21099329019889768,1.088578360891445,0.061752935537982265,0.9554852624011503,1.177940929786724,0.055759046249700454,1.4538173975557152,0.8802240594296669,1.8849922118380062,0.19381140666187396,0.5140660196501319,0.15541816439012696,0.16757368799424874,0.6160759645339086,0.37828660436137074,0.5479283489096574,0.1991972202252576,0.17391564821471364,0.13737119578241075,0.028097292115983705,0.25143781452192665,0.8596333572969087,0.01593577761802061,0.8959381739755572,0.6049005511622334,0.9260723699976037,0.20788401629523126,0.273124850227654,0.13671219745986102,0.7982266954229571,0.3296189791516894,0.24125329499161274,0.010244428468727534,0.3362688713156003,25.017076874174336,36.82880967881909,115.49987308273484,0.1749502295844128,0.09333380997785518,0.1694138815228473,0.070637739680508,0.09394249507958845,0.18243512498457384,0.06471210916024597,0.10558637980458316,0.18039933493327293,0.06353660293174358,0.10648726753459055,0.6317021862215898,0.615232623931698,0.4299840646794489,0.1709527253023659,0.6727502185743536,0.8089171460906746,0.1527335025125965,0.5712651392226755,0.731916100383928,0.6365385308364645,0.3565747923619473,0.43986808682991785,0.2974826563242991,0.4434886245531803,0.8324123002416958,0.47192873761015647,0.9950857129901843,0.39940861881998696,0.3790482859655638,0.3442491103942614,0.1652557725863277,0.4338526437594639,0.34737742816066386,0.12523085940659673,0.3053498783549119,0.4888866874980361,0.2616609204221878,0.4058055171574967,0.44557778300771267,0.34355355262353354,0.40133587890819983,0.4700888709854836,0.427856412414361,0.10069800214486006,0.4724462821354495,0.46665867832963875,0.6300461326463364,2.224438320052723,0.0076447187106824036,0.0037821580492480972,0.003397579533880535,0.013359245341800968,0.013009008148103768,0.007671329399077347,0.012285088670541011,0.012525165059013839,0.008009137019950872,0.010613324546162602,0.012504882871008328,0.03370499071355821,0.02992510934036307,0.059928104966748545,0.018153495895991852,0.03649212150260619,0.09100413396441197,0.014406566413036968,0.0536792283266431,0.03215984662392906,0.0660194116589779,0.03252111916601761,0.053770295368761614,0.025476005032652328,0.02315199808279912,0.06451081421125157,0.05359355341201845,0.08343418608831106,0.010065304655203403,0.011023905098556108,0.01857288358995866,0.0033551015517344677,0.017314720508058237,0.009705829488946138,0.001977113414414954,0.006590378048049847,0.011083817626265651,0.0025163261638008506,0.0141393565394524,0.024624048888622612,0.009945479599784314,0.015816907315319633,0.015876819843029178,0.01755437061889641,0.0007189503325145288,0.02168833503085495
655,-17.555751763926246,40.868358476591425,594.818500760145,0.07286095193544614,-0.18033960940240906,-0.04544057225275796,0.1770482814095817,0.29401900752348653,-0.9194673705999298,0.08007017140295482,0.27609599871360074,-0.9405478294936266,0.13581113320079521,0.2937150040930885,0.2890047947608467,0.0990519627334035,1.9413600748450472,0.07898530386309595,0.036516976571940904,0.31357229173975754,0.09062020036642889,0.6797243987058045,0.11352629322106576,0.6538876544653647,0.2768475421977936,0.45592952091373334,0.1157474759287413,0.19553853350485326,0.4790094725763068,0.3758597434997856,0.33676061279382524,0.4777608856663938,0.3803063969126418,0.21615405605582194,0.29298717498928,0.0066658870307566365,0.12778232565391962,0.0925038007250614,0.11830974934705493,0.03625306981639574,0.1559661638015047,0.267687989708806,0.25006821814212765,0.15339336529840564,0.07149261294975247,0.2741979495575566,0.17456048025572057,0.0,0.37134058394729663,11.95181259292761,9.390518678352155,35.60626869857894,0.07052246906077181,0.0927022645881595,0.08447195588237613,0.08265957123801845,0.07648570194041997,0.10856573275087456,0.07190805691312738,0.06180746336378616,0.10686985873921019,0.07632808633536353,0.071557482025696,0.4718055771065437,0.23398019361630915,0.5185467797470942,0.3062351991072076,0.1543370721880449,0.4450839741910733,0.20666598858128304,0.508694457534763,0.23329711969802197,0.4815703019534473,0.5691546991830109,0.39776262820428515,0.18178488032813686,0.39322342779265373,0.5317742475987735,0.3925747037120291,0.5138744726148988,0.499514913032719,0.4854715529380503,0.4116285766406811,0.4551414785610201,0.08137389696356492,0.3338537819928267,0.28974147114783577,0.32298083380536624,0.1869228364189854,0.3628303340986374,0.4427626585630515,0.4330605213112727,0.36037328328249985,0.25765094024894625,0.4461179129102903,0.37959812441603247,0.0,0.4831726970654265,0.3639092468423515,0.3066817402151879,2.3420396070481835,0.006653243411819741,0.005733120224543894,0.004583229377826291,0.016519634414470605,0.014188015710276001,0.00743459788710432,0.01628515932480898,0.014605990605021053,0.005588255028847653,0.012106892250116949,0.013784695150475597,0.05505379697489476,0.033046156245127085,0.07828668329954779,0.01870263527210354,0.006424450335256509,0.05915523156089193,0.019707625136441604,0.086935911429908,0.01994698269140808,0.0960720411663808,0.07612193980976141,0.09249181350382037,0.03928894433182598,0.026428348666770626,0.08318415718072665,0.07544090129424606,0.0733042257913613,0.022298456260720412,0.027990020271323874,0.03773584905660377,0.038320598783720565,0.0007016996725401528,0.020895056915640108,0.008732262591610791,0.016840792140963668,0.003508498362700764,0.01925775767971308,0.03414938406362077,0.04794947762357711,0.03352565102136286,0.008732262591610791,0.016840792140963668,0.02237642289100265,0.0,0.04210198035240917
656,-51.33481581703911,-53.748001047486035,593.4523393854748,0.25868653980446926,-0.026702121159217877,0.06434549581005587,0.1395176520164106,0.3991045806127793,-0.8776991336417598,-0.009652620199022344,0.4033258338861731,-0.8859952143418297,0.07143470670391061,0.4189453561452514,0.5125065467877095,0.3383375523743017,0.7240009601955307,0.11831878491620113,1.3927775837988827,0.9732550628491621,0.08413102304469275,1.1423380761173185,0.5570875523743017,1.9478125,0.21416593924581007,0.8693824196927374,0.1611915153631285,0.15427287011173182,0.9855102129888269,0.5609553945530726,0.30709977304469277,0.2552810754189944,0.2491707402234637,0.1721368715083799,0.1194570530726257,0.4915328212290503,0.10396298882681564,0.04259776536312849,0.9060317737430168,0.6936103351955307,0.9696229050279329,0.23852129888268156,0.39106145251396646,0.12251222067039107,0.9196054469273743,0.4488477653631285,0.2998428770949721,0.015799581005586594,0.38569308659217877,16.533611490215268,27.347947669569386,40.4511079196638,0.10258179300434013,0.09696847420030522,0.09079587938784923,0.07992007281190401,0.09362704875986229,0.1294490521652939,0.07863455906715407,0.1003808893450432,0.1303979668343284,0.07973892800944539,0.10298959335357238,0.9782879713762268,0.7626673744457432,0.693213513591382,0.3274991001240083,0.5296875645170183,0.7608497955526109,0.19133315403037607,0.5342923123461361,0.4561557466754137,0.7009064435021779,0.4042247033552292,0.8041214478682603,0.2766608692878128,0.3456195061073493,1.0698056369711797,0.6027816156421284,0.5115703554087199,0.4360286066629013,0.43254230793561227,0.37750760117810717,0.3243326327401521,0.49993921184835144,0.3052191863533282,0.2019529049548581,0.2917908750310187,0.46100359411024994,0.17162637521880317,0.42618870990039537,0.4879987568359453,0.32788362059738396,0.2719089844020206,0.49738742090619553,0.4581989625795667,0.12470217703362996,0.48676921743204693,0.6267251538562263,0.5818427829426912,2.0749683558116185,0.006846100126576753,0.006161625420103879,0.0036860460041028323,0.017237297673606565,0.014867417310462224,0.009436260267993539,0.016559151193749726,0.015761619396796298,0.009434026362882457,0.013912792981537251,0.01497018899218716,0.04014665444546288,0.034214132949238356,0.06806162978481953,0.023022565579852473,0.05258085635720833,0.10453232071930511,0.019930164549779583,0.08057265069180743,0.049182488760857235,0.11299332198507267,0.05458251494915106,0.1015913753218978,0.041319017066038154,0.02636244598664397,0.12051590938850333,0.09438217450133124,0.053764567238444416,0.01047531753306272,0.012483086726899743,0.015800270612369605,0.016891449522063638,0.027672297149840687,0.015451093361267513,0.007070839334817337,0.011042730566103618,0.03125136397363712,0.002487887914102396,0.025358997861289336,0.030902186722535026,0.018419099995635284,0.012526733883287504,0.023132992885513508,0.027585002837065165,0.0013967090044083629,0.024005936013268735
657,1.708057231511808,27.054249267367695,472.154966385106,0.12782396138596794,0.05306533356317876,0.026368488191691082,-7.273149456989616e-05,0.24108806119634543,-0.9544467004654371,-0.08722531753146008,0.27209469967247024,-0.9423789962420271,-0.0454048957076366,0.2612250646440269,0.49139389760386143,0.172825374935356,0.2419296672987416,0.09034890536114464,0.06164350973970005,0.02727908981210136,0.08029546629891399,0.3035859334597483,0.028983623513187385,0.7379489743147735,0.17043578693328737,0.6434232028960525,0.10130494742285814,0.21069436304085504,0.7116845371487673,0.611431132563351,0.2614080330977418,0.44809515600758487,0.41872091018789864,0.02254783657990002,0.8738148595069816,0.010032752973625237,0.04278572659886227,0.054300982589208756,0.08777796931563524,0.06264437166005861,0.496500603344251,0.18714014825030167,0.22771935873125324,0.038441647991725565,0.1250818824340631,0.4302361661782451,0.4314773314945699,0.0036200655059472507,0.20282709877607308,15.930676762446,20.67100263435693,21.184630719379125,0.08723297003695679,0.05685538007354885,0.052624780490366466,0.06747019413362414,0.05980810841929871,0.10531772396311818,0.06322219100121088,0.060107204946933585,0.10479089093329241,0.06415491152056177,0.061459368625087774,0.7435304505183473,0.4058160112229702,0.2780748221125198,0.2435854260431739,0.21821366349005952,0.18954642360857052,0.22519422407148432,0.3875444074394591,0.15163077542832998,0.736979911926664,0.34237757953229575,0.5957989971286101,0.17154044493864867,0.4651729775385714,0.7955993832455945,0.6267484684688849,0.5231858508773397,0.49730716240894757,0.4933579849241337,0.14845939350899306,0.33206362709713316,0.09966162390942095,0.20237717324003376,0.22661455471074918,0.2829766035833003,0.2423263892142165,0.49999637328840607,0.3900307140630857,0.4193677572298237,0.19226326256575035,0.330817439488175,0.495117621567957,0.4952909261385411,0.06005901258329458,0.40211172759165387,0.47299682802372084,0.5151806647358985,1.3914253206454281,0.006283374706936974,0.004042821679768308,0.002642980278582264,0.011082248138187834,0.01183014601434285,0.0050708861881119845,0.010896544786925939,0.010977470348917391,0.005292001689422149,0.008482692042476899,0.010555544062887879,0.029438698110605434,0.02474831057785133,0.04156254309750379,0.01891049510412357,0.011659081505999173,0.0053978761550131015,0.017926492897531378,0.05448489863467107,0.00641083988415391,0.10254378706385327,0.049795200661977665,0.0829106330161357,0.03777754792442422,0.04750448214039443,0.11607571369466281,0.09639911736312233,0.06259102192800993,0.008136808716039168,0.013929113225761965,0.0016549441456350847,0.017894083574679354,0.0013101641152944421,0.006757688594676597,0.00799889670390291,0.01461867328644325,0.011239828989104951,0.03820162736174321,0.0292373465728865,0.026961798372638256,0.012067301061922494,0.0258585022755482,0.022410701972141775,0.023445042063163703,0.0008964280788856709,0.02254861398427803
658,10.112996694326386,10.021962490723874,525.5415131889631,0.06113576873777237,0.004413479052823311,-0.08189846859610066,0.12283253693584294,0.22659160638872022,-0.9513852286649126,-0.11284502978479388,0.2790055147406058,-0.939097541759428,0.005511569857653646,0.2593276327329151,0.22807360183498615,0.09600350806179585,0.30598900357552455,0.0559728125210821,0.9138136679484584,1.7601386359036633,0.09396815759292991,0.4835144707549079,0.10501315523173448,0.7907400661134723,0.2905346421102341,0.5905596033191661,0.17266713890575458,0.13484922080550496,0.6211826216015651,0.5433458139377993,0.19322741685218917,0.23159954125345747,0.12497470147743371,0.7012750455373407,0.3179181002496121,0.20923564730486408,0.6198138028739122,0.10918842339607367,0.44481548944208327,0.2250556567496458,0.9777710315050935,0.16632935303244958,0.2595965728934764,0.17769682250556568,0.8700330567361533,0.284490319098698,0.18498279700465492,0.0029683599811104367,0.35249274775686434,17.462476304258814,27.04949739834695,47.869366815277516,0.09730096213091306,0.08472900130690204,0.09670332092699517,0.07180751296301699,0.08895179632153137,0.08780372888974348,0.06921539446243075,0.0868530147598954,0.08675922539499924,0.06502704123260501,0.08786875912172909,0.4761795266375943,0.22799686460421892,0.34214453455184146,0.16311345993670215,0.4493496068864794,0.5069589712752439,0.19844854359272265,0.5162812761701858,0.25574508892640535,0.5966405009995122,0.4413310883724084,0.5282184601553633,0.3338836828740146,0.26648966327305645,0.8234718396600393,0.6037429614150006,0.33838295735866636,0.4218615849077299,0.3306958033002508,0.45770669932859204,0.46567531236617543,0.40676980277482416,0.4854406261576667,0.31188073462198695,0.4969537203737219,0.4176260184088416,0.14742989732451497,0.37238229930058503,0.43842066081690867,0.3822637712265904,0.33627273342215797,0.45117894884016646,0.3882901588622186,0.05440265299703817,0.4777544449777888,0.3413088210490808,0.42131556754933375,2.5199628942486085,0.006155000843312532,0.00395648507336819,0.0031195479844830488,0.021605503019058867,0.019713132534997475,0.006585070602125148,0.018786279912295496,0.018085250295159387,0.006900744307640412,0.015154933378309999,0.017115095294316075,0.03437780401416765,0.023658964412211166,0.04023342890875359,0.01726361949738573,0.04442300556586271,0.1080475628267836,0.01752403440715129,0.052887164783268686,0.016524203069657614,0.07293675156012819,0.03366031371226177,0.0583761173891044,0.03490909090909091,0.021675156012818348,0.09016056670602127,0.07225974025974026,0.05094214876033058,0.018249283184348118,0.01403272052622702,0.02499578343734188,0.04155844155844156,0.018654073199527745,0.024590993422162255,0.012548490470568392,0.02155506830831506,0.01909259571597234,0.0027323326024624728,0.01821555068308315,0.021453870804520155,0.020914150784280654,0.0163265306122449,0.021622533310845,0.021993590824759657,0.0004722550177095632,0.032754258728284705
659,47.33880126182965,-3.375537711499857,406.7669890763094,0.2767743827723753,0.07529929347967776,0.10801376541439632,0.06618329976275515,0.5191056438720442,-0.8341615341919336,-0.2548976952316396,0.47638280611100964,-0.8234509966629299,-0.11225833615767657,0.534627369189457,0.3325262663920536,0.2025348697760513,1.6847076152983806,0.08631123393383217,1.17362098182861,0.8607565763745864,0.047013582918372133,1.4652676173840498,0.033210887191386186,2.814716218682379,0.18237896602966863,0.6380183538858617,0.0987280027113695,0.21269285919128192,0.7733224704747503,0.37934822848502225,0.24015668587220065,0.3313084964934693,0.2807831686523972,0.8983757853846756,0.0011210470057616603,0.12268946997940403,0.16656672836770342,0.0008603383997705764,0.8383085225643299,0.00899444690669239,0.9786740360299293,0.13916625387804052,0.10983653570404359,0.12120343092525485,0.9822718147926063,0.3770628568449044,0.29652996845425866,0.0031545741324921135,0.29394895325494697,36.57398576188299,25.797116961690847,36.422744095599704,0.117038674137375,0.08131964114947185,0.09756069139714317,0.06088956377789425,0.07728104982623694,0.09577604997159249,0.050405331859830316,0.08123757209059511,0.09697479152546502,0.0526641198535136,0.08799436318027729,0.5996718130494024,0.49970143433889497,0.6671312391555582,0.23425074520741465,0.39184481694295953,0.44530675173753403,0.092293322094525,0.47810191560128273,0.10968005727264786,0.5805087840224782,0.3402890036276901,0.5879676715337605,0.18613465864676204,0.5207418467740197,0.8362565814302126,0.3812156139158814,0.4015712880456034,0.4706898688271452,0.4493876342809566,0.3021574322528126,0.03346370353129978,0.32808469972211207,0.3725934415398422,0.029319287656047254,0.3681723475334845,0.0944128128032552,0.14447045156120025,0.34612444438991824,0.31268997458749404,0.3263677928645323,0.1319634444221582,0.4846571805769317,0.4567333847931336,0.05607766738814464,0.4555747766286049,0.34182657211388057,0.260777974762749,1.6351991865679423,0.0066881583063927415,0.0028704765877568044,0.0026854207946605487,0.01719025417144645,0.011511000964646993,0.008155188184377934,0.013466964516633647,0.012622608170820733,0.00849277304724163,0.012880853060798834,0.011917952862655127,0.034681405777453336,0.028036291584106792,0.0857088851809365,0.01894410261758265,0.040962039837313585,0.10871962665554281,0.01567368860152258,0.07455183022212952,0.008558243821044947,0.09968766294712691,0.04665345708624466,0.08509698612994057,0.039849827927833974,0.022444467619146938,0.12120867660861404,0.07803811659192825,0.04591693607258317,0.01449577641047033,0.014026488684951507,0.009620398373135886,0.0003650015642924184,0.02007508603608301,0.028365835853582228,0.0003650015642924184,0.01725935968297007,0.0016685785796224841,0.0004432161852122223,0.017155073521743665,0.01248826780686203,0.02758368964438419,0.0011732193137970592,0.03524872249452498,0.03204192303681302,0.0004432161852122223,0.021952236938158308
660,-15.09890897755611,102.98973815461346,458.8315367830424,-0.011132450124688276,0.08078042394014961,-0.004477743142144637,0.02415860969451371,0.12833737528054862,-0.8340241114089775,-0.12322713379052368,0.1670609326371571,-0.8182477235349127,-0.05071455735660847,0.1501720698254364,0.26248379052369075,0.10493422693266832,0.033430174563591014,0.05939931421446384,1.6581468204488778,0.7049688279301746,0.05413092269326684,1.8805321072319203,1.7811368453865335,1.586249064837905,0.19176091022443892,0.49876215710723193,0.1883709476309227,0.17832886533665837,0.4470557980049875,0.3135293017456359,0.22028647132169574,0.4193890274314214,0.35389650872817957,0.0024937655860349127,0.0017768079800498753,0.7955112219451371,0.36175187032418954,0.043453865336658355,0.8245947630922693,0.87035536159601,0.8373129675810473,0.3223503740648379,0.13977556109725686,0.1401496259351621,0.8729114713216958,0.25626558603491273,0.17515586034912717,0.011970074812967581,0.5376246882793018,18.12225053338014,18.779526686840715,25.10236619197367,0.12979806872918065,0.1295372503456164,0.05414519992497148,0.06356993188877512,0.0883173186019579,0.35246951600017473,0.08112807987454199,0.09899223410147533,0.34600772100345106,0.0555709991985237,0.09018644959799339,0.46108066189687724,0.2573498454636106,0.10312199179260188,0.1649023853154687,0.7318724611788142,0.6567257171967821,0.11193540782778358,0.7846311390751074,0.7661071064044259,0.7184004912818633,0.3690377988482306,0.4910845772483827,0.42386472718577717,0.35432736574846957,0.5436171094721339,0.3370193166243364,0.39874300872999,0.4934667788163632,0.478185003603835,0.04987608909722594,0.04211539176531465,0.4033338427659564,0.4805149863483323,0.20387967689538142,0.3803192719110767,0.33591728685295363,0.36908563815494067,0.4673835896384367,0.34675942930558795,0.34714761251823717,0.3330773075450644,0.43657699988584214,0.3801062860565964,0.10875275076531479,0.49859014426990406,0.548268337541694,0.9802549954799089,3.6143925932853267,0.023185853673742946,0.01423579288631192,0.00966280120951401,0.03416835331525296,0.044411802144705255,0.09004299897128963,0.04314684983945884,0.04641442725770754,0.09208230805199664,0.02730346955952492,0.04091851366937872,0.06017581595436267,0.033610773403160946,0.010471336388291405,0.024773216122697093,0.1425736463106705,0.1535584026933508,0.02083606097446928,0.17816047881791824,0.1596305994575891,0.16948751519685776,0.05797842825524486,0.10722435238006173,0.039641198291717326,0.057446304435923815,0.10751737897066617,0.09492315845257021,0.05923532529068861,0.041616010474141964,0.03173415630163035,0.0007481529972879453,0.0006234608310732878,0.027214065276349012,0.04769475357710652,0.007232145640450139,0.031391252844540043,0.02422145328719723,0.028928582561800555,0.0460425823747623,0.02384737678855326,0.019576670095701236,0.02394089591321425,0.04089903051840768,0.03485146045699679,0.0029302659060444526,0.04264472084541289
661,24.30109548246431,-16.068728229944963,555.6234465154618,0.13742543008322475,0.032617378818899714,-0.03961565050918663,0.08924028817570262,0.30455459573506344,-0.9374111115158604,-0.10892684205908161,0.2897983136483288,-0.9399963371799304,-0.01040094126405913,0.30480605706080993,0.1343098726368688,0.11119811747188171,1.9768454359328882,0.06649259485761387,1.8965734265734269,1.8068470312957003,0.04982078757744157,1.2144002765295543,0.86986146932915,1.870806190007711,0.18542715839293786,0.47152277380414265,0.11139354941636309,0.1677422957270866,0.6245377436251961,0.5434005158339759,0.2275545747028637,0.04469674811880135,0.2548060304714297,0.8123587439176793,0.00489244595708474,0.9747932675689329,0.9738626392618788,0.0035097981866042704,0.9801643223696456,0.6054667765694381,0.988247493950916,0.14023239118296152,0.26344757903693267,0.04639846845170039,0.6267382807306762,0.3117338934829429,0.2208779813342551,0.008987210508123056,0.19279959584142092,17.65646743370409,16.861085391404558,30.08916966029753,0.059818666351234104,0.07891681810611492,0.057302997433757816,0.07234381316679447,0.06112725891340587,0.07530243457898506,0.07189053664818712,0.06131859931572635,0.0756841898159527,0.06879891004642984,0.061061119036007784,0.23265567217218286,0.28855015066669515,0.5305282108191568,0.1985511388216768,0.41308732489485933,0.44243910814525617,0.11477378397382365,0.4319926170710857,0.5353780912114005,0.47385535782147326,0.3089423618881551,0.4440667936690559,0.2133057109304155,0.3668164566479296,0.6470482038680416,0.5830149116037839,0.36240407756973536,0.2066399869221766,0.43575792159229265,0.39043061903321075,0.06977563603253835,0.1567546057557398,0.1595458427572999,0.05914027816621079,0.13943722778985088,0.488756698976005,0.1077714873152933,0.34723259285414754,0.44050892358198723,0.21034929777102462,0.48367719463859477,0.46320792112872117,0.41484391595868136,0.09437519471999439,0.3945022811651037,0.31838172729206554,0.3241863433312061,2.2677781323122734,0.004911029568176984,0.003052143161029568,0.0022079876621995316,0.02214234263986386,0.01594533503509892,0.006750234418208891,0.0217351004573495,0.015015788608806637,0.006493266299723463,0.01654836736864497,0.013718570516911293,0.028716230589236332,0.02513560944479898,0.07078653477983407,0.019329398000425442,0.03969580940225484,0.10088970431823018,0.012970112741969795,0.05532493086577324,0.03418900233992767,0.06290443522654754,0.03118724739417145,0.054215858328015315,0.029686236970857267,0.02557620718995958,0.0882663263135503,0.06408556690065943,0.04000797702616464,0.005637098489683046,0.01789512869602212,0.02244203360987024,0.0009572431397574984,0.003137630291427356,0.004520314826632631,0.0010104233141884705,0.001542225058498192,0.030365879600085088,0.000797702616464582,0.018825781748564134,0.032333546054031055,0.010237183577962135,0.04339502233567326,0.036960221229525636,0.024595830674324613,0.0009572431397574984,0.01893214209742608
662,5.197481901164621,9.290088920365124,551.0998858986464,0.0036508105130626384,0.002659584513692157,-0.06906960182562165,0.10027694967736857,0.17997918866068616,-0.9702126912968209,-0.09362895313975447,0.2727523172017627,-0.9490910114494806,0.003526125275417059,0.23123988825936415,0.44241816178785015,0.2001416430594901,0.8083624488511174,0.05780925401322003,0.6346891721750079,0.7248504878816495,0.12075385583884167,0.37269200503619776,0.7681814604973245,0.9390596474661629,0.197823024866226,0.6253367957192318,0.1369255587031791,0.16042807680201449,0.906137472458294,0.7312252124645893,0.24967658168083104,0.23414384639597105,0.2522033364809569,0.5496537614101353,0.042178155492603085,0.35572080579162735,0.18547371734340573,0.164620711362921,0.20270695624803273,0.358160214038401,0.6787063267233239,0.13499370475291156,0.3689014793830658,0.15675165250236073,0.24095058231035568,0.3830657853320743,0.300519357884797,0.004524708844822159,0.28080736543909346,11.415735675153979,16.354687974547254,20.421277791764016,0.08562127212637631,0.07964698295337598,0.038693806964396976,0.06579200728217569,0.08376194548681715,0.05150311865606745,0.06832124354783124,0.0801783383677213,0.05222586708197127,0.06638308766744305,0.08412628488194379,0.6892389453707235,0.4814794193366245,0.5856647208612704,0.17403790443561407,0.6765366067158625,0.5583631480933291,0.27825178334200856,0.5439595368140793,0.9232155727604217,0.8457489565378263,0.3381775024075304,0.6451211751239232,0.25675489376717947,0.34938013418550123,0.9624987587222261,0.7713494552868843,0.3997028279102507,0.4234708505746919,0.434285889982639,0.4975381831366766,0.20099937380795774,0.4787405683313953,0.38868902965259194,0.37084517491794033,0.4020238864162971,0.4794689981933256,0.46698247174899354,0.34172357099955675,0.4825166715830303,0.3635736140429129,0.4276687917915245,0.48614369083345643,0.458492905530332,0.067114924436742,0.4494024201422616,0.2530080661026953,0.43277591973244145,1.5359669486523713,0.005559866220735785,0.003268424158961242,0.0020010623647452293,0.013930582215227225,0.014944007515246901,0.004263838914027149,0.014025819752114893,0.012236366004328154,0.004627277710013772,0.010226401731261062,0.013083179224867205,0.038872712964784575,0.02835844973440881,0.05915561676175487,0.017347235884320283,0.035787527050954164,0.09356521739130436,0.015172142435569547,0.0324151091874877,0.025373991737163096,0.06029037969702932,0.04220145583316939,0.06459767853629746,0.030097186700767272,0.021405862679519966,0.07975880385599056,0.07459413732048004,0.0698571709620303,0.010899075349203226,0.011449931143025772,0.01967342120794806,0.00904977375565611,0.010072791658469409,0.01786346645681684,0.008971080070824316,0.008971080070824316,0.008105449537674602,0.01868975014755066,0.015896124336022034,0.03486130238048397,0.02108990753492032,0.024001573873696634,0.026559118630729885,0.023922880188864844,0.000629549478654338,0.04036986031870942
663,32.64140616267372,-32.42591750810387,632.1878236894073,0.3796820298818883,0.25721655054212156,-0.24272275420097614,-0.06244688181377846,0.43047418909050256,-0.8678387999925482,-0.19285361347293117,0.47000262055218156,-0.8262921141622266,-0.14694738999217555,0.4792390178471627,0.17636797198107232,0.10785275159283132,0.15860166176087037,0.061619657960430715,0.6827113528820001,0.1348083013525094,0.13527217854614554,1.5651015313536272,0.7979954543760945,1.4270095756175714,0.20009389321509743,0.7107548716420136,0.12756138455233057,0.17722903237825552,0.7581534334364172,0.7983963635008756,0.3705685755803122,0.06062073847758859,0.16829986214091433,0.1057416446216327,0.010730653153992324,0.1802228100897947,0.059428443682700546,0.11721748202243004,0.9385595588509259,0.5161891277618391,0.9527553187525616,0.16140690785796788,0.3798949290212005,0.14274004247550207,0.0795111591340959,0.36350087559148997,0.32918514102611873,0.008234285927195498,0.4245687246171616,25.98491156724569,32.848135440682476,62.34359323369392,0.10648800997337886,0.1477120347074527,0.1279885357408781,0.10216425583385005,0.09715634040415029,0.13230143867079178,0.09933765864167403,0.10532672980980837,0.1338548219430556,0.1132671641299026,0.11438894114790159,0.315503845341917,0.3076293438183155,0.24256354849086467,0.18907794488045448,0.6280575555819867,0.32756671819132677,0.27624616785458284,0.5110036859543298,0.6302062644420698,0.5526861216346746,0.35368064392987875,0.6474659054744044,0.2565299728490622,0.332814386066194,0.8381980938714256,0.829614945368206,0.5863112873593711,0.23863777232683767,0.3741393244468882,0.3075123942051859,0.10303349832468786,0.38438009026132064,0.23642924207662142,0.3216852492206675,0.24014092111123883,0.49974715359558575,0.2121657336578854,0.36791270887520944,0.48536949799382945,0.349814067977635,0.27053994488498323,0.481016226281307,0.46992607070118403,0.090370275812937,0.4942865826987961,0.5280870407630971,0.4531820552947314,1.8539682539682543,0.0077072807213652275,0.005748826291079812,0.003960988151128997,0.02098161111111111,0.01343245633057605,0.008355340859974662,0.015080865936358894,0.012390111073850508,0.009564806692003876,0.01598181682688725,0.012606639839034204,0.03499813696996795,0.025536925255235116,0.02947499813696997,0.016607049705641256,0.04018294954914674,0.0332386914077055,0.02041172963708175,0.06857105596542216,0.0395774647887324,0.07548848647440197,0.035292868321037334,0.06120947909680304,0.029058797227811312,0.01743758849392652,0.0768287502794545,0.07341232580669202,0.06292942842238618,0.007489380728817349,0.01710261569416499,0.008271853342275877,0.0026082420448617634,0.011662568000596169,0.005775393099336761,0.010321186377524405,0.007303077725612937,0.018667560921082047,0.0038751024666517624,0.013637379834562932,0.022244578582606752,0.01214695580892764,0.009613234965347642,0.015761234071093227,0.014233549444817051,0.000894254415381176,0.02317609359862881
664,9.425173852573016,61.03045897079276,604.4025869262865,-0.03265663421418637,0.010031126564673157,-0.024009596662030598,0.06140708133518775,0.13521991735744088,-0.9535510629485395,-0.10031213588317107,0.16499944937413072,-0.9447866523783031,-0.02007173852573018,0.15274789986091794,0.28520139082058416,0.17555577190542418,0.17907454798331013,0.09408789986091794,1.1553084840055634,1.3378189151599444,0.11094075104311543,0.9614912378303199,0.5207591098748262,0.7674150208623087,0.24198581363004176,0.6039068150208623,0.13837997218358833,0.2275318497913769,0.7380250347705145,0.6870236439499305,0.3016242002781641,0.27755215577190545,0.33079276773296246,0.20027816411682892,0.8177190542420028,0.17312934631432544,0.4191098748261474,0.07488178025034771,0.37468706536856744,0.2357719054242003,0.5389151599443672,0.26609179415855355,0.2964951321279555,0.14083449235048678,0.5099304589707928,0.4121001390820584,0.30884561891515994,0.006731571627260084,0.35546592489568846,26.7508858743816,34.91405465937338,49.494736216756564,0.14862001761428573,0.14004919659615284,0.13964997628981946,0.10328905419703298,0.09710549227720831,0.15392382803881208,0.10434333767968844,0.10384681531279319,0.15337767439237954,0.10004148851253897,0.10116768095312156,0.47119312692573495,0.4444135623935903,0.3883683259626803,0.2554644685592124,0.6056650262599104,0.732452757678138,0.25507408433699746,0.577699622407716,0.4926401208628183,0.6315417240174316,0.4040122059402827,0.5429803300460592,0.24875859406280715,0.5334351284594925,0.7339388400710871,0.6883385035028612,0.5200789483521387,0.44779742564632463,0.47050512261661614,0.4002140383406728,0.3860812723392628,0.37836431906883333,0.4934202670462637,0.2632041531938107,0.48404874329773995,0.42448619086512496,0.49849024313099216,0.4419189785170235,0.4567182621939075,0.3478555792252227,0.49990832913426086,0.49221982266120967,0.46202374446410266,0.08177067667292574,0.4786609179016644,0.6295084703329716,0.7368382987009375,2.262697154301928,0.009223399816406576,0.006815766780717126,0.004093910818103424,0.023295032184483568,0.01761296406019639,0.00506758043339175,0.023426481765834933,0.01632244098584105,0.005640479095385128,0.017009012768088125,0.014978692035939805,0.03499068124287185,0.02806030765807116,0.02308882027316476,0.02006954296364294,0.04840885699184957,0.11070850371359427,0.01859606664997636,0.07197001307407716,0.037681715763999,0.07452307435533673,0.04344905282483519,0.08121755820746057,0.03511641492113828,0.030481793652118283,0.0989640880135748,0.09877993824584828,0.05812929427800495,0.019638932932765862,0.020862889092881583,0.011738852262928036,0.021335781245653565,0.012462099084814599,0.03020946340649253,0.006982113549751036,0.025258004395115302,0.015243817630532142,0.025842165289715988,0.015466355114189546,0.03040418370469276,0.02283790926034104,0.03179504297755153,0.041336337589362705,0.037553200367186845,0.0010570530473726668,0.03051545244652146
666,-18.615537980809115,9.175162458866799,483.35369023587646,-0.036003816055083925,0.15783239775461105,-0.16910231452036611,-0.03435796673395459,0.09823634527002738,-0.965493628211155,-0.112772779194204,0.15183040270442166,-0.9536282212482372,-0.07527635981528082,0.12794864917180546,0.501077620772613,0.17809694992119018,0.06159417083759643,0.08468517545557613,1.184307994358875,1.253329093272129,0.12986726764925474,1.7580610015761968,0.8103592069242043,1.072912368995935,0.30478251251278937,0.7763103171750132,0.29772944722506434,0.21509581616569423,0.5189522440063049,0.9474661947294194,0.327938500677488,0.27605563697702074,0.3258026159334126,0.047921909133644885,0.8156956004756243,0.6816912313690789,0.8176589331637308,0.11702568924038381,0.9212454718911595,0.5165500649835467,0.7768713878826424,0.271548267566297,0.23767386555318973,0.27871028399192543,0.03166219616735337,0.3744434919669275,0.28656361474435194,0.0075768050217072695,0.3976993059204159,20.575156711478986,28.47187520030278,131.1934299794415,0.1443799397058866,0.13249552015271596,0.12535540089832548,0.120623656256115,0.09644536620287801,0.12799640599579767,0.10018548795615381,0.10683096380715384,0.12890559293870266,0.1045996452303396,0.09632097891122883,0.8798645872932908,0.46376734611390985,0.2231689870288624,0.21704916338576452,0.5411534628346081,0.6493923404005654,0.29846369171001486,0.5664439298493162,0.40010956942925924,0.5867708210073441,0.5191957391949346,0.6364934605085648,0.62552936190347,0.40279638036618814,0.5754069263794054,0.9402515782800542,0.5673726317980694,0.4470508346486112,0.468680430128768,0.2136039827652474,0.38773759830639504,0.46582646650255033,0.3861307098573502,0.3214553386340664,0.26935897743174975,0.49973292978252465,0.41634964640706745,0.44476429268714923,0.42566419811407036,0.44837085182180875,0.17510154009692439,0.48398557900590544,0.4521620981827885,0.0867156559324687,0.48942945551044953,0.8813284663458879,0.6352248216359715,2.4200542005420056,0.00991764836015707,0.010081964493114319,0.005962806260715668,0.028051321967811512,0.027056036059952434,0.006932348155522372,0.027492472678502293,0.027612444997511202,0.009312425529561418,0.02067272274763564,0.022887478568663237,0.06624246446546098,0.03950832365466511,0.015282340578507825,0.022414689453016976,0.06518334162933466,0.12542917980200208,0.024089928654388585,0.08425363641391516,0.056592279188098005,0.09314141916929373,0.049801725568276084,0.08320751064653505,0.04872601072949505,0.03370167579226812,0.08553066755157347,0.10970217355234778,0.07990763785188872,0.02527515071069078,0.02820640451302472,0.0060837343067308225,0.018914883026381283,0.02820640451302472,0.02156960345113655,0.012831148719650461,0.008627841380454622,0.04286267352469443,0.02051877661633759,0.02430728388916542,0.030667551573474918,0.022592776948177646,0.00663680106188817,0.0353409656545545,0.02792987113544605,0.0016038935899563077,0.040567446490791435
667,25.429233738660493,-40.76487936691758,599.5597761049991,0.25926543138390273,0.07744311908897897,-0.04978405713182783,0.029927512526539277,0.4543996604902529,-0.8413667037251495,-0.17394381563404746,0.46816118722254385,-0.8157222957344142,-0.08274383323682687,0.4884778228141286,0.22022698320787487,0.13394672843080485,0.5836911793090137,0.05555105192047867,0.7366462072958888,1.566181818181818,0.05527465740204594,0.5176135881104035,0.7396560509554141,0.3106539278131635,0.15413703918162516,0.45650028951939775,0.09360007720517274,0.14716425400501834,0.4104794441227562,0.4839123721289326,0.16493302451264236,0.1298204979733642,0.16301872225439104,0.8264427716657016,0.17166570160200734,0.2430804863925883,0.45717043041883804,0.012121212121212121,0.5710866628064081,0.604709515537541,0.4707971434086084,0.13453001351090524,0.3700443929743293,0.04030110017371164,0.6896738081451457,0.23999227948272533,0.21849063887280448,0.008878594865856012,0.2760856977417487,12.342583745132766,24.02574970055798,81.38103361049492,0.17278673464910407,0.07316646992114599,0.11786529466915158,0.07460041158039975,0.10914517660216354,0.170622132425529,0.07538015602561104,0.11570092910316322,0.16721058604950326,0.07420872690012804,0.11974347057657256,0.5121221646640889,0.46573932731077344,0.37663400691318144,0.1476303141244062,0.4870232667826831,0.5947183326056975,0.1381413213371377,0.3963569564635304,0.5243223160555758,0.37238523869774254,0.2535492294665339,0.4804946620929996,0.17608516639561012,0.3458300904200031,0.5162555025117744,0.5463040573816992,0.34524857155105215,0.3361123283535709,0.36938988308947135,0.37873559907597193,0.37709690778835947,0.428951589789512,0.49817186610078906,0.10942920357140122,0.49493044189224544,0.4889224326176361,0.4991560990955194,0.34122746623558753,0.48282557850464647,0.19666828566230796,0.4626360434474282,0.42708667328769323,0.413230046511126,0.0938088755175852,0.44706834013056296,0.24429431747992586,0.3525748919085855,2.048853458925262,0.006203675108091414,0.0033154725138974674,0.0023107242124768383,0.020070184450277948,0.012394905458616432,0.007631193406423719,0.017669733091414452,0.010759718113032736,0.007905572266831378,0.01598656578134651,0.011028103767757876,0.03363534589252625,0.03114885731933292,0.05112916924027178,0.01910978999382335,0.038353150092649786,0.1056798177887585,0.014273471278567018,0.0496517912291538,0.03486063928350834,0.04583307597282273,0.032902254478072886,0.06469618591723288,0.025595274861025325,0.023793236565781348,0.06793931439159975,0.05821263125386041,0.03926806670784435,0.013588634959851761,0.02138665843113033,0.013820259419394689,0.028798641136504016,0.01605929586164299,0.047676034589252625,0.0020846201358863496,0.030226991970352068,0.024011735639283507,0.031655342804200126,0.01679277331686226,0.04072730080296479,0.00887893761581223,0.03644224830142063,0.02038295243977764,0.016715565163681285,0.0012353304508956147,0.0253242742433601
669,115.58728739384478,17.390232536134175,535.8865824521563,0.22965805596953137,0.2929706668559127,0.04027428855297707,-0.23833685901166227,0.3471819986752773,-0.8917134707969627,-0.31886490294041114,0.38916259331015063,-0.8498608528375086,-0.30774376079294113,0.39755541362098734,0.22124050812575402,0.0978028528848201,1.6295320890402856,0.1465372696520238,1.068271000402148,0.8775570695242827,0.09413857545005087,1.6907120384169565,0.3798729685614931,1.8205452652993637,0.23314195822392544,0.5978688524590163,0.1749338821469969,0.19089608024034255,0.6735119343316065,0.4409251768268161,0.30205119106758443,0.1445130461523904,0.21940718662030137,0.8279043361010574,0.7561091003713954,0.19267617628273365,0.7323350602039127,0.032597639155016206,0.900835048376032,0.12239490928015519,0.9679700991176401,0.34911172616090647,0.27712724434035907,0.18801599129467983,0.9715657748444634,0.3297376576065101,0.20760296170132236,0.009556927589714475,0.3543396494216166,24.943353930173426,13.92568306653424,28.665356643483104,0.12965835506298057,0.0954475641419734,0.09430943713854632,0.09304148579506011,0.09763204897871512,0.0689458865430223,0.07946761904823313,0.09144473695255563,0.07329287456624817,0.08707451139160477,0.10037638412899659,0.4115994674287736,0.2545362172013531,0.4625048781562721,0.3820142677627243,0.5407706227000275,0.513945290846765,0.20604045661731238,0.757015206762312,0.5774068873143964,0.6375811078496132,0.3872899813368942,0.5172239109115994,0.31325096899012306,0.41136227544788745,0.6949394783388663,0.45680106212649085,0.4985157578793337,0.35161335334726695,0.4138498817719207,0.3774680342612127,0.4294327550675577,0.394405561783056,0.4427471704280094,0.17758316102429716,0.2988868970737521,0.3277452310741004,0.1760815713584727,0.47669498036809776,0.4475851581563359,0.39072956098501843,0.16621183326778805,0.470123348775199,0.4055956897611451,0.09729242851251402,0.47831838187028575,0.6095429598788797,0.3689676381529144,2.1760669000757007,0.011154049962149888,0.0066382002271006815,0.005521834784254352,0.01989295434330053,0.019829829508894777,0.008978376608629827,0.016649255440953824,0.013818348575889478,0.00945615923069644,0.014807579485238457,0.016444383989401967,0.03276849924299773,0.024168480317940954,0.06258563588190764,0.020331188493565484,0.04723244700984103,0.10130440953822861,0.016758847464042395,0.08098126419379259,0.026620457986373962,0.0869821631339894,0.048323949659348976,0.10198050719152157,0.039166114685844064,0.034678274034822106,0.10346517789553367,0.0773878690386071,0.04418030847842543,0.00903671461014383,0.021054125662376987,0.016961582134746404,0.017552990158970477,0.012821725965177895,0.026305828917486753,0.0036903860711582134,0.011260408781226344,0.008942089326267978,0.004447388342165026,0.031462906888720665,0.03818130204390613,0.02297028766086298,0.0019871309613928843,0.039009273277819834,0.029286525359576078,0.0017032551097653293,0.022993943981831945
670,74.87208355091383,77.85445430809399,531.2627049608354,-0.02369415143603133,0.15727253263707572,0.027657545691906003,-0.08359394694516971,0.1269715115926893,-0.9634020034986944,-0.21263382804177544,0.17568587044386422,-0.9351225978590079,-0.1528593733681462,0.15571707571801566,0.5264584856396868,0.2710992167101827,0.19329242819843342,0.11134830287206267,1.403446997389034,1.280829765013055,0.07692323759791123,0.6045900783289817,0.5240344647519583,1.6632464751958225,0.2708308093994778,0.5994073107049608,0.1354856396866841,0.17779373368146215,0.8591498694516971,0.6054558746736293,0.3357702349869452,0.3500261096605744,0.28203655352480417,0.014046997389033943,0.9064229765013054,0.34668407310704963,0.6278328981723238,0.03618798955613577,0.5115926892950392,0.19660574412532636,0.9138381201044387,0.1637597911227154,0.11007832898172323,0.08114882506527415,0.8945169712793734,0.41007832898172325,0.337911227154047,0.0035509138381201043,0.19138381201044385,25.003510741917548,17.713592141290363,37.4519223156398,0.10751485976354755,0.08705142521521379,0.09955490327308547,0.10115131443224765,0.11932644165709122,0.10909812239831349,0.09618795787356059,0.12665563998919352,0.10862432509841738,0.07832778536396294,0.11796677747937599,0.9035585648037189,0.5958313399919386,0.3752763260229268,0.28521139907072934,0.6132541393184469,0.5990500127737795,0.15838469920960432,0.504700819012435,0.5152568872815295,0.6431982575121125,0.4888843424027931,0.51390683356812,0.24024888673184475,0.34782877980100424,0.8411489187214033,0.6199700377272443,0.637509809796733,0.4769902652481422,0.4500027894850153,0.11768773305658714,0.29124696335748473,0.47592652222094,0.4833952340304932,0.18676252405254415,0.49987864332136156,0.39744203863621674,0.2806102674682577,0.3700671200648955,0.3129955370274125,0.273070663244176,0.30718282317688383,0.49186047445462683,0.47301047896582293,0.059485205106480664,0.3934007246925551,0.8148623949031281,0.7096036346545511,3.1735599770222986,0.0072080004177763855,0.004771580761397461,0.003180792730690897,0.03129588359705467,0.033127864431563,0.00857592579246958,0.02672372520758264,0.031447894302574546,0.01150879831845005,0.021543892631469004,0.029076453078489738,0.04378818737270876,0.03180792730690898,0.023045589848033843,0.02474907305864536,0.047657841140529525,0.11423886364823228,0.01642801190662698,0.06263460232910334,0.03665570003655544,0.09814455062927567,0.05571465872891535,0.07881925949135725,0.03389837589430258,0.027914773617421274,0.08345553292600137,0.07953209044858739,0.04627656796699567,0.016658833359444358,0.016658833359444358,0.0021933260222465924,0.01399550890385921,0.022037704318763382,0.026215468170661654,0.004491096140790642,0.019948822392814248,0.015771058540915976,0.008564415896391456,0.01822549480390621,0.021567705885424827,0.010235521437150764,0.009922189148258395,0.023865476003968877,0.022194370463209566,0.001044440962974568,0.01890438142983968
673,45.72363072492662,39.62669878717394,444.9084510162264,0.16808993742039097,0.0918530209890901,0.01747422052389655,0.009235874840781972,0.343146844603201,-0.9170751947721105,-0.21093965021875172,0.3124199732513706,-0.9039657878385113,-0.10908063354931605,0.34274635875283826,0.2391748352439497,0.1422434512931273,0.374897269756881,0.09489616215318158,1.2924766018718503,1.473370991859113,0.09682560779753004,0.7970426981226117,0.5302481032286648,1.8140898266600212,0.19311015118790495,0.6099822783408096,0.13049952926842778,0.248653153901534,0.5315107714459765,0.5748806557013901,0.20392645511436008,0.1932214653596943,0.4638090491222241,0.2767347842941795,0.06540399844935482,0.34468627125214596,0.8055601705709697,0.1406102896383674,0.38361854128592787,0.1636484465858116,0.900924849088996,0.2787838511380628,0.41363460153956916,0.22617267541673589,0.670543279614554,0.2684831367336767,0.25807166195935094,0.03599712023038157,0.34955972752948994,34.565948320168864,31.259929621834438,28.592024058146574,0.11612169622972959,0.10736803058591353,0.10118858767289697,0.11398481223857593,0.11206914995960347,0.0897560797196054,0.10775895736005354,0.11461717611769161,0.09200609980164814,0.11571964410681737,0.11967204908056506,0.38643509648760266,0.3281821496669127,0.4647889380048063,0.2542339774311295,0.866043285801793,0.7502882959315275,0.20075864695873233,0.6352686295796028,0.6340419707515145,0.8285457586153488,0.32318417909800334,0.6526549250332865,0.23495657248291088,0.49035628118086316,0.6786451889926673,0.615854396397082,0.34067156030899004,0.39483612323227507,0.49870230433344337,0.4473966121464014,0.2472442128955568,0.4752790290987508,0.3957798087378673,0.34762872226693886,0.48628021935313387,0.3699665021193504,0.2987711646919121,0.44841337070674575,0.49249817325462003,0.41836382421364116,0.4700289616277952,0.44318260264918213,0.43758574419394725,0.18628808184606863,0.476844122101714,0.5410002215330084,0.4892224191404519,1.4179552503322999,0.006131535223748338,0.0038745569339831637,0.0029952370403190072,0.015696362649534782,0.013523457576428888,0.006433578533451482,0.017520296964997784,0.01467505892778024,0.008065171023482498,0.013161442179884802,0.013334736375719981,0.03347917589720868,0.02600132919805051,0.037934204696499774,0.020815241470979177,0.043869073992024804,0.11055715551617193,0.015194949047408065,0.05409780682321666,0.027660057598582186,0.07745458573327427,0.035047629596809925,0.05516725742135578,0.025825210456357998,0.024922463447053615,0.05978788214443952,0.06417035888347364,0.04724911386796633,0.014621178555604785,0.017888790429774037,0.01561807709348693,0.006313690739920248,0.01268276473194506,0.013735046521931768,0.007864421798848028,0.0167257421355782,0.009193619849357555,0.007089056269384138,0.022707133362871067,0.02525476295968099,0.017722640673460344,0.024811696942844484,0.023150199379707578,0.020048737261852016,0.004984492689410722,0.026362428001772263
676,55.50090857142857,53.413268571428574,521.4192342857144,0.35299405714285714,0.17631697142857142,-0.08984919999999999,-0.04901702439999999,0.40126614302857144,-0.8930972664,-0.23435326405714285,0.4294680465714286,-0.8482066128571428,-0.15906485714285715,0.4386302285714286,0.22989600000000002,0.11650057142857144,0.09831714285714287,0.05816457142857143,0.34898399999999996,0.305828,0.07601714285714287,1.2414428571428568,0.10316971428571428,0.7008748571428571,0.22405257142857146,0.34725314285714287,0.14466685714285712,0.31060742857142853,0.3416497142857142,0.3539702857142857,0.32300399999999996,0.16194285714285714,0.16,0.025257142857142856,0.032914285714285715,0.04017142857142857,0.0764,0.037657142857142854,0.2238857142857143,0.06822857142857143,0.31617142857142855,0.18097142857142856,0.08954285714285715,0.18348571428571428,0.0744,0.3178285714285714,0.3284,0.001142857142857143,0.38657142857142857,30.048878971893387,33.22396297919727,30.527274456248932,0.146476204729739,0.08213352636343806,0.12676909840743913,0.06660898528863224,0.09372361368370775,0.10888034166266297,0.061454740945923785,0.10818803105405533,0.10870052839529697,0.06049463777339076,0.10726749807979355,0.43494680065105007,0.32275578262288857,0.29653465927623596,0.17685886626556352,0.4550533537996214,0.6808716887106893,0.20413371884027248,0.438335188483135,0.3784160276460299,0.7092243048390261,0.4831147625569656,0.29919241536210056,0.24751307272812811,0.7295308495697046,0.4150313532922209,0.5595063023697989,0.5350891674765416,0.36840890853047353,0.3666165305040888,0.1569096124677473,0.1784173604914373,0.1963667189728347,0.2656446355644058,0.19037109384576512,0.41685828645511946,0.25214493142754013,0.4649939910595231,0.385005507563976,0.28553387314193285,0.3870752749750814,0.26242822894489065,0.46564574589183744,0.4696445930423287,0.03378781223493296,0.4869779363277234,0.3003543059603406,0.3357734727698725,1.1069889707983316,0.006707697582719011,0.002877307274701412,0.002250814332247558,0.013821479570261155,0.009606748728498772,0.00599230853191611,0.011940321161209213,0.009991567060974912,0.006843236299217099,0.010650208583347618,0.009518829647408423,0.03266186639236528,0.022812732156123207,0.016806103205897482,0.01643293902508715,0.028254757414709415,0.043799645694039664,0.013171609806274645,0.052137836447797015,0.006703811646379794,0.05674438539345106,0.032719583976227214,0.04627635864906566,0.023501342933881935,0.020224584261957824,0.05014115092290988,0.04821418366763815,0.05391965255157438,0.011486370649751415,0.011657809017658153,0.0013715069432539003,0.00485742042402423,0.001028630207440425,0.004285959197668438,0.003314475112863592,0.02291559517686725,0.003200182867592434,0.012915023715640893,0.007543288187896451,0.021829818846791246,0.016800960054860276,0.007771872678438768,0.02068689639407966,0.01525801474369964,0.0002285844905423167,0.011372078404480256
677,36.68690952169406,-21.7176773285947,484.1939434325485,-0.15569831926551161,0.09642470013327409,-0.0335604546127647,0.03949164463941951,0.19835539663853102,-0.9650065929957057,-0.183533746001777,0.14415775255442023,-0.9594932499629794,-0.07399777876499333,0.17445231748852363,0.1333214867466311,0.07034132977935732,0.21217014660151048,0.040469791203909374,1.9072693617651415,1.0389985932178292,0.09055864060417593,0.2124055975122168,0.14611468976751074,0.012244557974233674,0.36497667703243,0.45388012735080707,0.12981785872945356,0.1244809714201096,0.5906978379979269,0.4731145416851769,0.18089330667851325,0.20290981785872944,0.33925662668443657,0.014030801125425737,0.5235450910706353,0.9874500222123501,0.7376721457130164,0.020509403228194875,0.1302754331408263,0.013956759958536947,0.047534429142603286,0.26843625055530873,0.2761735524951873,0.19706056567451502,0.9180734488375537,0.1717384865985488,0.050718199318821267,0.0006663705019991116,0.23993040130312454,24.356537415182117,15.627871487299858,39.924410710124754,0.11970777893718172,0.06206861680757891,0.10081346202402272,0.05771203256951951,0.06839325008047178,0.09870940388062797,0.05759266278242229,0.04308959734522942,0.09811680737771267,0.045892554255617383,0.05242074381130632,0.20401891119058674,0.15912854250994043,0.248179837756291,0.10536308004453122,0.37730035569386877,0.4069539552263557,0.19677909479258068,0.2547447117703667,0.22092967102644562,0.07760354302744468,0.5348554568102044,0.34226359972240844,0.2154544273503996,0.2110832121219693,0.5891203503747775,0.4353603423943459,0.29663944943295173,0.40217336002114557,0.47346580323642196,0.11761993838037664,0.4994545661530108,0.1113235583281814,0.439908076014485,0.14173747328373515,0.3366124468685982,0.1173135896005895,0.21278294892732316,0.44315403670612724,0.4471119794299364,0.39778581803425994,0.27425786400433594,0.37715997266970447,0.21942571870818464,0.025806028486609477,0.42704865682722815,0.3484025026840917,0.22383103180185848,1.7681426085668805,0.006342379030765242,0.005759727518418423,0.0032334604420421304,0.02698161789641257,0.019800165747288143,0.005265294361556403,0.019299649031875903,0.013178778608714968,0.005268662804042797,0.017463885083854724,0.014217541001814077,0.024090185479989635,0.02086705416311873,0.029503905816148975,0.01684572951760394,0.03988189996668024,0.09491466439598681,0.023008403983562253,0.04563696271889231,0.022622635222687055,0.003955425567361445,0.0766243382325719,0.08098922661138054,0.041272074340083675,0.02409536855355226,0.09460849283625189,0.10187479175150864,0.037598756062344973,0.01658583540039243,0.02798859723816223,0.0032579319536485134,0.036725778386583245,0.0006293732183184628,0.03694791011069564,0.004072414942060642,0.021546777238902668,0.002073229425049054,0.006145644367109696,0.025767279997038244,0.060308763096516234,0.02502684091666358,0.00832993965421495,0.026877938617600235,0.009625708044870607,0.00014808781607493244,0.02073229425049054
679,-3.656457038292834,56.378445144102685,556.9028013239686,0.3523908667689244,0.13205796399451036,-0.14406156992545943,0.015130392804284055,0.2961981064826027,-0.8123385128225827,-0.11404832216571134,0.3193940770162267,-0.7950112150103603,-0.053664702241597376,0.31841976803638217,0.2962958477974221,0.18559807324883612,0.11595274615860716,0.07839213153574985,0.5981617825139258,0.4081846559565135,0.06351847366863109,1.1746863647372243,0.308020236269207,0.9993703075805281,0.21612362422970322,0.4580928930868383,0.13969430316729906,0.1526570867307123,0.4493452813433439,0.36784747450283906,0.3506401872931299,0.2559134576572213,0.36705147870078847,0.00869190818331046,0.6512472753693388,0.03794300476305804,0.2700411721966578,0.044428298484970805,0.12125615564704932,0.10548693522779258,0.27684938510804336,0.1812653050240844,0.31449638061408464,0.121901994025995,0.05021393396302575,0.3012028739807863,0.2601652269852803,0.0026371733806948142,0.30418987648341,29.294988666256117,26.362835960401835,84.95921434240982,0.13160420462683825,0.1261320443166017,0.2736760115311954,0.08495197239568518,0.1309806350085371,0.3139314375611588,0.09356462692495324,0.14111374269046847,0.3083050138189106,0.08920141306828916,0.1410956186480663,0.5446327710608437,0.45017505065612523,0.20701193739356397,0.23068620606570633,0.4658851180873428,0.5349220121847204,0.16092433984036386,0.6219620325249016,0.292931209424475,0.5720420210745616,0.47452472137575635,0.5057652054453449,0.30277347890561296,0.40345235262810014,0.5546371250093354,0.43919566121995296,0.6745150805704155,0.43637928940516163,0.4820072019111392,0.0928255933852349,0.47658196960889393,0.19106102554221863,0.44398675894167877,0.20604748786416455,0.3264291160091799,0.3071839530292238,0.44744741667514326,0.38524302457092563,0.46432123451360363,0.32717698336860374,0.21838905246220047,0.4587868424809272,0.4387305111305689,0.05128634787316875,0.460069659285151,0.6832831001076426,0.7469052744886975,2.77240581270183,0.01177787944025834,0.006526883745963401,0.004219079655543596,0.02134763791711517,0.01665875987621098,0.0088999447255113,0.019069955543595262,0.01737001488159311,0.010174971555435952,0.015979063509149623,0.01610048439181916,0.04713509149623251,0.0364967707212056,0.037430570505920344,0.02261194833153929,0.05385737351991389,0.08968649085037676,0.020131862217438106,0.08346663078579117,0.041168460710441335,0.09221340150699678,0.05259876210979548,0.08064989235737352,0.038331001076426265,0.03371044133476857,0.07785495156081809,0.07767895586652315,0.08542518837459634,0.018379978471474705,0.022874058127018298,0.001318622174381055,0.0316200215285253,0.005435952637244348,0.04155005382131324,0.00581270182992465,0.019321851453175456,0.018083961248654468,0.04079655543595264,0.025753498385360604,0.04806243272335845,0.017599569429494078,0.008557588805166846,0.02502691065662002,0.025645855758880516,0.0005382131324004305,0.028229278794402582
680,-50.787798624589655,37.276078882419185,427.7411952172141,0.18938465962188197,0.0033520954640212774,-0.029889679630028993,0.12945658835933194,0.39116504830709503,-0.8976683333333333,0.00999463970958234,0.4197762646347016,-0.894322239019481,0.07774669925478636,0.4234059137852539,0.2147952459684183,0.09430402798744399,0.11861476529365252,0.08025064097956054,0.9024558502863442,1.322164713775669,0.06869072436680804,1.9866240145688063,1.1115872331248653,0.6151635396448855,0.2024956269618767,0.43619461816787675,0.11444899719646323,0.16489684422399542,0.8027738240720773,0.5186619701435314,0.21390841779886424,0.11925814103946517,0.23451465267294466,0.04586298612608727,0.057053171351208874,0.04660580356073132,0.26036949176910357,0.08039201591067022,0.9552871828049745,0.0591857762442192,0.6935518654302351,0.13090360146646537,0.20386744303069512,0.22850022763760094,0.32729494644525914,0.3326144777514197,0.26391584597321066,0.02158962931013826,0.25972252174538135,19.70183544069169,22.295110113097557,33.5768347383325,0.13212751219936394,0.08628327483070097,0.04925259318571511,0.08263961778852019,0.10301404958961188,0.06482440056362215,0.0914569592842721,0.09748955284041119,0.05681612294471502,0.07681314103099865,0.10573592338291084,0.3826641293490915,0.21139712651669787,0.2826543943608702,0.27033332364524276,0.4815910939648403,0.6211189870884832,0.1473203296426459,0.6211301637942547,0.37733067737226417,0.5057381748741312,0.43025817004352657,0.42501322331328634,0.2446978065913622,0.3414878587246398,0.8415009050351475,0.5025981304908433,0.34737545487741506,0.32409590207851985,0.42370016760705714,0.20919039465331798,0.23194696834224957,0.21079555824197826,0.4388414681209661,0.2719023927995251,0.20667511871182553,0.23597490211909614,0.4610236092729087,0.33729893973056946,0.40287640528664437,0.4198715254603926,0.46923154237030223,0.47115539492934544,0.44075948913303975,0.14534105884808537,0.43848756039512793,0.4005535320617272,0.36371609316591585,1.4812398159685611,0.007974072654078405,0.004818939902233297,0.002481213457298955,0.021519249760375732,0.013532860346975942,0.007225324355410717,0.016889856033739097,0.012020031175117418,0.006171418360011502,0.015349156522572604,0.011727954567238569,0.03143343237803125,0.02565800824307486,0.01933624077446564,0.018580945078117514,0.05038555544905588,0.11469975079076009,0.017135291862359823,0.07600690117895141,0.04522956004984185,0.08063500431323685,0.046824978433815785,0.0663653790855938,0.03430652736509153,0.02680508961947666,0.0973171666826416,0.07549458449151729,0.04100977667018116,0.013898207610466787,0.023291478960989168,0.003115115498897728,0.011741589188152976,0.0022285057030576056,0.02726924182881242,0.005870794594076488,0.0039538004409086554,0.007260615355123167,0.0332358861305473,0.015767276909805426,0.02496884884501102,0.025496022237132175,0.03704591200996837,0.03488929358765456,0.029186235981980255,0.0014377456148758746,0.02592734592159494
682,42.881159288824385,57.192779390420895,438.8620509796807,-0.06734470246734396,0.11470106132075472,0.02191890420899855,0.013343745645863565,0.18734968895137882,-0.9614747888243831,-0.25423269852140773,0.18036935989658925,-0.9307416671806966,-0.12570446298984034,0.19056685413642963,0.2545183236574746,0.2121961175616836,1.826582910014514,0.10219657111756168,0.8716677249637155,0.7003873367198838,0.08388334542815674,0.7886007801161103,0.16442171625544266,0.31975145137880984,0.17332138969521044,0.5182719521044993,0.1055220428156749,0.3090566037735849,0.8470047169811322,0.46509706095791,0.1765656748911466,0.20187772133526852,0.18990384615384615,0.8540003628447025,0.026170174165457184,0.15937953555878084,0.07973512336719885,0.016600145137880988,0.4672079100145138,0.09769593613933236,0.35286647314949204,0.13792634252539912,0.20609579100145137,0.13085087082728591,0.19439404934687954,0.2827920899854862,0.28537735849056606,0.003356313497822932,0.41119375907111755,18.275262823255613,19.162418890873422,26.83684490208859,0.1462514634278251,0.09760990614026396,0.07664745736838362,0.09535209817449916,0.1240946659947469,0.08993210708868946,0.08028728462794799,0.11862564513398628,0.09124337813522367,0.08557281510414468,0.12569954072630304,0.5545241336211784,0.6012038339727602,0.6774093912145686,0.27542054337632943,0.5816100644371853,0.6397869853238453,0.19143774595359664,0.7325058172207896,0.5018167035292376,0.5432979227997926,0.3275354484315392,0.5092605639659634,0.17757599260970608,0.7413485833393498,1.1444965306949082,0.6080529193369305,0.305471799097191,0.4014105319102144,0.3922337991644429,0.35311386048522203,0.15964476847877693,0.3660379435478119,0.2708888364189118,0.12777057863138133,0.498934834894861,0.29690981550452317,0.4778724545033757,0.34483047966766495,0.40450925498079454,0.337244835256361,0.39574247454571193,0.4503664322498017,0.4516042203734505,0.057837707259686254,0.49206141209008236,0.3865151721322629,0.45089581348936353,1.7724724452306435,0.0058512269242980905,0.0034845103642218898,0.0024241393386855354,0.019557735156710665,0.021190531591599764,0.006621568467365175,0.019509621853313376,0.022065894407402364,0.009207351294960765,0.014436113756973736,0.01983294779335057,0.03541025989930603,0.03135664716287931,0.07373520206830861,0.022645711434662315,0.039215766317412803,0.09417244976640814,0.014098516805007483,0.06318229237537987,0.011521748990792398,0.03756111942667937,0.04033927518483241,0.06194675012473354,0.027794257722139067,0.03072572232049712,0.08109266566879848,0.07480881752619403,0.04150859527373339,0.014106227604662767,0.015648387535719146,0.010069397196897537,0.003175035152174899,0.012065133578264617,0.006712931464598358,0.0019503787363360095,0.018505919172676556,0.005669705628883749,0.018233773302490135,0.012337279448451036,0.023676690706218532,0.022860253095659273,0.021408808454665033,0.011702272418016057,0.009797251326711116,0.0006350070304349798,0.030480337460879033
683,34.26030480839132,62.53183871637761,552.09590300135,0.09561917125350503,0.07326274794890433,0.07086369301069684,-0.011225174654688959,0.3147893945113719,-0.9388798269031051,-0.1408011119015474,0.31075212864783464,-0.930005893966144,-0.08089207082770795,0.3216836639318724,0.22149444386748365,0.1728658219960536,0.48847777546993454,0.09280065427354865,1.6378419358188805,1.420515370235746,0.07266694360785128,1.4201059300031156,0.7526134593415723,2.3984499948073528,0.24637215702565168,0.6950425797071348,0.12480579499428808,0.273299927302939,0.8504408557482604,0.524825527053692,0.1840497455602866,0.27388617717312286,0.37049537854398173,0.004387786893758438,0.04216429535777339,0.3986135631945166,0.29717519991691765,0.040632464430366604,0.9876934261086302,0.5369197216741095,0.9855904039879531,0.28328486862602553,0.45469415307923977,0.08889812026170942,0.9779831758230346,0.4153858136878181,0.2619950150586769,0.004154117769238758,0.21868833731436285,10.534719536926765,10.219420876844161,24.933031797339247,0.15526227549529067,0.05859750359899747,0.07324853833261638,0.0596791890068904,0.11047922691297792,0.04399705626022607,0.05967694219420254,0.10725466996632528,0.045265719546352036,0.05605096444347897,0.11187952824224698,0.42816661643516146,0.4576549925289632,0.3318769650437683,0.27902824611433785,0.7666704547454254,0.5583499519367172,0.15085939727147823,0.3763106212992102,0.5411419529535172,0.5899659855202564,0.5074039477911828,0.6661201461269376,0.21250031025913738,0.7821100088405901,0.898007986530788,0.4955753157835304,0.31634108032935104,0.44595706366802046,0.48294369086552774,0.0660957460368091,0.20096645527393167,0.48961925464680883,0.4570202657957245,0.19743981203385777,0.110251701687141,0.49864154433671326,0.11917352177899553,0.45059940457614284,0.4979496138349428,0.2846003292845314,0.1467400514079491,0.4927948300885224,0.4397256501039298,0.06431926992652723,0.4133620504206711,0.4264546280669869,0.4878021550045437,1.9837985200571207,0.008250032454887708,0.004602726210567311,0.0033396339088666753,0.016582231052836554,0.01051436276775282,0.004038373542775542,0.01776828357782682,0.012567197403608983,0.005907286875243411,0.012559496300142803,0.010593898481111254,0.03275295339478126,0.0278192911852525,0.05723692068025445,0.016926132675580942,0.04870102557445151,0.11487887835908087,0.01848708295469298,0.08585512138128001,0.04713955601713618,0.1136167726859665,0.05727638582370505,0.08791431909645593,0.04282539270414124,0.02424717642476957,0.13158561599376864,0.10050941191743476,0.0437585356354667,0.020070102557445152,0.02321173568739452,0.0007789173049461248,0.0004154225626379333,0.017733350642606775,0.03632351032065429,0.005530312865117487,0.0014020511489030248,0.03546670128521355,0.002622354926651954,0.02944307412696352,0.045229131507204985,0.016668830325847074,0.002570427106322212,0.034272361417629495,0.031831753862131634,0.0007269894846163832,0.02443203946514345
684,21.328187690205578,47.148195764238245,549.7268989503757,0.2445321719147879,0.03611993043910316,0.004461648344823306,0.030380431339668335,0.3910815298118129,-0.9072715460219862,-0.10285772877461025,0.4047892050493759,-0.8953537188373393,-0.03985677908204459,0.4123929569591951,0.1856244953729582,0.09805384758710638,0.9648841686851748,0.07052294888516242,0.012240233525867962,1.1362316005217068,0.05318582696726912,0.7561918514377989,0.009230482578721819,0.07671324762437116,0.15501180050928515,0.5493627724986025,0.09063505372337122,0.139398484566176,0.5634587913794176,0.36530495000310537,0.19974659959008756,0.10362710390658965,0.1879696913235203,0.05282280603689212,0.1635923234581703,0.001863238308179616,0.09328613129619279,0.009657785230731011,0.0022979939134215267,0.001645860505558661,0.015371716042481833,0.0946835600273275,0.1723805974784175,0.022389913669958388,0.7644556238742936,0.4472082479349109,0.2727780883174958,0.0007763492950748401,0.23961244643189863,16.389695446520978,28.2403908906229,25.119262240171057,0.06721010949981975,0.05845305279481262,0.09410686852131446,0.06156639536007977,0.0647226160857468,0.08421922718057946,0.06819046315841881,0.06515885022379134,0.08422483543782668,0.06438947375992801,0.0682630097454497,0.3803061801233085,0.27760812164577137,0.37888466854807973,0.23746334170846983,0.10530651801162812,0.36745000019948476,0.153577754588667,0.27200597816604116,0.10724923503179683,0.23016371130093416,0.2580075398306247,0.46862483222799484,0.16835406807634185,0.32763204184161443,0.5688436995824802,0.3653881092772931,0.3363799879553346,0.30478092441920956,0.3906940319510677,0.2236830591644084,0.36991096821632685,0.04312568151486954,0.29083750746660714,0.09779984376516183,0.04788302765547091,0.04053643640880075,0.12302803102581757,0.2927819076942402,0.3777167689687213,0.1479502794354858,0.4243451600445625,0.497212940397576,0.44539461517323103,0.027852659973640066,0.426853581575798,0.2059625477469644,0.2402627247601006,1.2146951958013725,0.00446681780068942,0.002260364584950777,0.0015982422906120927,0.01575765938945995,0.009311099810564888,0.004913261078848483,0.014045644234651098,0.007620879600012421,0.0045451484736498855,0.011663488711530695,0.0074426881152759245,0.02796900717369026,0.023992112046209747,0.051003384988043854,0.015940809291636906,0.0023763237166547625,0.09203316667184248,0.014593956709418964,0.060528244464457634,0.001459582000558989,0.020385702307381758,0.038869600322971334,0.06504238998788858,0.02874444893015745,0.018124281854600792,0.06182261420452781,0.060475761622309866,0.04082357690754945,0.00990652464209186,0.02111735660383218,0.011490326387379273,0.017421819198161548,0.0004968789789136983,0.02546504766932704,0.0012421974472842459,0.0006210987236421229,0.00024843948945684917,0.0015527468091053073,0.011614546132107698,0.025154498307505976,0.00434769106549486,0.033570386012856744,0.021086301667650072,0.02416074034967858,0.00031054936182106147,0.020744697369646906
687,26.27997482618077,3.208058619036201,489.74016422920164,0.1432879405418365,0.008861723807240469,0.10948915128266604,0.08485135905658114,0.3443177642052266,-0.9116036359685927,-0.13675938351114836,0.29615281581155595,-0.9231871102253657,-0.027876738192280027,0.33084134500119877,0.22197494605610166,0.1127703188683769,1.7132459242387919,0.08277691201150804,1.6237308199472547,2.0740242148165904,0.07402241668664589,2.098729321505634,1.2082681011747785,1.7698013066410934,0.35556641093263003,0.7637320187005514,0.15569078158714938,0.23823034044593625,0.7189447974106927,0.6202667226084873,0.21223117957324378,0.13147326780148647,0.36298249820187006,0.5789678734116519,0.000869096140014385,0.38285183409254375,0.5276012946535603,0.029699112922560538,0.9776732198513546,0.27996883241428916,0.569857348357708,0.47578518340925435,0.3973567489810597,0.24214816590745625,0.9509110525053944,0.323483577079837,0.28886957564133303,0.004345480700071925,0.2754735075521458,18.653268086878057,33.88842141991467,53.61851288299656,0.15001580415112142,0.08591493694146571,0.07914626049490361,0.06911270286122663,0.09789290232740512,0.11756376520750923,0.06388459280707058,0.09034999359575945,0.11843992305632796,0.06439418423780453,0.09866915396642098,0.40690098726115786,0.2938541263988522,0.5749252678080589,0.21707402975538279,0.5867996083745735,0.6377631359816875,0.1603715782283,0.684686281766676,0.6138273149630167,0.6319553893982983,0.6005807694322327,0.6491533766713297,0.2743774234960163,0.43948764165467485,0.7113889635000092,0.6336522598766601,0.3544581902646256,0.3379222837282485,0.48086706477788566,0.49373209386529376,0.02946806467778163,0.48608989740781766,0.4992450682122258,0.16975847329124602,0.1477462325237441,0.44899034151924566,0.49510331958012854,0.49942078202359125,0.4893582937915593,0.42838992923894975,0.2160569871404528,0.46781247426052475,0.4532439744889028,0.06577786226777586,0.4467592593144539,0.33342823748014505,0.3919830970719573,1.7534300356639798,0.007638055563880481,0.00408868043276291,0.0026342494080978216,0.01935722363412953,0.012228063326040699,0.007281132346330208,0.01766316195642401,0.014536343483082085,0.007611986603530434,0.014527527197530494,0.012322264512842029,0.03981448736775856,0.030673419845955584,0.08091377708514401,0.01971768513801061,0.048782929241466114,0.11746635897743281,0.01778643569994306,0.0818299517487338,0.05120568226091647,0.0989987113015854,0.07800911079809392,0.09586477657565858,0.046280456738693916,0.0311325561183205,0.1000209788114005,0.087456468966344,0.03952228249468037,0.012557317109719184,0.02682290886204933,0.02379596607426499,0.0002996973057212216,0.014475379866335002,0.037492132945724815,0.004255701741241346,0.0014685167980339857,0.022177600623370396,0.029340366230107592,0.025414331525159588,0.03362603770192106,0.027452273204063897,0.00779212994875176,0.02379596607426499,0.01390595498546468,0.0007192735337309317,0.018791021068720593
688,-35.44400047321878,3.9726952766851023,511.2827482180356,-0.18736780929283367,0.015258111265564462,-0.06072381769246693,0.12215123699387773,0.11217286575374877,-0.9760165544053709,-0.05246451240720474,0.12098088684156043,-0.9791951250184852,0.03556392889887906,0.11822220579101474,0.34253881872763303,0.12160421164709709,0.30783236224897226,0.1587628286652273,2.212046079678211,2.6518035550560466,0.10981278282215849,1.9635287332524916,0.7928369465558545,1.2725991541214394,0.6848046493744638,0.9707402916210702,0.24271716305344415,0.4800949395167253,0.7058531247227234,0.5702718050338647,0.18159149389252022,0.3700570820147289,0.23184762355446453,0.05243855549968945,0.002691431782555973,0.9891751205229068,0.8785306557037651,0.07479814261630831,0.9405223152228565,0.5245630120375026,0.7129040844695513,0.3778947679749194,0.36834166395551743,0.410014492324983,0.9866315696075242,0.28138771405755525,0.29088166573008783,0.08065422495637514,0.3817692466948626,24.67077447100097,13.500399472963348,15.575030228175056,0.12883940625243437,0.10236957485960148,0.19817276968163242,0.06007076863007403,0.08065740604268165,0.07017015258093981,0.052087351296105984,0.10624580555247416,0.07026247601309388,0.050500619084144674,0.09092161592043056,0.5965820042364879,0.3017747753079608,0.3466163493488024,0.40037098845649055,0.3503862850049256,0.6506927671127176,0.23119361043239908,0.6773492728786715,0.4091402055302274,0.777165185602365,1.1307597698209537,0.7866992164841407,0.459417975805336,0.8375080251902006,0.6567684833908397,0.5405822280520748,0.3126289316617079,0.4828268146181822,0.42201844806880523,0.22291303919568853,0.051809915729260594,0.10347955432646791,0.32667675000476104,0.2630692443239555,0.2365200717348005,0.4994036792583517,0.4524134219995852,0.4848682971585252,0.4823618601486363,0.49184323028153787,0.11484818489716968,0.4496828317497293,0.45417576236055557,0.272307388928723,0.48582761324563234,0.39337769890564916,0.24665187814256134,1.2203342206447796,0.006143626146110618,0.005625229222123632,0.004530375628512274,0.018614579414374444,0.013233235522034903,0.003597450931677019,0.016824019284235436,0.013014960485063587,0.003048599290150843,0.013150606329488317,0.011139100857734396,0.037622005323868675,0.027998225377107364,0.038842354333037565,0.018539485359361136,0.03847441585329784,0.104120082815735,0.018309375924282757,0.08887755102040816,0.054076308784383326,0.09732682638272701,0.1207228630582668,0.10108666075125702,0.05981218574386276,0.038618751848565516,0.09655516119491274,0.10651464063886423,0.041523809523809525,0.017036379769299025,0.022241940254362616,0.006447796509908311,0.000709849157054126,0.0008577343981070689,0.017834960070984916,0.008281573498964804,0.004288671990535345,0.03197278911564626,0.015025140490979,0.024460218870156758,0.02002366163856847,0.024460218870156758,0.001626737651582372,0.026323572907423837,0.014847678201715469,0.006152026027802425,0.024489795918367346
689,21.432102464234887,53.13268669013557,663.3454310538536,0.16109534866302147,0.04770616433225975,-0.06070163283649164,0.07998030671859785,0.26300422444011684,-0.9450512073627444,-0.12165662939105684,0.3021859377574713,-0.9262656610366266,-0.021620028462287465,0.29048247322297954,0.4000209722118193,0.19067860085386862,1.291574039397798,0.07859935585349412,1.371042618530447,0.9295925398846528,0.11079245000374502,1.1914515766609242,0.6686907347764213,1.353501984870047,0.22750992435023593,0.6376297655606321,0.13379597033930044,0.15111714478316232,0.47445359898134976,0.39491910718298256,0.21694929218785108,0.24713504606396525,0.3683244700771478,0.19350610441165456,0.04887274361471051,0.5170024717249644,0.16365815294734476,0.03572766084937458,0.8390382742865703,0.3105010860609692,0.9350984944947944,0.2275110478615834,0.30203730057673583,0.20784959928095273,0.7313309864429631,0.35019848700471873,0.2105460265148678,0.0026964272339150626,0.3120740019474197,11.945226983607025,16.06532525409618,26.263923009193405,0.09570796976563639,0.11205031830005154,0.08411069647883923,0.07792097490780285,0.07767706614954556,0.09769005018930445,0.09542636979656995,0.0890047567694879,0.09605204480533545,0.08000268309626933,0.07725501013070282,0.7205713236073636,0.5529131224748745,0.556655195494542,0.20310658108944318,0.5154217470193491,0.594786204506584,0.2535382241219486,0.6102740988652413,0.46666759695367993,0.5345431418746708,0.5547505694071312,0.5480695883667253,0.24646979387265866,0.3209515910648325,0.48656637791641644,0.3897245589344714,0.3540435098070351,0.43135401160029935,0.48235906585141036,0.39505358718524375,0.21560598197248926,0.4997201897799048,0.36997200989037643,0.1856138070247712,0.36750252590418103,0.4627074450165684,0.2463565972543049,0.4192330534492479,0.45914993724904896,0.4057761818120303,0.4432756856189753,0.47704090937060717,0.40770408672680275,0.05185804882356473,0.46334852923840303,0.3762630613085652,0.5457173888618404,2.722104041047151,0.00910145687427437,0.005660199992509644,0.003749485038013558,0.02961592198794052,0.024940093292386053,0.00958618220291375,0.026064582674806182,0.022610896033856406,0.010631635144751133,0.020814463877757386,0.02114628665593049,0.05415227894086364,0.035612898393318604,0.0903524212576308,0.024310325455975435,0.05262649338976068,0.12681322796898992,0.018656230103741435,0.07837459271188345,0.04152728362233625,0.09150668514287855,0.044242163214860866,0.08048837122205162,0.03721658364855249,0.028266731583086777,0.06772480431444516,0.06941987191490955,0.05262799146099397,0.02172203288266357,0.029736713980749785,0.016928204936144713,0.010111980824688213,0.031084978090708214,0.028163739185798283,0.005168345754840643,0.017976854799445715,0.028425901651623536,0.009063330961387214,0.02775176959664432,0.03554174000973746,0.025841728774203213,0.033444440283135465,0.022883038088461108,0.022620875622635855,0.00044942136998614283,0.03056065315905771
691,33.4552491011813,-21.80419363122753,609.4772393425782,0.43673233179250126,0.16281278890600925,-0.02730544427324088,-0.047513548870056495,0.4849678516178736,-0.8518056353620955,-0.20045514139702106,0.5168923373138161,-0.8094829335130971,-0.14692699024139702,0.5372426296866974,0.2863184386235234,0.1624681561376477,0.019713148433487412,0.07773343605546995,0.6806725731895225,0.26142886492039036,0.09300642013353878,1.0911260914227017,0.9162873651771958,1.8198073959938368,0.2956163328197226,0.6608484848484848,0.13276425269645606,0.3664573703133025,0.703616076014381,0.580590909090909,0.26832100667693887,0.16022085259373395,0.1950693374422188,0.001438109912686184,0.0953261427837699,0.020903954802259886,0.09884437596302004,0.08043143297380585,0.6276322547508988,0.49057524396507446,0.8982794042116076,0.31384180790960453,0.28805855161787364,0.11569080636877246,0.5434514637904468,0.3908834103749358,0.24499229583975346,0.014791987673343606,0.40608628659476115,17.82661965709905,15.399990882489705,22.7614474496473,0.11588287193793755,0.11821643187465297,0.08780687724291884,0.1053232088145634,0.09032126909728101,0.09139044815221647,0.1013760182935752,0.09355186036926649,0.0947401693560788,0.10700830243579829,0.10167186041806647,0.4680683924544927,0.37906257788718056,0.12729228416709742,0.2257977774572842,0.4828458327856655,0.3443375642429427,0.23193946431796678,0.5182117443924648,0.49741158936182184,0.7145063138925167,0.5583337582793392,0.6700041064114413,0.26342804741089687,0.7777954992980229,0.7386963696052197,0.5616319343913088,0.4221220456558599,0.3668154664075697,0.39625916194286065,0.037895628136131815,0.29366866364654504,0.14306468848857143,0.29845678553925375,0.2719634479144941,0.483441836728095,0.49991758519867946,0.30228440707682275,0.4640588947940996,0.4528643165209448,0.31985789194895153,0.4981147880819521,0.48795459255520174,0.4300881550297493,0.12072099664430344,0.4911073286261688,0.6258378489432189,0.4941421197257249,2.378422661085287,0.011583990343871184,0.007061044197334292,0.004606178895195048,0.026307083232748656,0.018630692262256353,0.01326024748966332,0.025089125298543874,0.016154671871388582,0.013956051413749712,0.021361822337502247,0.017907676108785537,0.06248593954647013,0.03502658003544005,0.005010914507306299,0.022864480341046253,0.049939392382957956,0.06850330003338556,0.019947867176866384,0.08337194072780503,0.05654048640180795,0.10647345848635043,0.05436734379413956,0.09612804643159814,0.038903156218701045,0.04097562854721487,0.10570892935103625,0.08154857597781145,0.07273068132206785,0.02103289760908087,0.01861886540486402,0.00041089909859010244,0.01682118184853232,0.0026194817535119034,0.01997996866894373,0.009347954492924831,0.030046996584401242,0.030997200749890853,0.013611032640797145,0.03161354939777601,0.03056062045763887,0.02069904209147641,0.034464161894244845,0.03502914815480623,0.0292765607745448,0.0028249313028069546,0.04555843755617761
692,48.82556414219474,67.9600741885626,503.23088098918083,0.13045255023183924,0.09813799072642967,0.01629829984544049,-0.009160467758887167,0.27036130559505406,-0.9431153347758887,-0.2127677888098918,0.2631401119010819,-0.9209848017928902,-0.11646720247295209,0.2744334466769706,0.33002967542503864,0.22507820710973725,0.6176500772797527,0.04843338485316847,0.608699227202473,0.8036525502318392,0.05083894899536322,1.008810510046368,0.14345533230293664,0.8485483771251933,0.21116352395672336,0.6074145285935085,0.10849520865533231,0.14835425038639877,0.6875715610510045,0.60298485316847,0.2457836166924266,0.22979907264296753,0.2045131375579598,0.09347758887171562,0.24871715610510045,0.15202472952086554,0.24309119010819166,0.02250386398763524,0.6490262751159196,0.04352395672333848,0.9088098918083463,0.13786707882534777,0.28111282843894897,0.12142194744976816,0.8432766615146832,0.34200927357032457,0.31357032457496137,0.009582689335394128,0.32816074188562594,12.738557929359532,19.252118886162958,14.23315307752023,0.10258950476396195,0.05293847380168559,0.06692715777679496,0.043791576187525036,0.07626410099554666,0.11953852668507463,0.04995753501543702,0.07622840006230551,0.11677618427964855,0.04188697448862859,0.07734573876843699,0.7694920102649914,0.6551050384142286,0.5052661699786379,0.12320548211445799,0.43531157651698676,0.5385175718379072,0.118744960899285,0.5597051433980794,0.3239116505408496,0.5529284379941644,0.38334664416248265,0.656999555329611,0.1893801878028812,0.3462236334891108,0.8544945077580369,0.7219847602412316,0.41778723712855986,0.42071653380495455,0.40335787175500515,0.2911095472399266,0.43228287646438673,0.359055958776011,0.428962981562272,0.14831992496871052,0.47728948564996493,0.20403969166593225,0.2878881662927705,0.34477107798849915,0.44955633770649867,0.3266270867752664,0.3635509659845423,0.4743973482058728,0.46395827845256055,0.09742406375176384,0.46955819722961023,0.41222332137999257,0.5568814146160505,1.998850006182763,0.007297514529491777,0.0030098305923086438,0.0022989983924817606,0.01591148683071596,0.020202604735996044,0.007589751267466305,0.016980678558179793,0.021061114195622607,0.008622996104859653,0.012519352046494374,0.01959138122913318,0.04425312229504143,0.0333356003462347,0.05091999505379003,0.019230864350191664,0.04268022752565847,0.10814455298627428,0.013997774205515026,0.054630889081241495,0.013203907505873625,0.06626808458019044,0.036437492271546926,0.054937554099171504,0.027263509335971315,0.02217942376653889,0.07780140966984048,0.06633362186224806,0.053310251020155804,0.017435390132311115,0.017435390132311115,0.009706937059478175,0.04105354272288859,0.018177321627303077,0.032768641028811676,0.0030913812291331767,0.01626066526524051,0.00506986521577841,0.008594039816990232,0.01032521330530481,0.014096698404847285,0.01607518239149252,0.02411277358723878,0.013478422159020651,0.015333250896500556,0.00105106961790528,0.03487078026462223
693,19.556659599074788,-56.603936969930615,605.011198920586,0.2176651407093292,-0.061231736700077095,0.20348491711642253,0.05040542559753276,0.39854217685042403,-0.8797659891094833,-0.09695922532767925,0.39015977447956823,-0.8806136298670008,-0.025577004626060135,0.4112250385505012,0.42348255589822664,0.23334955666923668,1.0904226098689282,0.0795475134926754,0.3700091557440247,0.6704679067077872,0.08486555512721666,1.061150732459522,0.16761854279105629,0.8132170393215112,0.24252987663839629,0.9497161719352353,0.1329361025443331,0.20086015805705473,0.49687499999999996,0.6754452582883578,0.3610972436391673,0.4144660755589823,0.39938319198149574,0.4180319969159599,0.1800308404009252,0.013299922898997688,0.04018889745566692,0.05300693909020817,0.729568234387047,0.03358712413261372,0.30705474171164227,0.3067656129529684,0.2962124132613724,0.1307343870470316,0.28175597532767926,0.2667212798766384,0.30397070161912104,0.024720508866615264,0.3588087895142637,22.68363791419658,29.848311858485136,55.05603551183758,0.1745118796200233,0.14384401884646142,0.12156253620511207,0.08708417577547704,0.09893573351210477,0.1499884043761487,0.09079613957987334,0.09256500559705336,0.14599595908686583,0.09596671494663697,0.10381361050221578,0.7404760406598866,0.5351583608815753,0.6798504795585572,0.2247880845648573,0.4270856857159826,0.5656188606426619,0.17687247342850942,0.5714396605498407,0.39066626365028995,0.5716358712464465,0.4026975555680822,0.9429377650475935,0.24600431822512736,0.5073791915102498,0.599599887624827,0.7717557663122456,0.6015902381989101,0.49264149522556927,0.4897834395818947,0.49324737232222543,0.38422239753407206,0.11455857608586116,0.1964067434261704,0.22405272264418943,0.4441935767884072,0.18016823649104133,0.46128340625734154,0.4611623573819425,0.45659683067651874,0.3371177592372806,0.4498658666470004,0.44225610665720316,0.459981206084287,0.15527577773446916,0.4796625157536924,0.6393860536841598,0.5615247457953833,2.228504650378295,0.01023666329333526,0.007001204761216326,0.0062124716881114175,0.01610404592549756,0.014362742325671052,0.00994696491735338,0.015838163462001828,0.012868828393812344,0.008827819430388897,0.013216664257144232,0.013490289624596405,0.04271023083224905,0.031978217917208805,0.07121343549708448,0.021048624162690953,0.03501228856440653,0.08469471350778275,0.015361669317141344,0.06772107368319599,0.018375018071418246,0.07857549033781504,0.043362729507011706,0.07244903860054938,0.0318105151558961,0.02803238398149487,0.06560454917835286,0.08160088670425522,0.05458628499831335,0.01855332273143463,0.014023420558045395,0.022456749072333863,0.028143222013396946,0.0019276179461230785,0.005782853838369235,0.0062165678762469275,0.019758083947761552,0.0029878078164907716,0.024769890607681557,0.0209146547154354,0.018601513180087705,0.018312370488169246,0.025251795094212326,0.022456749072333863,0.02409522432653848,0.002409522432653848,0.021396559201966172
695,27.319418635518982,-11.478256348995663,589.8705778249713,0.3078430006194142,0.08047513494381028,-0.13059395186266703,0.029710524865056185,0.397968973697018,-0.6778032485178302,-0.08763506428634633,0.4121227404212016,-0.6642217138085126,-0.032880364569507124,0.43329453145739316,0.3493487302008672,0.11826033094416423,0.9382255995044687,0.05955756127776302,0.4582605521635254,0.9177623661622865,0.09019113352800637,1.1073630652154676,0.15160162817449782,1.1101022033448367,0.23609769046986992,0.4721840987523228,0.19086120697283426,0.23541876825059732,0.3508081143261658,0.6266157862136095,0.2914631448544377,0.3726440138040881,0.3972878506326874,0.3848995664100522,0.47296699407132115,0.011171577736483498,0.1491239713299708,0.03599239005397752,0.49957968321387486,0.01645872046721529,0.29862401557384305,0.26037518803645693,0.18604548270064597,0.16303866914432352,0.24619502698876206,0.2265065038492169,0.17907707282541369,0.007344482789133705,0.26398106362268825,58.4012203902415,117.80661887175978,322.3428575048491,0.49903864952330873,0.12398823022647883,0.19875990416064793,0.10039256095598706,0.224055098384736,0.34535659241013744,0.09987368060104757,0.23292503409341153,0.339537079019167,0.09183887678558346,0.2471173048148963,0.6194567854121299,0.2957318588018578,0.6204147169948004,0.17261320290102217,0.4513680563548356,0.7992902184386559,0.21490838713743,0.832536017035866,0.31596424765209896,0.8386465437262419,0.48495915064844797,0.508063673580778,0.40389633232670463,0.535914675035421,0.448627927378751,0.8058217516957983,0.5469688295568756,0.4835138307955751,0.4893419168553553,0.4865769494266237,0.49927420425058555,0.10510479517498222,0.3562145695097346,0.18627320121972904,0.500005353907386,0.12723281456407462,0.4576596403309786,0.43884417488093397,0.3891476726421621,0.3694050355221169,0.4307982604671347,0.41857518254341614,0.38342108314176776,0.08538561147026479,0.4407940107910611,0.5010065703603743,0.5588832599606222,2.4021702099418176,0.009903988673318142,0.004999557551489946,0.0036139415525518214,0.021450392319093865,0.017017667544189544,0.016006865097449283,0.016807996637391326,0.016815995066699112,0.015125162843174125,0.016328871977523616,0.017656704201048604,0.04658496117514325,0.02952414662743623,0.07191358980598633,0.01933499988938787,0.0395498086410194,0.10291485078423997,0.016056898878393025,0.07286994226046944,0.022349844036900206,0.08615799836294052,0.041092405371324914,0.06777912970378072,0.039749574143309076,0.029748246797778908,0.05865185938986351,0.06542928566688051,0.04933876070172334,0.01783067495520209,0.013848638364710307,0.02787425613344247,0.024976218392584563,0.001858283742229498,0.018627082273300444,0.004822688759595602,0.02055173329203814,0.00292016016636064,0.016348472446519036,0.026369931199256687,0.029157356812600933,0.01814038891224034,0.017167002190120125,0.029776784726677434,0.021016304227595515,0.0013273455301639273,0.021945446098710263
696,46.61376871698608,-27.77838651940455,607.1511677653119,0.14547924215305363,0.1379267909372681,-0.010018858864102672,-0.07337476470074648,0.2573215009822325,-0.9390392858951412,-0.17077892587418692,0.2755549310691055,-0.9197571677653119,-0.12834849609289736,0.27476378399615836,0.26477670581045093,0.11762387043261885,0.014303488016763434,0.07429693980006112,0.08685554633954688,0.09263631204435323,0.07952459946741171,0.19249268782468243,0.40868686427729517,0.18711441917317848,0.2508778975858908,0.6310891867114855,0.12655607456236084,0.09965294451477716,0.5916924957436592,0.3344222290129655,0.4082612301916445,0.13402016850744314,0.17531758851006243,0.0038416204653599338,0.6529445147771423,0.027720784039813158,0.014231457633037936,0.03802331165146025,0.08595625791242852,0.17579779106823243,0.07430043218230235,0.19928406164054654,0.533810625572969,0.05317151962282272,0.13532981184790677,0.3308595625791243,0.19308508316235212,0.0041472039114681105,0.36565242065744097,19.683643956396796,19.662032324061737,28.44405211895285,0.10997911997912364,0.0843890272004077,0.0769147258212103,0.08592450152554101,0.10880554446247805,0.11564418895294323,0.0839715667112936,0.11833223304150774,0.11783629297623088,0.07814013547250635,0.11857706865137739,0.5550994765202957,0.31435705821299714,0.08962356205665509,0.21772942180212676,0.31145509880790334,0.3377111889810335,0.17854289632859968,0.3797307305544844,0.46612469364079206,0.41021860118183623,0.5202610705062287,0.5321255466009149,0.28253455591648374,0.24516282015596955,0.6919243631201775,0.35636336756527426,0.6724428051145046,0.3406814196304103,0.3802468193299972,0.06186298962774694,0.4760439773301637,0.16417526860615786,0.11844634102809293,0.1912567287093651,0.2803055647804171,0.38065634536738485,0.2622649055081899,0.39947076327360354,0.4988664208611525,0.22438027317350503,0.34208297588234016,0.4705328656410407,0.39472779947072983,0.06426651471404457,0.4816231453371396,0.35625163712564395,0.36658953985855236,1.7229415873570242,0.005151357722867371,0.003989653365930324,0.002873351960185104,0.014440339954597049,0.013128419671701738,0.005538474111586484,0.013767632454378767,0.013845836985942547,0.006513964376145989,0.011022046625338339,0.0125240548327949,0.030018335807212086,0.025698943508251117,0.004396228062516372,0.018083471579498824,0.008926482144416312,0.018314852003841788,0.01469134724526325,0.03349777350912425,0.0363603422684013,0.02949620186850607,0.04663843534445123,0.07117436479525015,0.034959835850868766,0.019456910853051602,0.0728027591024186,0.06653802497162314,0.05057015629092815,0.009648127128263337,0.013053348467650397,0.0006985069414127303,0.036016764166593905,0.001571640618178643,0.0020955208242381907,0.0036235047585785386,0.005849995634331616,0.016152973020169388,0.007247009517157077,0.019558194359556448,0.03361564655548765,0.011612677900986641,0.010477604121190955,0.020169387933292586,0.020693268139352135,0.0007858203090893215,0.015978346284816206
697,28.218410279019967,-36.48169049568558,503.760376645462,0.2559091453045286,0.08420545443093783,0.06259992441897083,0.06229166338099137,0.4865557895068337,-0.861617713044026,-0.2255676826856459,0.46274970781633806,-0.8469458129054608,-0.09471959438181016,0.5045965862568494,0.8179599420545444,0.22743402405996097,0.06613938401461233,0.05451092775713297,1.1655470176985576,1.003390438999811,0.08273823770233671,1.2789689487938527,0.9815752346161113,1.1349354412042578,0.16371984631857406,0.4588363670718649,0.08267241922277509,0.16298230144233797,0.5593298482080997,0.36618000881778673,0.25122283806764506,0.3789128928638912,0.32052654783649304,0.040183913837626754,0.0009132707690369717,0.18085910436480443,0.40990111482018016,0.12159098066385338,0.9063425080304843,0.18189834351577755,0.9842854443534673,0.1405177300497575,0.15078415317755242,0.10839579265604334,0.43518926749385906,0.3598916671915349,0.192668640171317,0.0036215909806638536,0.2539207658877622,10.393379646814404,20.206697964087407,22.96613202171625,0.08253508626620658,0.064917880681491,0.07388114527650606,0.050213466519278306,0.06597906905196511,0.07042135270017075,0.05217194513578927,0.06862321420891035,0.07119940556240738,0.050798428839011464,0.0753491839395664,1.15976386801549,0.5088362446022191,0.13449725092233014,0.15013942382990422,0.5746215510077701,0.7091095020329565,0.1756562000833359,0.36415579494749895,0.4783216731989154,0.42066110138246887,0.2811103038329903,0.3847285516356977,0.1365461571691272,0.39067119727604016,0.5723544623394535,0.4076887265895695,0.4013766196371209,0.4851240295047356,0.46668633880309884,0.19639343565519815,0.03020704290373421,0.3849074621324227,0.49182294426573947,0.32681795812815284,0.29135620721437605,0.38576679829980365,0.12437079846213066,0.3475288492919736,0.35784399528864574,0.31088452595136995,0.49578958232227976,0.4799759474486674,0.394401234702452,0.06007152987441119,0.4352596658858093,0.3801530564041193,0.5194564293137655,1.7236639057726824,0.006710987938147578,0.004421849903946084,0.0030098573363146787,0.01764389594683967,0.014476571032658333,0.009363703114666331,0.0176535003621705,0.0167410103927188,0.009910062419298964,0.015175794413126319,0.016828551632916577,0.036733536988631,0.026030296349951187,0.01645923219853242,0.017640537901930525,0.042351273895379966,0.10219979214562402,0.01598022234119611,0.05892482600069285,0.04020942903032784,0.07342424337857839,0.03239315970144553,0.05919503668944667,0.024918590369413914,0.019511542216483484,0.08610430510502945,0.06962176802191919,0.07668692721947533,0.00771580638049948,0.010707649670897238,0.007936257991370894,0.0001889585236040689,0.011274525241709445,0.03032784303845306,0.015998488331811167,0.006550562151607722,0.015242654237394892,0.002078543759644758,0.016691336251692755,0.022989953705161718,0.01391994457216641,0.03476836834314868,0.0382955941170913,0.0325323591471672,0.0003779170472081378,0.03407552042326709
698,-5.0533161147495615,-63.061800110690896,508.4391961073702,0.1438650954708975,0.13595127294530027,-0.1263818374688682,0.13103880087169079,0.3971395957245641,-0.9013351321141961,-0.1927859880084863,0.44795910688589613,-0.8654546074624113,-0.03500083018171755,0.4451031961996125,0.2154529102481321,0.12087215201549673,0.08770131906650679,0.07091273867724379,0.6853325338990867,0.735449681763675,0.07302093902776496,1.3578039387510377,0.07852435199704824,0.43146019739876396,0.15939166128585924,0.5596806106447745,0.16057905174799372,0.17962226731851305,0.39963379762014567,0.5489758786089843,0.2246877594317867,0.2523983027395997,0.2198597915321465,0.35208929065584355,0.0007148787012268241,0.18785167419979706,0.3119407803708145,0.02984042062540356,0.6592104049441934,0.002628908772253482,0.09417950373581772,0.2035559450235218,0.13239092334655475,0.17978046305691356,0.4669772161239738,0.3775020754542939,0.2849137533437875,0.004427635826953233,0.28482151093072594,21.47967647493002,18.06597195200112,32.86431154359863,0.06440995332064393,0.06845166722601612,0.07252980266351965,0.0662196502830652,0.05987778348179396,0.049969250387142845,0.06343326030550528,0.06428114318140721,0.05255526812337753,0.06291805642921493,0.06496664117089546,0.38814673536289773,0.3569317088728395,0.2863217202205609,0.17741452687534684,0.3735058420502017,0.4797540411739529,0.16463699452725966,0.5635854366110784,0.17533063460118306,0.5024531555238139,0.29520616005957273,0.5078327711755547,0.28947142864223385,0.3498739420267466,0.42800161623513044,0.5251839855989372,0.4051872244516511,0.4343935439180597,0.41415627374114644,0.47762713786311856,0.026727965201221955,0.3905981835415515,0.4632911391447768,0.17014886876338103,0.4739801975702294,0.0512060355540661,0.29208165322551183,0.4026470674941906,0.33891918748622596,0.38400891752962457,0.4989140566076794,0.4847676533312485,0.45137856055272485,0.06639377623058569,0.4513345935711593,0.5605400917833175,0.6696146484329959,3.6650370131217858,0.008857828102299195,0.007021677466964923,0.005650554620298412,0.019263977192537418,0.014381295113345476,0.007219353734750825,0.01942186034176602,0.014652238567442289,0.009284533081198256,0.014857389940732883,0.014128658072550333,0.03211170813827457,0.026023568480040588,0.015830316168161798,0.020752715448654386,0.05073357470654706,0.09631529183866429,0.01627470424094274,0.09388649309319005,0.017292622742891405,0.0867186310910223,0.04869012752807693,0.08073864815626225,0.04637363651038904,0.04792841823674562,0.09980398035191293,0.09548693586698338,0.051624195742914464,0.020708899292023155,0.02294582939372276,0.03371537947097756,0.0003689781611050896,0.02511357609021516,0.039226990752484835,0.003459170260360215,0.03170906071996864,0.000461222701381362,0.016511772709452758,0.0315937550446233,0.017849318543458708,0.03620598205843692,0.04058759772155986,0.04478472430413025,0.03445333579318774,0.0005534672416576344,0.029195396997440216
699,-14.66996861781962,26.675303588484105,535.455682903534,0.34472092600172827,0.02551416746259152,-0.021975803884113337,0.04947347196070404,0.41205562441442667,-0.8549988671487697,-0.08794684286169098,0.4221778630554418,-0.8477440403875016,-0.020444990221494517,0.4353370173284213,0.31974302997225634,0.3323036339655251,0.12847091463137306,0.111297130122345,1.1041033337881474,0.5917956064947469,0.1403402010278801,1.6497016418792922,0.8826051757856915,1.395007959248647,0.1782062127620867,0.4801496338745622,0.08578796561604585,0.11030017737754128,0.4083831354891526,0.45714194751444037,0.2308263974166553,0.23291035611952518,0.20957838722881703,0.005275844817392095,0.058716514303906855,0.12871242097603128,0.3135034338472734,0.11511347614499477,0.9177695911220266,0.03029062627916496,0.9514713239641607,0.08050211488606904,0.23936871787874653,0.042161277118297175,0.9223632146268249,0.23654886978669212,0.24309819438759267,0.0012279983626688497,0.2272251785145768,45.371486824031436,25.272662390190643,34.491839374230324,0.12497803165493154,0.12044920024539302,0.06836132842371094,0.07385004051561216,0.1167251384054264,0.18500960195486751,0.07309815899348629,0.11448243526073544,0.18297343967986748,0.06503991672476608,0.12125194228447973,0.5493980831813124,0.9075604198208632,0.21442560575932856,0.3709279782922012,0.3800114184121353,0.5035520382347827,0.2924893747702314,0.5417703410707179,0.3565137000929953,0.4442884794379629,0.41348452897352345,0.38714619967040526,0.14806662438505008,0.3383375823119829,0.5549494073702612,0.5058998501859223,0.4502202420678443,0.42269521922302783,0.40701697927219277,0.07244479951435477,0.23509870070605893,0.3348889882226115,0.4639276018149957,0.31916609596037016,0.2747216797189176,0.17138973198546292,0.21488542011147638,0.27207515715716396,0.4267078813656248,0.20096154015582224,0.26760525400601176,0.4249726061899915,0.42896367130759216,0.03502208114536458,0.4190487840176837,0.27398344400982444,0.2629991812971891,1.6753343036477764,0.008531065223323935,0.00395401619212226,0.0023051032475211496,0.01856771882106795,0.01721693427635768,0.01281806549622487,0.017643408032384244,0.015903048667333757,0.012393052760847812,0.013709724370053666,0.01642772673519512,0.03135085963795142,0.027720367506595102,0.03088056035659056,0.01792595287910488,0.04332939143091058,0.0902237787683071,0.020602201400891477,0.059685254252706266,0.03789502410624943,0.07886200309287729,0.03744655689984536,0.05490857818611844,0.028610024561084326,0.021028836532338762,0.06736286727917766,0.06155462567088148,0.06733102883653234,0.009824433730555809,0.013099244974074411,0.0012735377058127899,0.013826980805967434,0.020649504229964522,0.044664786682434274,0.010643136541435458,0.0026380423906122077,0.005639952697170927,0.0025470754116255797,0.009096697898662786,0.03129264077139998,0.008550896024743019,0.0028199763485854635,0.014645683616847085,0.015100518511780224,0.00027290093695988356,0.028108796506868008
702,17.606799163179918,-59.91272967072948,538.5933463707477,0.12670993269055847,0.041391167909768954,0.0793016190649445,0.07374319624340549,0.3787799827633254,-0.9137298472348554,-0.14904754165908674,0.3573048618337275,-0.912890371338912,-0.04080034564307804,0.38085796798253596,0.15572630525741313,0.06361424413316355,1.3316659086774607,0.03529879934509733,1.2234450609423322,0.9810423867564124,0.05369383299981808,0.31653265417500454,0.011661815535746772,0.11430734946334363,0.5852655994178643,0.6073526468983083,0.3254861742768783,0.15511733672912498,0.6019233218118973,0.4310373840276515,0.13877842459523376,0.06580862288521011,0.059850827724213206,0.9534291431690013,0.0448881207931599,0.4929961797344006,0.5397034746225213,0.012734218664726214,0.013825723121702747,0.004093141713661997,0.0571675459341459,0.2841095142805167,0.3127615062761506,0.23435510278333638,0.7944333272694197,0.23303620156448973,0.1979261415317446,0.005957795160996908,0.3006185191922867,12.81790880998919,19.349467847677907,22.892674181015792,0.08179184186948232,0.06736094701753785,0.07582201478564499,0.05399848568071811,0.04877707019467369,0.07183644348882534,0.05732397918706145,0.05155344575575426,0.07124284420785064,0.05066007540437512,0.05074511140642912,0.29784568591418675,0.20866335449064827,0.3470387943199519,0.09621918458242344,0.3122183516621667,0.424795660828435,0.10949226583632296,0.32786229561273655,0.11658476692999604,0.2585682166652016,1.12734049879079,0.6242632879155279,0.8011875056111906,0.4589860605885297,0.8108938081105758,0.4258361299519808,0.228961856132007,0.24795290709938086,0.23721565151910126,0.21072264138345664,0.2070630998942739,0.4999623132056284,0.4984324756301164,0.11212774025548074,0.116769827530904,0.0638480485566307,0.2321677605700072,0.4509994996682665,0.46362864700544654,0.42360470894564894,0.40412429191918164,0.42277471451622545,0.39844523371304524,0.07695823017993729,0.4585374438847782,0.2631645972620185,0.3733842725246737,1.7405057533997361,0.004751034702324101,0.0031501796516123165,0.0020892345476872702,0.016094925956246873,0.008758882203120025,0.004904962204939282,0.01803774862418702,0.009562010688133896,0.005019689452858508,0.013308136626188202,0.008174421248919815,0.027453040432983133,0.02297584936553418,0.056477463955973986,0.015299040342020285,0.036693045890753624,0.09610042297721381,0.01598126165461409,0.06166643925956247,0.0030740892345476876,0.026919543366534775,0.12419111293036796,0.10850684495383635,0.06493791786055396,0.028261245281302593,0.1082498749260927,0.09048756083140036,0.03439032155364533,0.008595988538681949,0.010688133897302951,0.005867103288306727,0.013735389093555282,0.03452039841724656,0.0445263110019557,0.0022740710419793513,0.001591849729385546,0.0010005912584709147,0.0070041388092964025,0.018647382544230682,0.049756674398508206,0.018465456860872333,0.031746031746031744,0.025014781461772866,0.022740710419793513,0.0010005912584709147,0.02392322736162278
703,-70.26084621376738,30.40882292648928,597.1732565290475,0.26125156820138573,-0.05238829896273215,-0.075647246935345,0.18843989233733752,0.37474666368742565,-0.8839335949325572,0.024674991062277062,0.3966944860809315,-0.8945795785330655,0.1199845024804231,0.4058099708909024,0.43901726046492556,0.22913246689352632,0.11457340822434506,0.09559140666639333,0.07785330654749703,0.43991062277069415,0.09964536099380919,0.26379115247427326,0.039344430322659996,0.3982128654011726,0.21751793694395477,0.5667069820835554,0.14603378295272845,0.2931671518182936,0.4439682669837235,0.528797097289984,0.25725472510352176,0.2727645442991267,0.30334959616251894,0.0371858472387356,0.22840391947849617,0.004591857652412775,0.04833750153745234,0.04850149645360994,0.01463654626706572,0.016317494157681113,0.18129637981222582,0.15837809027920136,0.2441064327005863,0.10979459636751261,0.13640277151408306,0.21212742404985446,0.21856422450904023,0.0021319339100487884,0.46435160510024187,19.468235783335512,22.782587761196183,36.55495845305345,0.15684890141552582,0.07316269911674181,0.14422453067550772,0.09868528444832111,0.12611373558221625,0.09528883168844905,0.0890970885961047,0.13285523427929244,0.09038710923263867,0.08390953761000226,0.13717216540117907,0.9051072831907617,0.5894955711565726,0.29556461116515287,0.27981674463192246,0.19355679064984502,0.47014998545308345,0.28542356348659703,0.36369339799649103,0.1443742371556731,0.5657845169957375,0.48153391710358623,0.5026087787262282,0.30011791506388685,0.6658829045252973,0.4497214212849516,0.5771054472860152,0.39940519410389663,0.44538991982277676,0.459714349602594,0.1892208443697797,0.41981280920893754,0.06760887441203038,0.2144828047697408,0.21482782274987447,0.1200954166543949,0.12669606011738405,0.38527144727867646,0.36510263752356736,0.4295649514895121,0.31263996920658094,0.34322279231565184,0.40882298417392526,0.4132806635857173,0.04612457036833738,0.4987377967829765,0.4733333333333333,0.3537269372693726,2.000184501845019,0.008166133661336611,0.005440672406724067,0.003006683066830668,0.026536560926609266,0.019830344280442804,0.01275951176711767,0.023196592619926196,0.017494163714637148,0.009151861582615826,0.018940549405494052,0.018551291512915128,0.05180893808938089,0.0355559655596556,0.022468224682246823,0.02328659286592866,0.016341123411234112,0.08526363263632636,0.01974948749487495,0.04881836818368184,0.007400574005740058,0.06724026240262401,0.052221812218122186,0.07967035670356704,0.039305453054530544,0.029425994259942603,0.07082328823288234,0.073640016400164,0.05902009020090201,0.015047150471504714,0.019065190651906518,0.0036080360803608037,0.027921279212792128,0.0008200082000820008,0.00877408774087741,0.007544075440754408,0.0027880278802788028,0.002870028700287003,0.025543255432554327,0.028782287822878228,0.03612136121361214,0.02009020090200902,0.024887248872488724,0.022878228782287822,0.018040180401804017,0.0005740057400574006,0.04362443624436244
705,8.118625954198475,-32.016751484308735,589.8569041560645,0.22403778625954196,-0.12147612383375743,0.050699024597116185,0.1722781907124682,0.37038132773536897,-0.8364702944444444,-0.024902809499575906,0.3359306957167091,-0.8673967151823578,0.08074393553859202,0.3681115776081425,0.24360899067005937,0.19890924512298558,0.43892154368108566,0.1031331636980492,0.9952862595419847,1.6908070398642916,0.07385199321458864,1.349892705682782,0.16778880407124683,0.8330398642917728,0.2230720949957591,0.5190339270568278,0.17702459711620017,0.12941306191687868,0.50585368956743,0.4062514843087362,0.2033176420695505,0.2219253604749788,0.21424936386768448,0.5324851569126379,0.014758269720101781,0.05313825275657337,0.1046225614927905,0.02438507209499576,0.8846480067854113,0.01734520780322307,0.7167090754877015,0.2171331636980492,0.11569126378286683,0.1856234096692112,0.7447837150127227,0.24079728583545376,0.23880407124681935,0.01166242578456319,0.2289652247667515,22.661796042034187,27.098022961673614,217.8043918622083,0.1635688121943753,0.17394692397898434,0.21294681422366676,0.0910050606217806,0.11900390449454068,0.2195609830432408,0.08951393975903159,0.1098475275179705,0.2264281360593836,0.08930836256773157,0.11737229461254746,0.46898875317895317,0.5669901420551531,0.42485325387222755,0.34042166941918234,0.43679065863045113,0.7257845074091844,0.1628335733613111,0.6876212099634468,0.2659166153247853,0.5789276543725889,0.40105688956954183,0.48609899641193205,0.374577305107711,0.29482268482494206,0.6631368405413706,0.5107409685344789,0.36982439331260675,0.4155500187526727,0.41030929020987483,0.498954178737845,0.12058640000028498,0.224313871000022,0.3060729553645413,0.15424477080676818,0.3194530305167135,0.13055678623111563,0.4506060225227301,0.41230275544449146,0.3198611169894127,0.3888107130125467,0.4359919658831993,0.42757655013191376,0.4263618135630004,0.10736341300334541,0.4201757225154847,0.545896772551847,0.6326943466644047,4.200869417702193,0.009556596971881761,0.006974723270706985,0.006169557657237373,0.023597747656813266,0.014092734636753044,0.011539822638788751,0.01957679511429662,0.012383544637177148,0.009408465626192797,0.017336740319776073,0.011968234445905255,0.0395546884939989,0.034726239450358375,0.04832605284363205,0.026781033970906316,0.04486280164553204,0.11506213155774205,0.016005767844268205,0.06789473684210527,0.02113151533143899,0.07071801179015225,0.04744221553076891,0.059769286229271815,0.0386437083845795,0.023426778065227537,0.0825823826286102,0.06867127528733195,0.04213155774205861,0.01866067263242716,0.014928538105941727,0.021671826625386997,0.0022901734594342423,0.006488824801730353,0.014207557572416133,0.0044107044403918745,0.009203104457356122,0.0022053522201959373,0.019551295644429364,0.014419610670511895,0.012977649603460706,0.022392807158912592,0.020399508036812418,0.020017812460240043,0.022647270876627507,0.0020357097417193267,0.018236566436235634
707,61.34509000382995,-41.32874760628112,505.9038069705094,0.0962994638069705,0.17328100344695516,-0.0010232860972807345,-0.10616019356568365,0.29914821103025657,-0.935390215626197,-0.20522754672539253,0.3150973702795864,-0.9138274888931442,-0.16578257372654154,0.318794982765224,0.2151206434316354,0.1338349291459211,0.0610206817311375,0.07010685561087705,0.9450892378399082,1.554248563768671,0.0606733052470318,1.1584883186518575,0.27196476445806206,1.462549214860207,0.17599731903485255,0.40114975105323625,0.1180942167751819,0.15155687476062812,0.33839908081194947,0.5689605515128303,0.19421103025660663,0.12286480275756415,0.13374186135580238,0.023439295289161242,0.6289927230945997,0.1378782075833014,0.5771734967445423,0.0076599004212945234,0.7882037533512064,0.06227499042512447,0.8075067024128686,0.18556108770585983,0.05059364228265033,0.11604749138261203,0.6775564917656071,0.34036767522022215,0.30325545767905016,0.01405591727307545,0.24553810800459594,17.56901024133632,14.079096531193187,13.64077604314703,0.07586504451220227,0.10578747370446501,0.08998997689580805,0.08430066866214381,0.06832547608589985,0.07844425403103968,0.07491735284696159,0.07066207923146237,0.08094333285049446,0.07778183768504114,0.07173170067438922,0.39343686718704524,0.35932083153804034,0.14270028990365288,0.18699909683977395,0.3657338442925396,0.5413528972806156,0.15141266227347927,0.38651508566388476,0.33407834745981685,0.4524223161313897,0.31414329195894486,0.3351881226678423,0.22134780580075006,0.32430953610610225,0.4272566837812732,0.6158333273664046,0.33725035648618074,0.32828824325530964,0.34038127626936326,0.151296964380211,0.483083652524364,0.3447787119430421,0.4940178119577766,0.08718668178779206,0.40858902391560886,0.24165895937726126,0.39426587661058776,0.38875951279772797,0.21917063076310941,0.32028799549439907,0.4674206456565021,0.47384187248919635,0.459673446850402,0.11772374123711801,0.43041403409261786,0.4417940173886399,0.31895514956528404,1.7108315140373052,0.0053940786701903555,0.004643149871691754,0.0029476042743881415,0.02084756800337048,0.016545429698571375,0.006873412080125627,0.018692576352981726,0.01644367084147229,0.008319978513156384,0.015083725918265732,0.015119192615573174,0.030575663564288175,0.02630433949978935,0.016886131219119846,0.019135930139032517,0.0471155540235168,0.12176797272971006,0.012928875100540044,0.06144509556091768,0.028127465624880315,0.06999042475774636,0.03907196752077828,0.05484507258033629,0.02749588264583094,0.023418361484545562,0.06455666628365699,0.06909188402466583,0.04682599869776706,0.009805048067716112,0.01577999923398062,0.0021448542648128998,0.03447087211306446,0.018346164157953197,0.047071890918840245,0.0008426213183193535,0.02328698916082577,0.006855873453598376,0.023516794974912866,0.014209659504385462,0.00819640736910644,0.017005630242445134,0.031521697498946726,0.023133785284767703,0.023746600788999962,0.001761844574667739,0.03163660040599027
708,-13.720098950970911,-46.9453500483595,523.5027862510229,0.24747916821665056,-0.03026735361952235,-0.004458262034074845,0.1519288404508593,0.4521147759095306,-0.8398259450561714,-0.0468961794509337,0.43373563536939214,-0.8610668163083105,0.060226062048954684,0.4682352131537832,0.3304393274309947,0.17497730823599433,0.5030682240904695,0.10472621084740719,0.8731024477345436,0.6312733427572353,0.13512313071944052,0.9809240383900008,0.7832025146938473,0.582006919128041,0.46826538204002677,0.9663179822929842,0.20879398854251913,0.2319752994568856,0.6283334573320438,0.5691049773082361,0.3586887136373782,0.23841232051186667,0.30057287404210997,0.023286957815638717,0.47898221858492673,0.2855442303400045,0.08753068968082732,0.039691987203333084,0.5023807752399375,0.6164347890781936,0.3199910720928502,0.2853954318875084,0.45387247972621086,0.3819656275574734,0.6919128041068373,0.3916003273565955,0.2662748307417603,0.01886020385387992,0.30685960866006995,24.537971317990937,50.995173403160045,141.95505344584825,0.17353709010206572,0.10667901570951419,0.13465749417576342,0.08668349249377519,0.1195660857688706,0.14436760417588992,0.07936573940824301,0.12523634894529548,0.14732584590114156,0.0803854542652344,0.1344778476092198,0.5632445623529773,0.430609376302879,0.44479656469201406,0.31329595540865873,0.4242815899805232,0.5309741573755379,0.2888073041970141,0.6354774175292784,0.3956182474087124,0.6103250600661562,0.8677293735051209,0.8629732231623438,0.42245414980857454,0.5073094128395469,0.6683279285755594,0.5392392226476451,0.5902015816362939,0.42612045315292946,0.4585156945557142,0.15081618459550217,0.49956734949364684,0.45168164915944686,0.2826164171696465,0.19523819126452643,0.5000036319343351,0.4862630315019044,0.46648138300603004,0.451610967867351,0.4978769656936917,0.4858772158506858,0.46171138792196637,0.48811717250067305,0.4420178879961795,0.13603376400804718,0.46119919965844897,0.5981548305494586,0.9994271046464045,3.92103716379599,0.010037126594992745,0.004867378445742345,0.004991332167702095,0.021010686358394405,0.015641465979688258,0.012965697704698485,0.020250468806964027,0.016971834864774375,0.01182083467876939,0.017242104088389568,0.01652092556080503,0.03866932033778506,0.031000334808972883,0.058871321751422935,0.024819761169599348,0.04591570254082809,0.09016033629701276,0.023599940478404826,0.08549421524496857,0.05358989620921841,0.09775789591161041,0.14053048621703063,0.12650571035303745,0.05878501543841375,0.03864216360998474,0.10428592686283993,0.1128142554220453,0.0608243740932257,0.015512815743461925,0.015959227707302556,0.003348089728804732,0.04713366318217328,0.02306461813176593,0.010676686135188422,0.005952159517875079,0.025185074960008928,0.02990960157732227,0.03355529928202076,0.026821918827424573,0.03999107176072319,0.02886797366169413,0.027714742755105836,0.024478256017261262,0.024850265987128455,0.003199285740857855,0.029686395595401958
709,7.979737312947299,-46.518440956408575,584.6409238776838,0.29563451528952506,0.030084173715029274,-0.024959864996746906,0.09385448690631099,0.41563245909238783,-0.8953316374837346,-0.09907579464866621,0.4523359562865973,-0.8773232169404686,-0.0028692664281067012,0.4542923715029277,0.2607136467143787,0.13145616460637605,0.2810108978529603,0.08516265452179571,0.1210186239427456,0.4083100195185426,0.07821689980481457,0.9401793266102797,0.24628009108653218,1.4404485198438521,0.23665053675992195,0.6958372641509435,0.24797169811320754,0.24478610930383868,0.7387512199089135,0.635905985686402,0.27961125569290823,0.3470640858815875,0.3840679895901106,0.0038630448926480158,0.3006262199089135,0.010247234873129472,0.06213402732595966,0.03802049446974626,0.04005367599219258,0.036637931034482756,0.2934287573194535,0.5350113858165257,0.3746746909564086,0.1500081327260898,0.3631668835393624,0.2940793754066363,0.17790338321405336,0.04501463890696161,0.29493331164606373,15.985928673129743,11.107872017110019,20.234065567402308,0.09029540282199952,0.07934099471992061,0.10994410160202084,0.07446996686930134,0.07512017007068242,0.05758643991213733,0.07147121665152233,0.071631192641797,0.057651534066459564,0.07600272524526054,0.08081826953337914,0.4785361633604307,0.32898191171694685,0.279309048096763,0.2448086967628284,0.30632209006996275,0.4327835072714959,0.15762342142407365,0.49170264382271556,0.35324115513503446,0.6164534179572408,0.46571009588001283,0.6218313703985804,0.4934293996275999,0.47500790611863136,0.7947864549201514,0.6338901242548644,0.48824308034232217,0.47604602861219186,0.4863839930883462,0.06203449251642363,0.45853968824090596,0.10071068209088617,0.2414037275565069,0.19124963738587802,0.19608911899090636,0.1878750338638169,0.4553424565780436,0.49878283785309546,0.4840486489265682,0.357086653205408,0.4809221383678721,0.4556370686694277,0.38243916758890084,0.20734046716294321,0.45602204944274755,0.3065064454475214,0.28873978284738316,1.4223903053962832,0.005811109755601643,0.004180635191736814,0.0023162132487495424,0.015006269936155501,0.010763650725875321,0.005981224025049814,0.0131041481029645,0.010298972347606848,0.006051172583465495,0.01154044162498475,0.010293684681387501,0.03347769509170022,0.025463380911715672,0.04030580293603351,0.019742995404822904,0.016254727339270466,0.07210524175511367,0.016691472489935345,0.08003415883859949,0.035851327721524134,0.11093855475580496,0.06350168760928795,0.08511162620470904,0.042873408970761646,0.02922532633890448,0.09524378837786182,0.09723638729616525,0.04975153511447278,0.016876092879508763,0.027367736163637104,0.0002439917042820544,0.041071936887479156,0.001138627953316254,0.008499044365824895,0.004147858972794925,0.006587776015615469,0.006181123175145378,0.029075678093611484,0.04375584563458176,0.03143426456833801,0.006587776015615469,0.04164125086413729,0.026066447074132814,0.01964133219470538,0.002927900451384653,0.02236590622585499
710,-18.005400432034563,-38.80185614849188,552.4305704456356,0.14084606768541483,-0.018001880150412028,0.1495712056964557,0.15012875650052004,0.3433123321465717,-0.9041252694615568,-0.07751984242739417,0.27930575194015517,-0.9350897881430515,0.03858492679414353,0.3208700696055684,0.1793871509720778,0.15342427394191535,1.731466517321386,0.05727578206256501,3.046452916233299,3.303994719577566,0.05786862949035922,1.6559972797823823,1.2117513401072086,1.7637450996079689,0.2777430194415553,0.6036862949035923,0.12155932474597966,0.17025962076966158,0.963211856948556,0.6356444515561245,0.19445355628450275,0.1214897191775342,0.13257060564845188,0.45815665253220256,0.15541243299463958,0.9585966877350188,0.9638771101688135,0.016481318505480437,0.9728378270261621,0.5179614369149532,0.941555324425954,0.3447475798063845,0.3635090807264581,0.12721017681414512,0.8927514201136091,0.4217137370989679,0.34154732378590286,0.005480438435074806,0.2914633170653652,26.15740872566358,23.104569259985702,42.59574361374038,0.14788219163865038,0.11085965478943391,0.10297247413656768,0.0591200803857179,0.07776864847126616,0.12349880570703668,0.05220325538466007,0.0735731373182573,0.12683634871028668,0.05118771561502045,0.07804504367930237,0.42863267206565614,0.45243432109404347,0.598719421175251,0.17878668572298453,0.6669727052241651,0.764780971444912,0.11636797928967076,0.41815931219792635,0.6044713486399209,0.6835129070751158,0.5151739928950463,0.6071403945151614,0.22093449288615258,0.38155113727375495,0.932736850652037,0.6897724124905973,0.36879637296874,0.32670206155259973,0.33911685381889534,0.4982560239775451,0.36230465035903475,0.19922516345107893,0.1865996236589209,0.12731980643636026,0.1625590552248659,0.4996872772826234,0.2345870774170629,0.4752954060118408,0.48101921466375924,0.3332149296954335,0.3094352150471651,0.4938431097647497,0.47423806910685046,0.07382832296570713,0.4544455009789922,0.7069848381805817,0.6259871184542145,2.523010761291355,0.007493499219906389,0.007001640196823618,0.00383706044725367,0.022936740528863457,0.014735778853462417,0.008941687002440293,0.02109504332519902,0.013868805256630794,0.005709363323598831,0.016934232107852946,0.012931351762211465,0.028290594871384564,0.02391126935232228,0.05597471696603592,0.01683482017842141,0.04587470496459575,0.09664519742369083,0.01389526743209185,0.059726367164059685,0.04086450374044885,0.08922070648477817,0.05941352962355483,0.07598271792615115,0.032545105412649517,0.021398567828139377,0.10950754090490859,0.09012681521782615,0.04655118614233709,0.012521502580309637,0.010921310557266872,0.018482217866143937,0.02440292835140217,0.0019602352282273874,0.0026803216385966316,0.004080489658759051,0.0016401968236188342,0.018762251470176423,0.010681281753810458,0.02808337000440053,0.03160379245509461,0.02108252990358843,0.01332159859183102,0.030563667640116813,0.02976357162859543,0.0012001440172820738,0.02664319718366204
712,-14.027008509828445,-9.214939778690082,576.4579783040156,0.4146425328294499,0.08514224735597183,-0.15534300318099017,0.010991814632554851,0.4638824482749246,-0.8701761916206737,-0.08149314439520403,0.48674758407873625,-0.8523041561403986,-0.04079799352926783,0.5009838775454718,0.24279002745982983,0.14509801256083302,0.31287295070824606,0.10824338653108942,0.47978276827709965,1.0119556292651097,0.11759794459095727,0.12275359560642723,0.08886299991843616,0.2773502623637204,0.23439112585302196,0.9558995133356895,0.14163453957206165,0.18777249123188605,0.7425012914276391,0.3990489654984911,0.2880802588292869,0.08550610369484245,0.2023055381854762,0.08920366493570049,0.5195617302411571,0.11073652157363856,0.30436910361327857,0.10399390989913271,0.02297381800386069,0.043446344580082105,0.2829178108262418,0.16997906527826867,0.3483048312987684,0.11435251896359533,0.4973491748457084,0.3819635137706968,0.33114923465919904,0.0006796987575106712,0.29795274734237787,16.997518730850967,22.62846062003399,21.407746974872047,0.08090763771559888,0.10610019808028771,0.08459820794940753,0.08941338972333054,0.08253373792636297,0.07948377411189232,0.09333407048503325,0.0893314580023625,0.08343015499784365,0.09471182690010622,0.0888681406525388,0.44648145566150516,0.39451937884534716,0.4023150284853354,0.28251481769760384,0.47568485771415514,0.8077397830609611,0.27055476802578604,0.2647562472703731,0.3288897586927423,0.4827368266910081,0.417402507047096,0.7806255136882062,0.27152359137103654,0.36404225654664185,0.8608036017039107,0.43059871860676036,0.5344204920204195,0.27963715050068755,0.40172427741108313,0.2850413655596687,0.4996239840902163,0.3138098496555711,0.4601459648860153,0.3052567935734648,0.149822000948165,0.20386242824740353,0.45042295574004465,0.3756195130632886,0.47643965757957785,0.3182432621951034,0.49999977010725366,0.4858742700346141,0.4706330216324803,0.026062525485210673,0.4573648378916781,0.5121288743882545,0.45719412724306685,2.2096329526916803,0.00902868406742795,0.007275611745513867,0.003916367591082109,0.02181930252854812,0.017634489287656336,0.01026110728656879,0.02536132686242523,0.019343839450788474,0.012388801903208265,0.019798694942903754,0.017641517128874393,0.043087003806416536,0.029497009244154434,0.050070146818923335,0.023653072321914086,0.050598694942903755,0.10640674279499726,0.021250679717237625,0.02503752039151713,0.010445350734094616,0.04578412180532899,0.03894072865687874,0.08616394779771615,0.032376835236541605,0.03491163675910822,0.10354268624252312,0.06364953779227842,0.05619902120717781,0.012669929309407286,0.02294725394235998,0.011256117455138662,0.04945622620989668,0.013539967373572593,0.026264274061990212,0.01147362697117999,0.0018488308863512778,0.0037520391517128875,0.028820010875475803,0.01979336595976074,0.02188689505165851,0.016041326808047852,0.0389342033713975,0.034366503534529635,0.03132137030995106,0.0001631321370309951,0.02756933115823817
713,-63.35350485027415,42.918679881906364,537.3042176296921,0.1923854070012653,0.06636077604386334,0.05342269084774356,0.10104282863770558,0.3322436574441164,-0.9216130306621678,-0.0739893490932096,0.29423935921552086,-0.9363828471952763,0.014721425558835936,0.32266351750316324,0.29057359763812735,0.11755461830451287,0.6642298608182202,0.052962884858709404,1.494722479966259,1.8104074230282579,0.11332011809363136,2.013747363981442,0.6114538169548713,1.671088148460565,0.42056895824546614,0.7039337832138338,0.20997005482918601,0.26428469000421767,0.525045972163644,0.5322180514550822,0.26107296499367355,0.23745255166596374,0.2550400674820751,0.12758329818641923,0.20172922817376635,0.1770560944749051,0.4233656684943062,0.16377056094474904,0.8898355124420075,0.06959088991986503,0.7652889076339098,0.45322648671446647,0.2098692534795445,0.3065373260227752,0.21159848165331083,0.35862505272037115,0.2026571067060312,0.004892450442851117,0.39143821172501053,26.059054287054202,18.2182721229166,21.47298184392983,0.13355830941907382,0.1129237504516863,0.08445080418145065,0.08658878608240225,0.07992620729201085,0.08972837217233748,0.08748946661674059,0.08563336298514759,0.08973058288473715,0.08883434285528741,0.08635895715988663,0.46183952212103757,0.26253468299149135,0.4274173306741938,0.1568694376564634,0.5683852384048081,0.48681286674817476,0.23886015829468166,0.7085311721406858,0.4419040254365821,0.9813563631615064,0.652873765021873,0.5810249595576739,0.39672000126687845,0.4412863444399032,0.555618706741555,0.5911207277163673,0.4291449852377596,0.42553081499282275,0.4358929284454462,0.3336322749297407,0.40129956242383835,0.3817242192145451,0.4941026978770572,0.3700750472407073,0.3131012741638298,0.2544616452553344,0.4238270538651478,0.49781792926557106,0.4072237027323643,0.46106524447595787,0.4084502424462297,0.4796069492747788,0.40198758593383216,0.06977621167764944,0.48808235529350436,0.325762368720739,0.3121261968029019,1.3686363828082164,0.00610776498376144,0.004771985322029608,0.00261263655152052,0.015317824286136065,0.010458879370703108,0.004955347505166814,0.013320688641444176,0.009830579779830446,0.004344365599561349,0.011282972710784933,0.009196929436079127,0.028663376776751442,0.02235227128938378,0.05082964275169767,0.0177131047281623,0.03320806444809987,0.09550212999282974,0.013298325530389305,0.05731536547302712,0.030382555147834157,0.07217891939769708,0.0530642372094985,0.05637015479353832,0.029812307562529,0.019507360074233412,0.0564654772449281,0.06353705343962208,0.03732675355350289,0.009785313593993842,0.01661816187945506,0.012231641992492303,0.019317558732970603,0.009405710911468218,0.03720106288751107,0.00953224513897676,0.00847779324307225,0.0038803829769285926,0.013454806191741532,0.013750052722594795,0.01682905225863596,0.02058290100805601,0.020414188704711293,0.020414188704711293,0.014382723860137501,0.0007592053650512464,0.01303302543337973
715,-9821.308974654085,-7380.615806030843,15886.024366352081,0.2287405048722473,0.11459042430752706,0.013112765032353766,-0.01208309450369574,0.37927740361646073,-0.9064437268728099,-0.23224560999002533,0.39820660924831836,-0.8684287024987851,-0.13558098672600322,0.4091621013325149,0.5032990613570679,0.35071255019309955,1.2547847771042737,0.09105194506253357,0.5010701040947338,0.7671272922581139,0.14879920202562727,1.7446540832246349,0.32351415637228575,0.9455456661295685,0.19788281030205374,0.837200695669966,0.15211437632676025,0.23659096140566252,0.8689861633289855,0.5182472697511445,0.28622010793114916,0.3350469321466022,0.24399601012813626,0.4853065295787616,0.21645054860738128,0.08340366761298243,0.1545308064144863,0.21299777487915292,0.3952274994245377,0.014066855929819176,0.44584260467019615,0.20660374945650783,0.2795467914780429,0.27264124402158624,0.40880840942223584,0.46208342924371465,0.33852528197652115,0.011279060845545922,0.3046113711348116,398605.5027316709,298953.76500154595,622807.7349039218,0.1462767758908862,0.09158893685097873,0.08508650198212933,0.07481304904792248,0.1068104278083066,0.09334289907422803,0.07235493624175232,0.10422453469103071,0.09264435923255059,0.06056089948185981,0.11335182378703713,0.9492451852181644,0.9379943506880647,0.694989140169958,0.2550755146466764,0.48839733967405835,0.7211420650504671,0.30957028173973666,0.8342495983574952,0.35852101814118026,0.6719037491679959,0.3456168450861208,0.7064404817694261,0.2748406550336837,0.4884425077858326,0.9492979064581983,0.529385555219322,0.4762993425683549,0.4720129062467679,0.42949583828952936,0.4997904466813136,0.41183011840489764,0.27649493868902103,0.36146144733997254,0.40943132537714744,0.4889057542606068,0.11776813753125448,0.49706467959701717,0.4048738478515615,0.44878227908517626,0.4453235544579425,0.49162005177058216,0.4985666365493757,0.4732141615990232,0.10560364037272757,0.46024852141247863,412.0357537469947,309.1628702235408,644.8637577369685,0.008683589953450305,0.00446928231623101,0.003129776459153921,0.017130342523914266,0.012944952452810885,0.006999228605043736,0.014840669752928538,0.012032809043940865,0.008104549491022559,0.012623740344774668,0.012184894367998364,0.045349890019949865,0.030675993656964554,0.06366412604225279,0.02043864136272955,0.040843521407744644,0.09311345848892527,0.025093866693948537,0.09148242876873497,0.03945981891656863,0.0970712056882705,0.050838661824134226,0.10217300117653078,0.04372244104557778,0.039356744590516135,0.13797457670469077,0.0825249373369482,0.04957900659880301,0.016752775078009104,0.01327433628318584,0.020896209524783875,0.03000153460535066,0.007212645148089417,0.012967415213054376,0.015371630262417516,0.02639521203130595,0.0022507545142974065,0.02539771855337869,0.022916773236482686,0.028645966545603356,0.033556703667706786,0.038339557010588776,0.03606322574044708,0.03350555015601821,0.002148447490920252,0.023070233771548418
716,100.00270186655669,17.729400845622358,483.25861606682474,0.24751280464748548,0.2570927090852841,-0.1217064727922725,-0.13698597834381768,0.3669099400158124,-0.9071881303839675,-0.32027371011653083,0.3827786551167027,-0.8519750954590767,-0.25233013646832353,0.39984510673404144,0.14576329448970474,0.06840672372898836,0.6516352136399575,0.09821078684129113,0.7783647863600426,0.5850262967928225,0.07031556151387026,1.0909514970265717,0.37779485064109175,1.003796706885291,0.13937575195077515,0.5423447114227768,0.1108174349455158,0.20778247567976352,0.5829280533498332,0.4833536145199546,0.44203258739816437,0.18174005706232169,0.12526210855591077,0.5532295211577464,0.1480526623354302,0.0974184455673576,0.3921143996425011,0.04410298717816507,0.322264617923069,0.04204049362345743,0.9884500360936372,0.09301845931731463,0.20102437179883814,0.019696813447457977,0.6963665738544567,0.3896050324842735,0.24708672785397545,0.0030249905469045407,0.3939362689491595,17.56182225204514,13.488038146093942,15.28348799938627,0.07410809419100327,0.07690670998480707,0.10659596930831941,0.08449975601932345,0.07099341568926817,0.07412902549216477,0.07873449730909529,0.08215264200578211,0.07841752280115141,0.08394749610776384,0.08186239324841761,0.2498254547809876,0.17783819394613992,0.28468484821151085,0.3345472906823037,0.31728195918700947,0.3616107473299123,0.1417281134247456,0.30902981188326156,0.2677049267362291,0.44856494581357337,0.30244668972512817,0.44240573949413475,0.20551272869786893,0.49724334784377516,0.6525203533719462,0.4939702568892569,0.7419902883042103,0.38563677315349915,0.33102156931898663,0.4971670893123955,0.3551582850933996,0.296531810524932,0.48823036687654564,0.20532745292265864,0.46735173268212005,0.20068501426385219,0.10685015066304311,0.2904632949552481,0.4007731216110977,0.13895867281283608,0.4598341409199775,0.4876690744990381,0.4313250188906911,0.0549176078487759,0.4886294017554761,0.39843588862151935,0.2617738054314197,1.0815228600893776,0.006156926778961843,0.0035504984530766595,0.0029877277414919216,0.012985987796493641,0.010182721691302852,0.00452567559298728,0.012185275489859058,0.010726319181849435,0.006336324475764868,0.010558576830525954,0.009769370917841184,0.026055345479546237,0.02075077346167068,0.04908284633894809,0.015608800275008595,0.03461498796837401,0.08351185974561705,0.013414919216225507,0.05335579236851152,0.030501890684083877,0.06713062908215882,0.03246063939498109,0.05476246132691647,0.026014437951185975,0.017259195599862494,0.07800756273633551,0.06627397731179101,0.06487796493640426,0.018666208319009968,0.020625644551392232,0.034926091440357514,0.01165348917153661,0.011378480577518047,0.044551392231007216,0.0048126503953248535,0.02213819181849433,0.004847026469577174,0.0008594018563080096,0.004950154692334135,0.023719491234101067,0.00446888965280165,0.03207287727741492,0.018528704022000686,0.02396012375386731,0.00020625644551392232,0.021244413887933997
717,29.367975635485077,18.298499336441285,557.5713580835063,0.3280560111613978,0.23046721339367746,0.013576581481607515,-0.04087143573689046,0.4039497162010413,-0.8867115713750979,-0.24769108078402013,0.415363567938204,-0.8455539514411133,-0.16197400210977644,0.43563153775478947,0.33771293429067273,0.14781808282573927,0.2245472487834757,0.09033926566168715,0.5588297546534181,0.052008711334944016,0.1336046551196107,1.3672525266274203,0.3247245380610474,0.6161214142307824,0.19302344574131416,0.725311192023684,0.24713444720454625,0.26698472113519583,0.5904226358593936,0.514106918024977,0.3223891516657025,0.2820634974648654,0.34093306564126996,0.0841528567053459,0.10497839180590057,0.14067444788511926,0.009017592813148671,0.15877769081566678,0.27229727430496475,0.1176370503964338,0.30816347364480895,0.24565283969101984,0.17902473883009495,0.31731718106645795,0.16316738693980332,0.380950760540375,0.33701977064688465,0.01698029741041957,0.5180862286044849,16.263630025402072,14.092738610949556,20.036548177009475,0.14872695084538798,0.11753695558128073,0.09959916439440106,0.11228326276115783,0.09841118862410955,0.11218657479620693,0.09054852061035538,0.12130060102958054,0.11928681471567512,0.10120411279855605,0.11913722291422234,0.563319636929481,0.36402294319722356,0.3241267318011037,0.24730272412984508,0.43102346924190293,0.23914292658879532,0.27685006024806746,0.5904663807745739,0.3239748605073963,0.6511737257327644,0.3473692374864724,0.695348142522519,0.487683804132209,0.5226940886689542,0.642441198255981,0.588072449286892,0.5296459061231631,0.4500117465406046,0.4740309660919885,0.27762164204255435,0.3065307919772956,0.34769133048721407,0.09453348577504168,0.3654748705259072,0.44514965098029613,0.32218334379088115,0.4617423548569061,0.43048092643283464,0.3833795550681538,0.4654399633054293,0.3695246099224255,0.48562877153398365,0.47269974441913504,0.12919959340005852,0.4996812830753802,0.500306268291023,0.3479411964881236,2.260147689375893,0.010693085142584904,0.00781419723677942,0.004932382767304158,0.024293642823113044,0.018921915265772818,0.012227449227523307,0.023720912815626487,0.02010650585312734,0.014949239501803581,0.019912645477438238,0.019626590893622817,0.04901313550670387,0.0324957462737358,0.040955216769890425,0.02102429728442115,0.04786973388688491,0.01071666780099367,0.020950112298373375,0.09015313414551146,0.03805485605390323,0.07826584087660791,0.04865037773089226,0.09835908255631934,0.03988361804941128,0.02981623902538624,0.0978370652691758,0.08011025658476825,0.06461103927040086,0.02096236303001429,0.02184713809296944,0.013918192336486763,0.016674606955693186,0.017831620499557613,0.0019056693663649356,0.014360579867964338,0.02504594024365344,0.013475804805009189,0.021779078472742124,0.028040563533655482,0.021779078472742124,0.015619682842169741,0.011604165248757911,0.0330769754304771,0.03062682910229361,0.0030286531001157014,0.020792213979445993
718,54.59484605783233,-20.66793738298315,506.27830247555653,0.18967861972123984,0.08434923028916164,0.045589660911171205,-0.004324799277095901,0.3658131395360932,-0.9070871306428125,-0.17551197584252132,0.37389593964530893,-0.8869731523819429,-0.09907632099022258,0.3868825150821718,0.3408828271271063,0.2173106927397545,0.7127012689827334,0.111812981069274,1.1838982213438736,1.0619008737258164,0.07605367172872893,1.7146252860411901,0.7445584564177242,2.6565682858331603,0.26667646141044316,0.7093062200956938,0.12138703973372164,0.2274872581651758,0.6673827231121282,0.3881966403162055,0.26240794674433116,0.43987934262533807,0.40896089036821304,0.055491990846681924,0.03679529852298731,0.17425109215727064,0.23044518410651132,0.014874141876430207,0.9031360515914292,0.415773871437487,0.952283128770543,0.19749843977532766,0.31051071354275017,0.3768982733513626,0.9518670688579155,0.4209226128562513,0.28814749323902644,0.011779696276263782,0.29831495735385893,19.74327211015488,14.777511410925033,27.577531022231184,0.1333913550298548,0.11104434260056165,0.12888885456602112,0.0941533947628776,0.11614617836691764,0.1025745234088716,0.09072980511079648,0.1150117595082062,0.10362295495183538,0.08783063941218136,0.1218073306565266,0.5851828636893079,0.5453722489450353,0.39777020525647744,0.32921708284035245,0.546270125246679,0.5719305504811513,0.1496336361719416,0.6085521610217016,0.4489964568863039,0.8097612814282342,0.5976209958888143,0.5914532367119281,0.20907196388432137,0.45961300148773776,0.6611465648105418,0.39191353628006265,0.4206948770045252,0.4963788005838982,0.4916484171589248,0.22894102462993438,0.18826132412892235,0.3793301869799981,0.4211232751318906,0.12105074481430143,0.29577626478196944,0.4928613150734586,0.2131693061151628,0.39811672606824317,0.4627087396013613,0.4846153855681916,0.2140498621915199,0.49371358633936213,0.4529060050023752,0.1078945677394418,0.45752441126114973,0.6507190222337796,0.4145104667793525,2.2524925237290336,0.009106670133922768,0.006427564685996621,0.0047139253673124425,0.026784775425822388,0.019075000442075156,0.009854730958262906,0.0230608296970485,0.017701050084514364,0.010213938109478612,0.01981916525809388,0.01681479651540762,0.04128695878299311,0.03131010271746197,0.06438408529450007,0.023877519178260306,0.049259654141204,0.10290573397477572,0.01728981926927578,0.0857160317253933,0.0495865297100507,0.11579222467819532,0.06052372903393577,0.10250786633727732,0.04221635678065272,0.03563749837472371,0.10383877259134053,0.0842025744376544,0.048184891431543364,0.0205174879729554,0.0174229619035236,0.009023534000780133,0.0038226498504745805,0.0164868027564686,0.033597711610973864,0.002496424392146665,0.01125991418541152,0.035053959173059424,0.004654791314523469,0.021999739955792484,0.03276557014692498,0.02483422181770901,0.006033025614354441,0.04002080353660122,0.03757638798595761,0.0015082564035886102,0.02694057989858276
