Participant_ID,audio_feat_0,audio_feat_1,audio_feat_2,audio_feat_3,audio_feat_4,audio_feat_5,audio_feat_6,audio_feat_7,audio_feat_8,audio_feat_9,audio_feat_10,audio_feat_11,audio_feat_12,audio_feat_13,audio_feat_14,audio_feat_15,audio_feat_16,audio_feat_17,audio_feat_18,audio_feat_19,audio_feat_20,audio_feat_21,audio_feat_22,audio_feat_23,audio_feat_24,audio_feat_25,audio_feat_26,audio_feat_27,audio_feat_28,audio_feat_29,audio_feat_30,audio_feat_31,audio_feat_32,audio_feat_33,audio_feat_34,audio_feat_35,audio_feat_36,audio_feat_37,audio_feat_38,audio_feat_39,audio_feat_40,audio_feat_41,audio_feat_42,audio_feat_43,audio_feat_44,audio_feat_45,audio_feat_46,audio_feat_47,audio_feat_48,audio_feat_49,audio_feat_50,audio_feat_51,audio_feat_52,audio_feat_53,audio_feat_54,audio_feat_55,audio_feat_56,audio_feat_57,audio_feat_58,audio_feat_59,audio_feat_60,audio_feat_61,audio_feat_62,audio_feat_63,audio_feat_64,audio_feat_65,audio_feat_66,audio_feat_67,audio_feat_68,audio_feat_69,audio_feat_70,audio_feat_71,audio_feat_72,audio_feat_73,audio_feat_74,audio_feat_75,audio_feat_76,audio_feat_77,audio_feat_78,audio_feat_79,audio_feat_80,audio_feat_81,audio_feat_82,audio_feat_83,audio_feat_84,audio_feat_85,audio_feat_86,audio_feat_87,audio_feat_88,audio_feat_89,audio_feat_90,audio_feat_91
300,0.22548141990808993,-12.88904051756746,23.186601819497575,-0.01614602607325597,0.004838750219513101,0.06764413363245227,14.13236056282631,9.913465371309066,9.646416227448539,3.6634340928036266,6.602111588070197,0.004160758648126145,0.232951577513638,1.43982271089472,1.4023537454807404,5.009096636273942,634.3162505798354,1427.6166816735033,-157.6672276663194,1584.927229017981,-159.98217319832509,2490.373974277519,-161.45024542034358,0.41385194598543834,5.334352586680509,6.605720611211294,0.018733002724310027,0.011531912410316324,0.1774989864284805,8.457116754875784,6.841389787009835,7.393696927301898,6.393375768636025,12.373428876542176,0.019721158214290886,0.5850266366925904,2.9112061464798598,4.829049191822214,9.931574816782017,172.73573958986844,184.1916955440063,77.922125129854,177.1799481050469,73.50351963927748,181.26480577968633,70.776414389419,0.04914787,-41.19745,-9.815597,-0.09197041,-0.06413352,0.005707813,-13.35646,-34.52385,-34.1203,-47.56674,0.0,0.0,0.0,-3.71693,-27.57072,-17.39676,157.9334,531.057,-201.0,925.8204,-201.0,1719.274,-201.0,2.884174,11.41056,55.18803,0.08836647,0.06327292,1.491606,50.39347,36.43188,49.86256,32.50931,49.49612,1.0,6.0206,13.74959,191.6641,49.38022,1327.1,3821.395,19.09121,2364.178,21.52538,3388.925,11.16133
301,0.17276906201793998,-14.790941029553077,25.50511872827143,-0.01437218348337483,-0.0015042396889723808,0.04491973839555264,22.156096475909703,6.702536549609057,9.619982422288919,3.043987041908329,8.397833238778432,0.007855717909985752,0.3511930584985437,1.737624658321937,3.0425595907087386,8.405147361584637,561.3408729565704,1417.0289839365912,-135.17197263876838,1530.7046822773289,-138.5872590283737,2465.227583691404,-141.3222252857852,0.15779429939720943,5.742630443130973,7.115718065238209,0.02093155057138669,0.015428805310140223,0.04702021241102827,13.22400152545087,10.94428638521063,11.206218087694381,10.062720424768473,12.088147670242948,0.02521605476114308,0.7765252909676398,2.844814775265753,5.647777650395943,12.791769959751486,146.41970532824766,186.58188130458075,89.18501739573074,179.37785503634933,84.53283300826696,197.87898619502792,80.7164778671834,0.05048817,-38.10082,-13.01351,-0.09307277,-0.07944765,0.004677797,-25.02368,-40.43327,-35.71667,-61.47403,0.0,0.0,0.0,-8.48979,-99.43439,-78.52061,139.3109,128.5496,-201.0,692.8353,-201.0,1666.799,-201.0,1.613604,19.2425,51.49425,0.0930647,0.04546733,1.518915,57.84389,49.30553,59.70211,36.58677,46.27137,0.9762502,6.0206,16.64233,110.6997,53.8091,1388.602,4064.035,23.23417,2464.795,18.85625,3606.226,7.759569
302,0.09419933248194422,-15.264084538750184,25.444096892658944,-0.021518279424933992,0.006031439962971202,0.024313212763877906,16.865364241708733,8.504996096607746,12.409520086425497,5.362731398206428,4.923512422241552,0.003457169415315107,0.1998665979581027,1.0376074243752964,1.841724069017542,4.3907628885547485,591.8038395263324,1439.4271501462913,-164.34117114243665,1563.0793267185938,-166.56385432247845,2482.1498885418314,-167.5236615561653,0.06099669406936419,4.494209074006623,5.621547619029776,0.016647679888776842,0.010654268946903415,0.028665438601963224,7.886815873699209,6.027425244108496,7.297680891522146,6.587908680997429,10.39017249784261,0.01262748754942825,0.5885363885729434,2.3037420794077876,4.7956689104440455,9.472569065209111,167.50350940214872,189.07152857211088,73.27527777461849,185.4118682021016,68.61983997481067,203.55029174899573,66.62413937138214,0.04992027,-40.23085,-5.160808,-0.1132206,-0.05434365,0.003261923,-13.26781,-30.1251,-22.92884,-33.90091,0.0,0.0,0.0,-2.275339,-34.93151,-14.94835,161.2046,718.4227,-201.0,949.8911,-201.0,1823.213,-201.0,0.894028,9.436311,52.86346,0.07291997,0.04462934,1.613521,47.15484,43.84494,52.09305,37.01178,48.66841,0.5322514,6.0206,14.78875,105.94,44.08395,1366.874,3570.51,14.60213,2490.405,11.42869,3566.498,4.82144
303,0.16174018769248721,-14.996057879721267,25.766605564791117,-0.0032805659491706926,-0.00422198588114673,0.040337207294957676,23.700114979523075,5.983674640364359,8.892822395346334,-0.4616095550518441,13.115859847146945,0.00866359044383107,0.3990883630235268,3.2816943599955337,0.7464709353826546,8.846560054761099,587.7698146935833,1445.2249821772932,-124.14481673118496,1579.067279230863,-129.2946750530119,2493.344995239835,-132.24017297229656,0.13486298238400835,5.863148956917188,7.041171163729785,0.02703447216144694,0.016962518149304086,0.04030603428415881,11.500788668061185,11.673022921128586,12.483414950218037,13.524483123085414,16.437023872984458,0.030950737653648537,0.7803266594440366,4.466936423760736,6.127873185115241,12.851426077942893,159.28421390773192,193.45505505258825,92.51659832008163,182.78949293200134,86.13591228301739,209.0376893066684,82.48317559252759,0.04615353,-41.94379,-6.748279,-0.08985549,-0.07519382,0.004251858,-23.62828,-50.55146,-41.05075,-59.76826,0.0,0.0,0.0,-14.07387,-201.0,-170.1374,153.4368,674.0276,-201.0,844.5603,-201.0,1585.88,-201.0,1.492371,13.18183,54.24734,0.1111132,0.04418443,0.9441645,52.8582,42.71486,54.46748,42.01963,52.25579,1.0,6.0206,17.47987,184.2615,59.18592,1310.588,5483.173,27.74751,2442.222,23.46393,3564.55,10.51371
304,0.12365436493312809,-15.657375502555542,25.482294737745598,-0.00942466852554537,-0.0017225927619560469,0.030704460921646304,22.702602039572646,4.540827669040199,10.308835915552217,0.9735920300165046,10.410853817628947,0.00607629210994133,0.2829990936919393,2.6332602313123203,1.3127018355330056,6.633916644119308,587.8475745180176,1436.0481743628243,-142.45955234584378,1594.39106770213,-146.48260303549117,2508.260241130009,-148.37944389527544,0.11071176392290204,5.480202649364854,6.753118807044104,0.025616090979461974,0.014596393412598715,0.03415546993812037,9.194063733280897,11.252514921609674,10.693540375970825,11.852825441573204,16.08937623166922,0.024594730485987377,0.6459441373771218,4.383115399772891,5.157938242471854,11.505220689786636,149.71980470946284,189.444785391954,87.56798236204132,173.32571675458095,81.30711171391859,208.36851642117756,78.37875321915544,0.04502602,-41.98578,-6.533311,-0.08970772,-0.06315938,0.002521686,-11.52317,-52.67548,-38.70186,-69.44333,0.0,0.0,0.0,-10.0236,-141.9046,-111.7218,160.4379,733.6091,-201.0,713.204,-201.0,1701.764,-201.0,1.128354,9.729312,55.25335,0.100514,0.04451558,0.9766769,51.89153,34.42474,52.41255,30.55187,50.06654,0.9006898,6.0206,17.33607,36.77083,56.64267,1361.438,3645.594,29.08622,2518.341,20.09204,3642.478,14.21779
305,0.48492892263222137,-17.771436339166296,30.45852127999777,-0.00464258468341667,-0.01957604186255108,0.2964322276453321,41.262493911509075,4.651155106532528,5.162211568812507,-0.23444252181954417,8.114568530657994,0.006308974951443879,0.3556504711516643,1.4752828081785883,1.792932558359035,8.389728733481595,592.5769203631542,1517.663176343341,-140.33456545302766,1516.7507314021457,-144.30969944713613,2470.1739525399653,-147.70553959391512,0.37377522413247943,5.520050583487585,6.591520727464201,0.020693348448635324,0.013077235335640985,0.272574862108248,7.130022514096191,10.93935917641314,12.012660561451241,10.925449163840844,12.402272682100197,0.025397779034969124,0.718287994752036,2.7736005083853104,5.679474141660962,13.579398509445433,176.0036014339112,192.1512895601986,87.5509532520293,229.93860725537783,81.79193979210478,258.9654552253746,76.8374320090837,0.00970767,-42.39552,0.338097,-0.09238371,-0.08843714,0.0002915898,-3.659357,-56.52838,-44.13888,-58.6483,0.0,0.0,0.0,-17.28864,-140.3199,-100.5407,115.6382,827.1658,-201.0,763.7189,-201.0,1545.658,-201.0,4.888619,11.25963,56.90375,0.09650405,0.03472273,4.9869,64.55942,47.57027,63.40806,42.31001,47.24951,1.0,6.0206,16.94739,201.0,61.87958,1241.492,4877.583,29.9782,2364.933,28.43792,3690.136,22.14263
306,0.35851525620178076,-18.225985687152182,29.924582117342606,-0.005319730760140053,-0.01743257466916751,0.19400536103049204,37.40270885508357,7.6622508606481725,3.2924666845618695,1.4303862780897516,9.548375929538729,0.005893812787424772,0.35273452155561147,1.9778997154554574,2.177192570117698,9.102306075194509,673.1530532247162,1535.03435288791,-143.0817208705064,1610.5947528925715,-147.42257870288353,2567.7534693611165,-150.40384632013684,0.20384365880180466,5.691633822686833,7.407656485185229,0.019804886079293246,0.009889724374098834,0.14626459082061968,8.316889975782011,10.531037216098193,11.142418251112101,8.551870521680513,14.759790934396404,0.021099841851848145,0.7093277745791341,3.418556166768308,6.347772871397266,14.95997547156086,169.78601461004646,201.7774125859733,85.11998252053215,233.490138009293,78.44473211732966,263.2885819735808,74.02968282544843,0.01066394,-42.4537,-3.610179,-0.08401249,-0.07468114,0.0007417264,-7.957466,-42.84222,-49.38014,-58.18264,0.0,0.0,0.0,-6.97768,-201.0,-177.6303,127.2792,788.9314,-201.0,887.7656,-201.0,1602.846,-201.0,3.395906,9.13195,57.03379,0.09663212,0.03469108,3.503917,59.11043,48.68573,47.25661,40.759,49.50498,1.0,6.0206,16.51631,201.0,60.07123,1202.012,4268.105,28.12494,2432.883,19.30749,3632.29,7.670762
307,0.6409945498806511,-16.42380218705014,26.587543592821767,0.011665481632165693,-0.023304386314415487,0.3559932948793021,37.165815352694715,-0.49632880990555817,5.876158981499066,-6.289699812953122,15.737481959119092,0.009002048485768776,0.5025412377826063,3.5303396947173082,1.15271952304664,10.868031398130691,685.8152759057739,1480.3067202798045,-111.74991555348497,1642.5228643204275,-117.28456511005271,2558.462620164363,-120.79357243059249,0.4906070466399366,6.951102313746724,8.991652082999014,0.02739808991483,0.014283068925624294,0.3247283568439285,7.256347437410146,16.39614237278086,12.345771377328422,14.578981792165095,17.47571650594444,0.028208905248591747,0.770983337202027,4.428411495811017,8.347187048292863,14.852944654977298,159.68142198042867,207.29815181270382,95.18771336595547,217.05642069950636,89.1349573871644,253.40981100887151,85.4551095445706,0.009868166,-43.46099,-6.059577,-0.07499617,-0.07475983,0.0007712974,-8.337936,-59.01474,-42.99075,-65.061,0.0,0.0,0.0,-7.055918,-143.6301,-132.8402,130.6092,830.9069,-201.0,820.9929,-201.0,1465.597,-201.0,4.078962,10.85947,57.84652,0.116879,0.041726,3.994859,58.83964,46.93947,58.86583,38.09166,59.99818,1.0,6.0206,20.03785,201.0,62.61371,1201.443,4118.579,46.2863,2419.368,34.24037,3569.356,20.57247
308,0.2794525185745078,-18.134864796028978,30.923223543399878,-0.010264809834098354,-0.015251432284069586,0.14721706336291668,37.25335617058762,9.238139018245661,1.3859456307894737,2.0661547650424428,5.679376778436074,0.0045763983780049795,0.1996268821532228,1.2214796901861658,0.8425708614728454,5.0679431346633095,645.284479233713,1579.341059548619,-168.35012265042468,1554.8605847376552,-170.8732307988195,2521.0885496795613,-172.69845119193832,0.14955492829671907,4.41230240998529,5.950254664167361,0.016451349349989614,0.007648772283640826,0.11411439078886627,6.157974823671023,6.922532695219946,7.8493511732854175,6.6339916898738185,12.579575490802672,0.026745572142250623,0.5494888336595903,2.930245948862724,5.571623944865616,12.039792113472965,176.9010235959346,201.69887024036697,69.23747696243046,236.04182304246507,63.57074642015469,260.28968141921644,59.69497586751689,0.01076298,-40.90942,-0.5089734,-0.09917239,-0.06452587,0.0004355412,-3.183619,-39.10561,-41.03608,-41.38051,0.0,0.0,0.0,-5.353836,-189.7958,-166.879,125.9073,935.7755,-201.0,871.0781,-201.0,1652.464,-201.0,3.848064,6.195704,58.85851,0.08605906,0.03437691,4.12428,57.47004,48.56663,37.64411,34.51112,47.47946,1.0,6.0206,15.12376,189.3033,58.12147,1206.214,4784.21,21.84655,2467.765,11.5028,3515.219,7.745516
309,0.11748429651185532,-18.376200708399068,29.785869735172128,-0.017397112144849448,0.010702296498777901,0.03531593348476311,20.06353380878515,7.183553493905651,10.625880722649027,3.190786571803775,4.268250984707833,0.003324329175058603,0.16717289200202665,0.9002705052484559,0.7016411076487025,3.230843071586516,689.9415527360081,1395.7158650476906,-168.430064395425,1670.853817612211,-169.99788154669068,2641.5880603750056,-170.71041065274872,0.20999493409463696,8.149322502815254,9.78276319974499,0.03077734870779947,0.017093611420920224,0.07033591191652526,10.37732145753307,11.672302996629456,11.243153295101342,12.316475149991376,9.773543548704321,0.016321362475579672,0.5957055998254861,2.301204455221643,3.7695125257291937,8.533203386978995,202.38099155763248,206.2759952615447,72.3381204183899,241.28788544580766,68.89118794198086,252.39043121768532,67.28992578272833,0.01485334,-46.87423,-12.15915,-0.1302821,-0.0715917,0.0007702506,-32.2239,-52.55661,-34.09052,-73.15255,0.0,0.0,0.0,-9.707829,-164.8,-144.8838,151.6492,164.7297,-201.0,919.9474,-201.0,1774.845,-201.0,1.788709,15.7969,61.31343,0.08953171,0.05459889,1.77813,57.82839,50.15469,77.72171,45.26437,58.65599,0.7432134,6.0206,14.93598,200.8856,63.40786,1459.258,6320.174,22.16415,2626.832,31.14644,3896.51,21.48884
310,0.09360228656106453,-20.219244515492438,32.03661766557048,-0.028192876195530025,0.011218555231494997,0.03784903191291021,19.46675884128006,9.202008294358773,10.04941168067171,6.445590228842144,3.094661589714448,0.003027312014934176,0.18698779052301465,0.4463740399662831,0.8383140432465785,3.5119147491059337,701.8356095219492,1356.0360719668986,-170.11265617182502,1688.7182003563482,-171.78775241570844,2673.309200561159,-172.9247373046485,0.1329005166009526,8.649221192026934,10.300586016499834,0.027548608843473026,0.01436001557987208,0.07020598103476698,11.354717636632891,9.47310571040563,10.140256338836442,9.966135291223454,7.349612531516372,0.01368004754133945,0.6564097629898691,1.3127007780505107,2.972544268872561,8.854600141410872,232.63977021253913,199.8520052630292,69.30527743596312,269.0979926769994,65.54704847428555,277.01927284035537,62.94561355125027,0.0157889,-50.60617,-15.4164,-0.1314694,-0.0724131,0.0008522565,-29.13098,-46.97511,-38.36958,-46.7535,0.0,0.0,0.0,-14.66264,-117.8669,-150.0277,136.4175,496.9629,-201.0,899.0361,-201.0,1659.484,-201.0,1.387867,17.50084,65.21168,0.07789328,0.05808342,3.538297,60.34167,46.1035,74.73527,45.307,62.21109,0.3847834,6.0206,26.45962,179.3414,61.84586,1441.144,4823.747,16.10188,2742.737,17.00459,4092.216,12.1559
311,0.050358107041455526,-16.38828825906001,28.227901405094727,-0.013413285784148703,0.014825561627439416,0.009888535243987931,15.419906096125613,7.810697953266281,8.300895413909563,-0.24803972505253366,4.499617433475083,0.0026855052666866137,0.12618637869047133,1.2265470559304577,0.808658645824159,3.0583419792961726,644.9145575730182,1388.6162476012832,-174.99565584030896,1608.1028847482876,-176.40181916002743,2594.6128788164297,-177.40427091112275,0.06885582524716154,7.3731966280856645,9.0154953263164,0.02395645623744943,0.01155593842787247,0.018870127470148334,9.624029315333086,9.052796193980157,9.682513355993125,11.069099377134085,11.416245896143092,0.016619679488851184,0.49565986808352763,3.293676194920286,3.3856468059258065,8.38879193588696,178.66872340109433,191.7711946225469,64.21472928957756,215.60994102240255,60.68759810305921,233.11278852109464,58.14202373541414,0.01636393,-43.89133,-21.26051,-0.1129904,-0.05376099,0.0007539403,-29.41447,-45.17352,-33.39391,-71.77835,0.0,0.0,0.0,-4.695966,-20.3205,-201.0,181.8957,470.6217,-201.0,911.554,-201.0,0.0,-201.0,0.8237705,22.27114,59.67687,0.1036336,0.05808381,1.268288,56.19124,44.5498,80.56741,39.77864,62.21062,1.0,6.0206,24.30587,38.71401,50.55093,1362.687,3797.781,23.45959,2782.695,23.07843,3957.927,15.1735
312,0.12851057615315475,-19.73527179905898,31.573602897701655,-0.025709698946337085,0.007979979770340375,0.07400953895581577,21.819998490212498,9.035008287202563,10.422397021653946,6.375524349572353,4.512553350972251,0.003954438353314007,0.2272323496121633,0.907386478274977,0.9400108134832036,5.628490353689362,671.213803280079,1358.9437401800183,-162.0549562280904,1650.8771132962831,-165.16315320538774,2648.3652588236782,-166.72870126573955,0.1760527928747604,8.210008283515206,9.648340381433876,0.02718873093333395,0.01924965881758243,0.17951348380623283,13.855935891190308,9.243253280931016,11.19743732087349,10.453609141581476,9.3752768272893,0.016173120775006503,0.7315351322713716,2.227692920941382,3.8731630605457115,12.093778497727223,229.28958632924088,211.2027269391351,75.84583810132095,267.13681873828193,69.75282004969802,266.87321205420363,66.64232048117246,0.01730458,-46.02697,-28.18614,-0.1180517,-0.08227199,0.0008852912,-32.49906,-50.14626,-37.9845,-55.78646,0.0,0.0,0.0,-15.27258,-177.1758,-163.0083,126.6327,251.9403,-201.0,845.3591,-201.0,1809.751,-201.0,1.446073,26.72396,60.55737,0.09506657,0.05153571,5.505558,63.61455,57.1506,63.56274,44.7826,62.20987,0.5235242,6.0206,23.63204,201.0,56.07638,1525.889,4094.842,18.57938,2701.327,24.28429,3994.986,31.10861
313,0.07022931459918803,-17.86246138283163,29.757607186474925,-0.0157687900696656,0.01158585031677465,0.016557874145912272,19.797877276178458,7.538380454228415,10.168725777597603,2.2409287846600994,5.204353358674308,0.004070749165852731,0.22961088055955875,1.1785810878404845,1.1268851199189887,5.674228848789736,633.505552848538,1377.1331522289447,-156.1177332712177,1605.7002063538182,-158.61588475024965,2571.7563563126887,-160.95982169123783,0.08880661020353176,7.325949501190029,8.587734686798555,0.025647545582004917,0.014796584099230924,0.04111079069974983,13.368322329964554,9.185427496069126,10.486150032091567,11.819972069159201,9.678210271422527,0.015910506347806604,0.7048301487103485,2.3863808967051305,2.9754773132914494,11.05024650034748,206.0439182516061,190.5624167918978,81.30041013740416,245.25633865253266,76.81587543718148,257.9238034776594,72.49515143949074,0.01639221,-46.18331,-20.91792,-0.1168051,-0.07108617,0.0005579949,-29.58382,-38.60277,-33.18026,-60.51015,0.0,0.0,0.0,-8.302645,-16.60474,-12.71384,162.6336,273.0348,-201.0,918.077,-201.0,1755.301,-201.0,0.7663997,21.78125,62.30219,0.08627316,0.06559997,3.417991,57.17209,53.99527,72.87586,63.17662,61.75987,0.7515109,6.0206,16.04283,83.06733,57.25007,1360.578,4079.187,19.66036,2585.296,11.17744,4023.737,7.194706
314,0.12787755651501143,-15.826101147390741,27.017784715977406,-0.0008970711139790849,0.0029199169454006586,0.027635793937446734,21.822208841711934,7.008687418104817,10.234261356013713,-4.985108465522413,11.473832581006018,0.008540046828502285,0.3783843029512169,3.0356713498138013,1.2220860456400726,8.60205518480575,645.8167704530906,1394.9266266092895,-126.63829945967386,1616.9017027300533,-131.19697333811493,2620.1593880723444,-133.90497909641778,0.14850871922104977,7.807273902225787,8.961566181916645,0.030297893507977344,0.018789619501354816,0.04379577720682725,12.99502088902075,11.722046353368551,12.479253900354099,16.222045278674067,14.864866451466106,0.03290204617234149,0.8574406172355515,4.359311193160453,4.4035849285726325,12.371644559605365,173.86930014910737,197.61582098642623,92.22736026236987,215.46867815923227,86.59245273243681,239.4732347082431,83.18481399220697,0.01488426,-47.72165,-14.49483,-0.1154445,-0.07216364,0.0007503817,-34.94477,-47.56459,-48.09623,-79.05615,0.0,0.0,0.0,-12.15249,-201.0,-201.0,110.8166,286.5404,-201.0,793.0495,-201.0,1577.763,-201.0,2.024195,16.94201,60.90823,0.136649,0.06175032,2.032988,55.55449,51.82552,73.37075,43.22787,62.21135,1.0,6.0206,24.77829,137.2394,58.02495,1357.088,3833.002,24.50984,2636.812,15.65804,3791.237,11.73997
315,0.19586978191085086,-23.92176557885769,36.12830178982283,-0.034989245023435735,-0.0011946928465663934,0.19603240040591252,30.3123708253065,14.33125658273188,11.95871096913017,10.438804831731863,6.99812468766022,0.005673723510882241,0.2909333379391727,1.5256080243555505,2.934533786660285,8.99864314125223,635.9133983552429,1369.6758551393532,-144.7636819522298,1655.4135941438853,-148.5887665183374,2670.012460080802,-151.499631325424,0.22095780635877532,11.544902048629575,12.542058546051027,0.034335866878926556,0.02294789820031717,0.42742023171301746,14.991782899944443,13.849393504809107,14.35836952914923,12.057531304617815,10.955682610425496,0.02240754946040779,0.7551520957095427,2.8809866482389728,10.055966788243449,15.557552748636018,221.0677075954716,193.23311266831695,84.20550438347907,281.0506970032431,78.70628259587552,305.0921413425869,74.18129366714031,0.015509,-53.71974,-13.26202,-0.1450789,-0.08363416,0.0008132285,-30.75458,-31.24233,-41.52351,-48.99653,0.0,0.0,0.0,-20.46361,-200.6598,-170.3518,168.392,523.2773,-201.0,834.9254,-201.0,1640.917,-201.0,3.157243,20.30702,68.25842,0.08439641,0.05312379,8.428981,69.15311,54.71601,66.41694,52.72166,62.20761,1.0,6.0206,19.24163,201.0,74.74831,1545.539,3918.712,19.28265,2864.64,7.482282,4144.808,-6.00841
316,0.04877449469678972,-19.412758070247815,32.03170653283885,-0.024100864432679805,0.014546378936380331,0.016292476548568663,19.260013467705466,8.683802468746178,9.359854290127931,4.755038345440893,2.904594962187921,0.0025192442733904257,0.16186169361413263,0.5863665863930269,1.0278507163959276,3.4402748859398926,677.4481161446644,1371.6474509179643,-174.44676124035215,1650.7579427466421,-176.15129688946442,2640.4905069811343,-177.1578951195829,0.06300755620044919,7.826717237418762,8.63425662141481,0.024509622508105844,0.014034594452646428,0.05171191811033625,10.628581178686849,8.979178427465886,10.783370601340797,8.735912062305486,7.323627695120231,0.011009662135250446,0.6186758054497121,1.6296265882446554,3.287075573627112,9.108699125589741,224.84652426917438,204.8090421043347,64.80310694491706,282.9362877509772,60.71323189917436,271.7895970226512,58.163512925717896,0.006081118,-48.81025,-10.72598,-0.11633,-0.07550285,0.0001014765,-27.8447,-42.79482,-35.61625,-62.13962,0.0,0.0,0.0,-13.27292,-110.8081,-156.4722,160.4416,233.6534,-201.0,761.0339,-201.0,1638.244,-201.0,0.8417332,11.77852,65.47454,0.1036985,0.05801908,3.224115,57.10173,41.25894,77.2624,41.2914,62.21114,0.2310782,6.0206,23.79236,135.358,53.5029,1405.081,4079.454,14.00546,2672.688,16.49205,4106.399,4.370382
317,0.07096158910406779,-17.135812941812226,28.2306111282574,-0.010752434674002507,0.009106880196484432,0.016624991640361058,20.30968163503388,8.492589256265259,10.288827981528312,2.1199020671415587,4.055678633923913,0.0034140539100931335,0.193039799592777,0.8464063353069726,0.6193945007803742,4.0126001293690825,633.0611023830232,1389.8103735208606,-166.36392804716908,1613.9750692008547,-168.75472997268602,2576.384309817857,-169.9901557457657,0.09913959607740572,7.3943760529314595,8.70495718088305,0.022985088049179106,0.015189243636062085,0.027054782466942016,12.25852146271978,10.74313491382333,10.260906926414517,9.141690661665818,8.927185724628004,0.01437169803653046,0.6637607637141621,2.0926022484665894,2.7730670520566747,9.308901655209825,182.90107362458693,197.97704338536667,73.37451858858546,231.27969653855726,68.33461390836726,240.46744617900063,65.64984403777729,0.006172782,-44.23368,-19.91213,-0.1023235,-0.07146037,0.0001090908,-29.1848,-47.67192,-34.18785,-59.83466,0.0,0.0,0.0,-3.55655,-88.28321,-75.68736,140.1615,293.7812,-201.0,873.5259,-201.0,1678.813,-201.0,1.155021,21.05167,59.52498,0.09130112,0.05602327,0.7552198,59.23076,44.97012,85.59732,40.87906,61.38887,0.7200822,6.0206,16.15285,142.0912,54.47359,1469.674,4604.182,22.2054,2527.718,8.735382,3883.835,33.66695
318,0.09370380273574004,-17.89331046123462,29.23646002252414,-0.013988868545340167,0.008475027989478986,0.02821073401266401,23.25253264391388,7.606573108514308,10.940052995865573,3.9591895635412353,4.695786204874567,0.0042029797139408005,0.22510691977631048,1.0191181367142474,0.7291337859563448,6.203555140101298,631.3817806767964,1413.9831212811885,-158.18128887303257,1599.5127739377251,-161.16173303651365,2564.338060949079,-163.1124352678615,0.12939152463889933,7.3197481223088285,8.639830270250638,0.023952399159324133,0.017395378235903,0.05396608388101405,14.370773889733503,10.42612503651337,10.949526038267793,9.946191138987453,9.081205114004904,0.016493819212928626,0.7038579856740924,2.2417099050263922,2.692540627901264,12.383264153128035,201.69208051166765,199.30562283286994,79.4827496493373,242.33456944328083,73.97399355098771,256.73621776703703,70.30022439212469,0.01513072,-45.54106,-10.27961,-0.1153181,-0.07544156,0.0007816436,-26.4049,-40.7549,-42.81107,-57.32602,0.0,0.0,0.0,-3.887159,-188.5598,-159.5845,166.007,601.8771,-201.0,849.0452,-201.0,1625.273,-201.0,1.610039,12.03315,60.95656,0.1160832,0.06266066,1.786294,65.87504,50.83686,73.5817,47.779,52.90322,0.6001376,6.0206,15.69156,110.3708,62.21783,1510.332,4779.75,18.04671,2715.215,5.235837,3944.322,0.4314071
319,0.052802459975929146,-14.374853899361435,24.203888230810822,-0.006217346654442138,0.013543070790356191,0.00971939049329959,18.923934261108467,6.025132280263771,10.955382281563693,6.686534453534767,4.585519517258629,0.004259219253675411,0.18750811163299297,1.0465180065249535,1.6240846653419652,5.209848929957184,613.8984078921814,1393.8125875628994,-161.65574929637046,1564.7700278757025,-164.4329067456398,2489.4383206897564,-165.41630858958908,0.06074443996402315,6.814037131240883,8.07669582438566,0.020978308313402732,0.015749430811982715,0.034714269902523416,12.356362552326033,9.214730356908824,10.602607344488147,9.899440484267368,9.271023671711038,0.019376776618097794,0.585399841877608,2.361401491461929,5.066657789359542,11.068328394740805,184.39235207308224,203.65333170983988,76.51213563382865,217.3661642952889,71.09466806902563,227.18991499715287,69.12208977027925,0.006765502,-43.49512,-17.20938,-0.10989,-0.07293289,0.0001689021,-24.93207,-47.96065,-30.15831,-47.02112,0.0,0.0,0.0,-9.058867,-181.4821,-160.9619,159.3799,439.1836,-201.0,795.7783,-201.0,1677.528,-201.0,1.505153,21.43852,56.45254,0.08901745,0.06107907,3.222188,59.41935,43.71944,77.95715,45.48977,59.51356,1.0,6.0206,16.56545,200.7438,57.64748,1390.993,4263.121,18.76147,2472.117,11.12873,3649.693,8.849917
320,0.07894296927937572,-18.54555517923942,29.645430671169603,-0.01819878452434606,0.008267594367935973,0.022415999782034356,19.947145099847834,7.530834885046007,11.415940385440951,1.314576303890825,5.404647957319249,0.0040120972998385785,0.15711909049010295,1.418403158556194,1.2166213643833597,4.375161094528679,686.2386622165918,1375.9678141543548,-168.9287967071536,1672.6405205076965,-171.19241352875017,2647.1137213023103,-172.43946244537543,0.12854190959613387,7.536775177272247,8.716319010125051,0.031202346295239075,0.014624591655190148,0.042198071492449654,10.310534044181548,10.644483377121743,9.840310093435024,11.23734439174033,12.300890754167579,0.021991826533682864,0.5624957091243659,3.4418802285286105,4.951610399315597,10.830629569340802,193.0017192540038,207.27061182805997,70.61541637565098,233.2059827392917,65.50220319930868,268.7856063335292,62.72554098391868,0.006288176,-45.12857,-10.42783,-0.1177339,-0.06543411,0.0001058322,-18.51798,-54.95947,-33.55319,-71.68499,0.0,0.0,0.0,-9.443642,-186.7227,-167.0286,149.6076,413.0582,-201.0,840.2773,-201.0,1669.976,-201.0,1.440708,14.70534,58.72374,0.1078429,0.05547001,1.016108,56.65385,42.86702,70.5889,46.0812,55.80659,1.0,6.0206,18.48487,194.9324,54.36324,1413.706,3992.856,29.84609,2551.14,17.23788,4026.322,19.67756
321,0.05037233837478402,-14.200645618056331,25.774914379957217,0.00118334304366036,0.012477990791632395,0.008701779275716059,19.28043211211739,5.338103567778546,7.274627235592793,1.7055359382869453,6.3792588349597255,0.004817079552068722,0.2108926892545446,1.663005943509078,1.2775580596990024,5.828083478804175,596.6125066921375,1390.0444495936051,-161.04458637605035,1546.7697248704158,-163.72650901434477,2512.9970731511453,-165.38233242796534,0.05436688900250342,6.654042455114485,8.366454633404754,0.025312797600469686,0.014847777681137823,0.014899378641971687,12.595721002467945,9.389991778851186,10.213480403892298,9.405737721052091,12.630318077761704,0.02571150589121749,0.6650359589366611,3.5298539942714413,4.488740462111708,12.326471994469394,148.20493987553007,187.0582445030625,76.56378907795813,184.16781665898105,71.38001552358179,216.9913524245089,68.18235908546158,0.01650403,-44.57566,-28.72211,-0.112248,-0.06229093,0.0007738608,-34.83921,-39.11072,-34.68643,-69.32868,0.0,0.0,0.0,-6.204324,-198.7881,-157.2927,164.8397,356.9332,-201.0,688.6315,-201.0,1498.075,-201.0,0.6819788,28.33204,59.77431,0.1070586,0.05697623,0.5739172,53.80442,45.93547,62.59058,32.35007,62.12762,1.0,6.0206,15.95498,115.2102,55.10385,1393.227,4213.628,21.25116,2510.411,15.73409,3585.877,35.62561
322,0.07064708202185166,-16.98187909685416,27.390847355136994,-0.0074344461963589065,0.009643595346869665,0.019384963210330834,21.767590370619637,9.343586380411713,12.492672255809417,5.062421100260854,6.6811685530915135,0.00870989833195917,0.3252458378918973,1.4919637761812696,1.7997394319723299,8.157981643820792,587.1456126840868,1379.2242646123434,-149.94189446496136,1546.3102992225852,-154.27814584209875,2487.995389471472,-155.6520309463605,0.08134211241634885,7.7641477795500675,8.392614908827136,0.02219041415850872,0.01816833653452642,0.04197497691818767,13.8892669174226,9.411442186142411,12.967157197923083,9.857277639571935,11.218280266074789,0.04085978036030959,0.8317674636693531,2.774517190740745,4.385414777503448,14.183248661455996,178.79202766564214,191.3932294373763,82.37809470065929,221.397092469851,75.35369350357387,225.02090408191296,73.05457326276213,0.01523855,-44.68372,-21.89031,-0.114721,-0.08146877,0.0006380039,-28.27497,-38.22453,-31.75504,-62.22314,0.0,0.0,0.0,-3.891388,-107.5639,-77.87497,157.5619,268.7141,-201.0,786.6489,-201.0,1802.605,-201.0,1.81758,22.52991,60.81812,0.1086509,0.0615997,2.339962,61.4272,45.62781,73.16422,46.12246,61.56306,1.0,6.0206,16.5423,114.0785,59.34443,1340.317,4478.834,25.60253,2551.792,14.71761,3905.5,15.81831
323,0.0534213756982771,-15.459446390307521,26.304371594562348,-0.0003384070164171801,0.007529949991662436,0.010544773470591188,18.606009759900985,9.590312938640837,6.157444556274342,1.0295692745300122,6.121629390771363,0.005426319984585811,0.21569439640171575,1.4216770311818365,1.1919071276649922,5.13994065995627,598.1240642563564,1383.4533171095393,-163.14331888224697,1573.7977549488623,-165.88522558638465,2529.671596217262,-167.45849930022462,0.0574964205677508,6.418292360918881,7.643303157565335,0.025430815536315234,0.014746401839777983,0.014833788780591124,10.818031092695257,8.915825446763966,9.810085302322674,9.176613392509585,12.657831401998575,0.026742885861858155,0.6701596838301166,3.244303365316642,4.362359317708535,11.30522588866486,158.1928452605299,186.7035283363839,75.14014695548723,201.8550171131505,69.58944943001723,216.6753649716268,66.42486501035579,0.006683444,-43.14323,-10.11313,-0.09694653,-0.05795796,0.0001745221,-27.42417,-37.80677,-43.01077,-57.63108,0.0,0.0,0.0,-8.49396,-172.3405,-148.4878,150.5444,451.8148,-201.0,846.4474,-201.0,1729.115,-201.0,0.5404305,14.05848,58.7696,0.1119093,0.06211979,0.6551362,54.19252,42.81251,52.42679,42.15689,48.75772,1.0,6.0206,18.07751,189.9627,58.5286,1392.969,3750.087,31.17764,2642.59,22.03348,3638.155,11.60258
324,0.0727654142232898,-17.32612657462539,28.44161697978199,-0.019451528560469975,0.012844012723606366,0.019395281640831326,19.382030315881735,9.094598123645827,8.614411973278841,8.458631594267214,4.791598674541774,0.005533441971960459,0.24676003965237225,0.9135174566995063,1.6283732520676468,5.53004550042606,653.4117056692456,1363.2560037961346,-156.9444501631474,1619.5812742949836,-159.617381724168,2596.1101177245373,-161.0291196359215,0.0874356672815225,7.534958845937622,9.030076913078336,0.023366467997208127,0.01531763346130831,0.03024951696246488,9.967664412254791,8.615323651483187,9.862079860019096,10.729174907340758,8.87546380802551,0.01812145072817367,0.674614934531816,1.8840747240119529,5.165143693227563,10.895656309217634,214.97888942905178,208.24860590746647,79.03035541972494,254.27897059851827,74.24915608434657,264.9811245287248,71.65909467205579,0.007077556,-47.23166,-18.30212,-0.1179398,-0.06099467,0.0001669793,-24.41485,-34.77826,-34.23117,-48.3751,0.0,0.0,0.0,-18.18534,-102.1101,-88.98441,160.7425,294.5178,-201.0,939.939,-201.0,1816.006,-201.0,1.354581,18.96916,61.50447,0.108555,0.06501881,0.8294654,52.29049,44.96411,56.89867,54.50647,49.18087,0.5666937,6.0206,12.55701,198.766,57.4411,1443.467,4347.925,18.20176,2715.265,9.975218,4043.602,12.14781
325,0.10307782201369205,-15.213313115579078,26.69974311898308,0.004587654197396943,0.005003267213997972,0.023805324519439744,23.436949957784663,6.105423179380005,5.731343237922786,3.2887979013560784,12.440879355056229,0.0075521993294293335,0.33480802505483676,3.5043706370189387,2.234666155862146,9.918032465187895,628.4489490696718,1386.8565953993325,-127.63872833023704,1590.9481210683916,-132.65761985273969,2566.0120518880863,-135.5690028698009,0.10051262365196387,7.87047082935241,9.362010929806369,0.031907297335227576,0.019391646934169674,0.04020459981629289,15.88041065226576,12.50837996085892,12.389803302588952,10.95560409136102,15.978476378736326,0.02574606382862389,0.799528252825469,4.810318623468691,5.555168945467244,13.672086399785183,168.62392121288795,201.05284748505431,91.36275227941407,225.54082674203963,85.00442726696116,234.4060867851537,81.27816723819478,0.01590867,-46.19792,-24.04494,-0.121617,-0.06530849,0.0002973371,-39.63346,-45.27265,-38.93155,-64.69775,0.0,0.0,0.0,-10.14528,-23.5081,-49.74296,112.2128,85.25061,-201.0,683.4598,-201.0,1588.391,-201.0,1.061255,27.64601,61.08558,0.1147016,0.06014282,1.560742,62.03514,63.74036,58.70912,45.2492,62.16333,1.0,6.0206,16.69165,198.3941,59.22644,1461.132,4252.636,26.64762,2726.251,18.27375,4266.837,33.58765
326,0.061849927070142065,-17.40058383378806,29.057065565808973,-0.015605111672997137,0.013035381057658361,0.015623317628548947,19.65372976164537,8.025088174087252,8.598448913286262,5.810371919819156,3.9781458930487403,0.003566517615058268,0.15934017772950318,0.929283612545972,1.2378421786193188,4.537291285289196,633.6161697872706,1410.7853706399048,-169.40472790595499,1590.69069259095,-171.37113965842093,2564.18374416675,-172.48964812054302,0.0868748120177621,6.772092842961335,8.052303187868981,0.021913525022219098,0.01480685586904096,0.030713886442045812,10.614629977372607,8.059726380808403,9.371146347059193,8.595171699057813,9.112199170894979,0.016129475373159147,0.5824995267496064,2.260537518929311,4.3148982198527355,10.745317912898809,193.62656902549583,199.19907939347294,69.81911613501445,234.34251815042853,65.43154926617912,252.1960449680553,62.88466717653503,0.01575629,-43.84248,-14.72014,-0.1019762,-0.07570778,0.0006858746,-25.93624,-40.00595,-30.57158,-68.41851,0.0,0.0,0.0,-3.238047,-93.42077,-61.81815,143.8412,271.0086,-201.0,903.221,-201.0,1712.196,-201.0,1.173245,15.60867,58.98372,0.09837159,0.06137382,1.370997,56.74139,50.60808,57.96183,50.54704,51.21214,1.0,6.0206,14.3394,200.1899,56.98687,1312.473,4022.776,28.85812,2564.709,36.87652,4016.391,17.57918
327,0.0797046706406358,-14.433620052760418,25.724972535234777,0.002538061630197897,0.007881212999693285,0.013462173501307418,20.793235858734658,4.249150723702274,7.594026678341184,-2.1273217169836616,9.185333872901149,0.005880580134841127,0.26089350062009903,2.4399308619555327,1.3025567654247059,6.715691586182482,620.7078405990627,1402.5630577600516,-147.07265276936698,1587.782276539891,-150.45656028472652,2540.745023313208,-152.55512662964804,0.10197373884464853,6.763618972988228,8.404010756485278,0.028656941764211272,0.016482453627702943,0.021974908223121172,12.37241327348542,11.52920296499605,11.646454719564414,13.45584288711283,15.001828752908674,0.023763748407101874,0.6616362314546318,4.317542622763519,4.4407972036500345,11.906200350137137,154.79561678486562,193.51644498759674,86.07336740723018,200.00016051720377,80.68811347334142,223.18896888238513,77.24789856673127,0.0158218,-41.97256,-18.59937,-0.1137599,-0.06238567,0.0007716338,-34.94089,-47.5625,-36.09001,-69.01773,0.0,0.0,0.0,-12.01619,-19.06343,-56.28915,152.8248,529.0643,-201.0,814.519,-201.0,1629.848,-201.0,0.9359331,21.97625,57.34227,0.1140483,0.06244022,0.6165347,58.5798,51.68424,69.31892,37.54803,59.79825,1.0,6.0206,16.46645,101.1414,58.47232,1277.956,3826.458,24.69861,2567.65,19.65966,3649.481,13.41301
328,0.1530237696435043,-14.008229504088444,23.70890909942796,0.004313235027733552,0.003544128302234138,0.04015874048950229,22.561532331693375,4.021168335148349,13.403621426537395,1.8498166800689804,9.929882278305122,0.008672086318715418,0.4156228513537636,2.157321714043903,0.65062116843827,7.5571099574205,579.2674837976133,1368.2849081242898,-128.89144880212305,1555.7103770047602,-133.6199861582241,2518.850103531157,-135.07836392238144,0.1797197391939224,8.399615731086834,10.086093056418996,0.031702759087592194,0.018344642374597733,0.06045123119760066,15.35708774223974,13.46995835678604,14.488230622796628,12.844801562411929,13.327656455853594,0.02374972696045403,0.879261041827357,3.341773610013,4.729741355310107,11.724835557312511,191.74492616484338,223.3848864981704,93.3265795363523,219.66706824724946,87.23155001045446,213.93958901356854,85.2690225844984,0.0145576,-44.74574,-20.863,-0.1128303,-0.07256755,0.0007111522,-36.44865,-56.48273,-43.1978,-66.9054,0.0,0.0,0.0,-10.8793,-185.0296,-198.816,124.973,70.01923,-201.0,818.4531,-201.0,1632.39,-201.0,1.433823,24.41756,58.72078,0.1241289,0.05622655,1.369916,61.45457,51.39693,84.02657,50.33559,58.73992,1.0,6.0206,19.66346,72.74587,58.09616,1419.062,4450.804,37.66958,2596.184,45.5103,3851.619,30.9194
329,0.08612556397782466,-16.07808120839823,26.808623683475705,-0.006215836126492964,0.00513571888164794,0.01760083412907008,23.657144818937816,5.966803167678675,11.873892903979348,2.560822681889845,6.643787381158046,0.005344739883030347,0.3062228831249663,1.5939896473917357,0.8415592104523848,6.8631613483736675,562.2057631458956,1376.8667194324473,-146.4627096921882,1538.4011703592519,-150.12018680285937,2495.737153938742,-152.22765191277418,0.10764605508389609,7.259752720395556,8.766073542076402,0.022753138143380834,0.014581660610976759,0.029406828131386044,14.286338397040936,11.582828848732865,11.4994043209994,9.362223314959385,10.683981232980635,0.018233475977332464,0.8185290665798586,2.7414715082723595,2.561823016949931,11.749151659671222,158.7808440361159,178.49725692286705,85.07020725912201,195.3215359257347,79.39186115887337,211.41973062220242,76.03475306226798,0.01499847,-44.90436,-16.84577,-0.110097,-0.06220944,0.000805346,-30.40596,-46.50192,-27.58149,-49.20812,0.0,0.0,0.0,-8.212709,-84.09216,-62.00326,188.6771,537.7879,-201.0,835.2119,-201.0,1657.722,-201.0,1.095263,18.30892,59.60576,0.08347464,0.05304986,1.411124,65.6296,47.13023,73.69608,42.51878,46.31541,0.8169276,6.0206,15.49885,137.0629,47.69107,1398.042,3675.057,17.22254,2544.027,19.6766,3742.201,13.45897
330,0.05942698717364478,-13.529554720807,24.725746909481746,-0.006535991372603842,0.013834533058294424,0.01155768776624595,17.8143599272564,5.104508641506438,7.8163290578284,1.6442090259227176,2.304017707723018,0.0017477442329048812,0.10061276789132181,0.48051025540279474,0.7245333924761309,2.517311692686594,602.0701870699712,1394.0920892709928,-179.27957505121705,1538.3271422406865,-180.31080149974858,2497.3094686309073,-181.1140411058551,0.10300861289622482,6.442146801389198,8.162896622769168,0.019515502063839195,0.0125884109242096,0.025228450106539277,11.183028651079598,8.48104605482047,9.83362971631541,9.297556947538554,6.623479066763189,0.010079500288552713,0.4652862946237838,1.5351472016887904,2.576631819997665,7.635202087324257,153.28248043547902,192.10412982404623,60.15844497028109,181.43516846408284,57.35001500419488,201.51885399900425,55.08775069747921,0.006018505,-42.40043,-19.8321,-0.1065439,-0.06832583,9.943151e-05,-32.81764,-44.72907,-35.0564,-72.76546,0.0,0.0,0.0,-4.522193,-13.19667,-5.40689,143.7301,232.4439,-201.0,947.5895,-201.0,1662.785,-201.0,1.544064,18.40383,56.96387,0.09669904,0.05747513,0.7982919,55.24907,37.77742,73.62113,31.37144,62.2118,0.3405975,6.0206,17.93217,109.0732,48.27763,1326.623,4488.055,14.72625,2558.234,12.50323,3702.848,6.060061
331,0.11386450173394776,-12.731932586645875,24.75242786534564,-0.002146921419278834,0.012764672508552455,0.02457864067696612,21.442061454399376,2.5986060791673666,6.7572693800948,3.454213617562721,6.9812015935861575,0.006166019464100697,0.32548719749301414,1.4492206562372805,1.4565483030056265,6.026197819612536,597.8360123406532,1405.9931913584744,-145.3944731418097,1528.3443841887474,-147.54262764048926,2480.287102849552,-149.77011920248435,0.14546480485482643,7.180307582823468,8.907724470525437,0.02585249634652722,0.01588423984248143,0.039494747443481734,13.064667875295127,10.728858593636764,12.146036173203726,10.383510852870227,11.194567169173885,0.018370933648331013,0.7834832428676551,2.5948642694789155,4.752250913172098,10.844069329462705,191.59537546507556,216.53297100739516,86.27993861986354,220.34394180794135,83.00078568437551,235.33296652810373,79.50113498857071,0.01577578,-42.21271,-18.53744,-0.0986409,-0.06776333,0.0006685231,-28.68467,-45.987,-40.7771,-60.56355,0.0,0.0,0.0,-13.24983,-178.0694,-167.6419,98.48047,257.6729,-201.0,919.9619,-201.0,1702.316,-201.0,1.155353,20.82651,57.50966,0.1103741,0.06258282,1.077434,61.23022,42.35943,63.44316,49.91769,55.93854,1.0,6.0206,14.91834,187.149,57.22153,1347.816,4056.467,21.54862,2520.288,19.99344,3654.327,9.997344
332,0.09904114430485322,-15.03042484472746,25.910210820448828,-0.009264559932455814,0.009719651658513214,0.030144360092303736,17.604967168152825,8.284928422600968,8.96729112955254,3.596092952956805,6.1141048616799765,0.005175425594665699,0.23474767964599683,1.3925156353367274,0.6917946122928197,4.784040668854988,643.1196817117818,1409.1032266137338,-159.5368625213546,1608.5799746756516,-161.87786070889894,2564.2232545820652,-163.31921732750797,0.16556213821427468,7.235774650933077,8.611370527727566,0.026679411742090965,0.016792178220649365,0.09036240653867234,11.718580030553234,9.876635842499581,10.732119494810616,11.209138164451849,11.916733427165227,0.0242563571505158,0.7103359796997933,2.977560290251581,3.3376431693856476,10.053468725145331,181.06363912664565,194.8543533847911,77.47992570762369,202.9665795640167,73.04676114576812,231.22176108047253,70.32372604615752,0.01416132,-46.09819,-22.54127,-0.1140715,-0.06974164,0.000695721,-35.03653,-48.34258,-45.63802,-73.92413,0.0,0.0,0.0,-12.07875,-179.4018,-149.5539,161.5713,364.8926,-201.0,921.3035,-201.0,1649.05,-201.0,3.023144,25.02373,60.29538,0.1061297,0.05827434,2.689303,57.46376,53.53469,63.34766,46.78873,61.55817,1.0,6.0206,15.52139,191.8497,53.43371,1461.432,4312.779,22.26958,2707.373,18.68662,3998.78,19.11372
333,0.08558575941775168,-14.69484656251949,26.140102033514076,-0.004133973959668592,0.010320339439163242,0.021544891118654434,20.766545173255462,5.1406839188105735,6.5135317505242405,1.4362462405107335,3.750906514247983,0.0037872115491742147,0.19904085042048097,0.6646624224013968,0.35580808667454866,3.476984851400038,597.4401960475002,1401.10495113695,-169.64536004846673,1530.404588746054,-171.29999368849968,2500.82654896519,-172.61216705777028,0.11397893856835575,6.912462238408405,8.55920923153566,0.024149674974177433,0.018987270804484636,0.03597307874018602,14.03372766502262,9.916487391773424,10.699807947812582,12.854395679574777,8.746611348197701,0.01846364526515417,0.6967952459780216,1.8133911680007573,2.1000704573567126,8.74799655220024,176.30762417652846,198.77632917227126,69.83414949138063,223.15612611070094,66.17607965438035,222.24401285733526,63.211894824028946,0.006488303,-43.89127,-17.59658,-0.1066261,-0.07806823,0.0001193497,-33.05889,-45.50962,-39.9638,-69.73989,0.0,0.0,0.0,-11.20562,-190.9354,-143.3456,144.1222,321.2801,-201.0,786.1541,-201.0,1807.948,-201.0,0.8345132,20.26045,59.2111,0.09533974,0.0572076,1.181308,63.56672,44.61744,71.99865,45.19085,55.16373,1.0,6.0206,13.27416,109.7876,54.67895,1324.494,3958.826,24.98135,2563.256,23.13542,3838.062,30.99899
334,0.10575493506796194,-14.658196692108701,26.65389041905176,-0.008265386532004699,0.00669387295236569,0.026171056208394224,21.909555179188057,6.395012317181386,5.98275445956524,3.625608296956026,8.369716806298216,0.007895078078788623,0.33843263168137205,2.024234483081411,0.6187719988844607,6.754206274319973,592.5363884648352,1372.5962212233153,-140.85054810968228,1541.1342449681622,-144.9353234845689,2526.519458355443,-147.23264856043818,0.12349920729765575,7.512250496552411,8.729588549056228,0.023470436889972097,0.021209891904159985,0.043283796302286494,11.788863692538095,10.522705262194005,12.941056863867255,12.417241438927233,12.395532714020199,0.022010350069787018,0.7346255823795331,3.2465911134880954,3.8449214777386445,11.08528578736239,164.84800194534677,191.14740563592068,86.92657385454669,206.02705898280792,81.00269829671647,222.0885373412627,77.60436093569739,0.01524744,-41.62213,-13.79552,-0.1047477,-0.08578271,0.0004600204,-27.49545,-44.9288,-51.10127,-63.78164,0.0,0.0,0.0,-14.52467,-95.71731,-74.46568,150.2382,508.8196,-201.0,948.9631,-201.0,1642.758,-201.0,0.9981551,17.13772,58.46755,0.09007334,0.05575883,1.625669,61.00056,44.04845,66.37086,52.35861,56.57402,0.6605552,6.0206,14.81157,201.0,52.88501,1361.275,3753.194,23.59099,2752.677,16.75171,4165.186,11.74044
335,0.09539652950079514,-13.100735278693262,23.939300906365254,0.003039531265333648,0.007575461263139708,0.020337068642445853,19.77811083721352,2.9850600208462397,6.915935666067179,0.5193185357973723,9.309085017468616,0.007033053823712985,0.2643720139017661,2.499932174131605,1.3796014652131847,6.0462421779938795,641.43167125509,1376.9888301697467,-147.93835900944504,1608.7776622834494,-151.26011707721784,2538.3244502807024,-152.73614169037066,0.10969830001172683,7.103212512054427,8.990692691933202,0.02862694193490479,0.018839026019911508,0.03382465222985519,13.630392563378994,11.805197561015877,12.22866205457425,12.815637662877371,15.242541850404338,0.032913678865616025,0.730287617609836,4.413288771067569,4.526263404830109,10.817484603574599,156.82660179070015,207.9641454862666,83.87424250918525,203.3656249301433,78.4604580612385,222.0214488378993,76.05258819089482,0.005873216,-41.22936,-26.31641,-0.1023552,-0.06218959,9.27338e-05,-36.10279,-52.29607,-47.2265,-78.94659,0.0,0.0,0.0,-9.338638,-21.24775,-36.13912,116.1397,80.79397,-201.0,939.2087,-201.0,1529.444,-201.0,1.053101,26.01529,54.10919,0.1258491,0.06170456,1.297505,58.62134,51.64018,65.2959,44.23082,62.19332,1.0,6.0206,19.28052,37.52927,59.7762,1395.018,5232.34,26.86665,2458.255,22.82283,3849.738,35.76438
336,0.07237381908503814,-15.128062561915158,25.991055053444605,-0.004605362408115679,0.0119547250048344,0.012380859036315542,21.33992251415072,5.292572426495052,11.786760970075624,4.259741821492625,6.3992168443456166,0.005197188013693032,0.2608434929334367,1.5834439411298187,0.5865122524921077,6.789101027114254,573.18485432338,1361.9436986065225,-146.31051413270296,1517.8617606977975,-150.50261846339743,2491.1813840321897,-151.93385221354586,0.09702962483851554,7.497991444449447,8.930099524138917,0.023579232527839365,0.01701519488807191,0.023514907739647616,13.699331601155103,9.365957278520316,13.5211092910776,10.587905465307035,10.42094924604543,0.019588994428445326,0.7240901378086466,2.7691004142902274,2.750150914350902,11.805204372390786,176.67939127248158,193.12433263393078,85.91712988513314,205.05907272267373,79.38309577927868,208.09708511512858,77.06220053568867,0.006071048,-45.91198,-27.82795,-0.1105274,-0.06367595,9.587436e-05,-28.27475,-41.88014,-26.92996,-54.92476,0.0,0.0,0.0,-2.559968,-91.14206,-201.0,124.3171,222.4714,-201.0,856.8084,-201.0,1667.054,-201.0,0.8654202,24.62078,59.69726,0.1015821,0.0621887,1.135463,60.10083,41.39083,73.40334,45.38518,62.20346,1.0,6.0206,23.30296,182.7188,56.22997,1535.572,4232.989,27.01192,2535.668,12.83047,3791.963,33.65698
337,0.10800866237024091,-13.266766473070222,24.216767803706272,0.005782582783074753,0.0063190695044719235,0.020673388800868445,21.0102935836654,5.159636187737625,6.9704198214201405,2.403683640712101,12.212391119679769,0.007576279347823276,0.40748880189885744,3.228504464513318,3.076575573846961,9.567382451362045,600.6724527539066,1391.931879627611,-124.06106534596107,1567.0150426884927,-128.56224330747403,2527.0013561747796,-131.21006313306816,0.11027205499506994,7.934379675129628,9.74057607982265,0.026428796069432308,0.016630238274938355,0.026677528761812785,13.940264536666636,11.634730660437569,13.221044108732983,11.137319637005321,15.169056606199824,0.019300286772215916,0.8676028613582416,4.3588733698775615,6.645152826540141,13.200495939826151,152.59087700446534,193.20523382261572,92.442129290087,182.8745996182502,87.03489006890301,202.32465328321106,83.7407761597809,0.01613474,-43.53759,-19.28724,-0.1076411,-0.06822225,0.000740644,-33.02423,-36.75615,-55.31845,-57.90587,0.0,0.0,0.0,-8.023809,-182.6666,-159.9235,163.307,343.1128,-201.0,690.229,-201.0,1636.827,-201.0,0.8463717,23.41146,58.54715,0.1219711,0.05553577,0.853381,55.96304,50.47571,59.30409,50.17082,56.70987,1.0,6.0206,16.98089,80.82771,57.71721,1363.814,4091.792,25.92566,2571.462,17.9507,3794.811,10.17308
338,0.1564498570157182,-13.534206556618674,25.024005134233192,0.005833322876322755,0.005513158191059215,0.03415757491848481,22.09314177023393,0.7388953718215044,8.325908783445618,-4.418242626475458,9.938241226456196,0.006364098017770025,0.2801520925577786,2.5368517523348797,0.31707895916814477,5.878795809529777,603.4415643809907,1405.3886436373082,-138.60527619472867,1551.9863106743078,-141.8658733543177,2514.6633995911257,-144.19518260922663,0.20978974966332425,6.638968914252474,8.528400380386216,0.03303814968693438,0.018911199011469267,0.05973841697628357,11.933231930738566,11.989005629627135,12.561343531767141,15.466536247324468,14.833589397467199,0.020134070778812234,0.7238561594819839,4.117869212601497,3.8982064879258913,9.950871839258747,156.80897726111897,193.2177736000856,90.40176425572005,196.307259333009,85.66285538004787,211.41737889918767,82.25559853207393,0.01622548,-45.22974,-20.41588,-0.1049684,-0.06761864,0.0006739703,-21.25128,-50.19214,-36.65934,-73.70889,0.0,0.0,0.0,-7.389626,-114.4552,-92.11977,189.5756,770.4462,-201.0,801.3487,-201.0,1661.411,-201.0,2.346675,19.11409,59.56445,0.1336881,0.0581427,1.995288,59.49556,37.80783,75.31895,34.22586,59.83382,1.0,6.0206,19.11789,131.1635,52.82413,1274.654,3850.358,31.15767,2474.16,23.53335,3692.066,20.46994
339,0.07903140986011636,-15.781237079352614,27.598605632724766,-0.013202489891242663,0.011621620684604098,0.02308477231729133,21.99358916708847,4.999116794029618,8.988545329358544,1.7221338929406935,4.350745928076398,0.0035321197164587654,0.24525512872608538,0.7150576506932709,1.1463945636928448,6.8587563931576385,596.6105198896694,1372.8215746540575,-153.2599877922228,1532.7831900285098,-156.29847332393618,2494.636312692673,-158.45459012879283,0.09147293589152414,6.403687376068438,7.519452220633079,0.021434169112387127,0.01710334492560783,0.03181420322546146,13.717939000786544,8.998937809283463,11.478246283880207,11.426481238892361,7.737106588833585,0.013689880550454711,0.7348958897077988,1.5058665399327826,3.3373711380024913,12.664026332029053,181.27752427679587,192.7445149272924,81.61831701784767,222.6462873011991,76.46173280775714,233.97925945934352,72.7146009047637,0.0155469,-44.02725,-15.50826,-0.1133734,-0.0719574,0.0007461969,-29.75502,-46.635,-33.83065,-63.89735,0.0,0.0,0.0,-12.97589,-98.96029,-79.03123,109.8092,402.903,-201.0,878.0346,-201.0,1684.778,-201.0,0.6677876,16.12794,58.97987,0.09338263,0.05891129,0.6239681,60.14574,40.53112,70.1993,36.87301,51.41866,0.6726801,6.0206,14.54811,132.699,54.83213,1376.652,4267.266,15.98431,2456.512,16.94553,3842.744,17.45786
340,0.06704219981390613,-15.619134838492904,26.281352396112613,-0.006725476988806204,0.010484886939108453,0.017019938445687294,18.164000647116797,8.846861469007596,9.048145198567985,1.441398614745867,2.951813385239335,0.0024129949678242534,0.17807538044405502,0.5209018850765655,0.7124937658080647,3.4845465238917823,586.3090087038522,1377.7356609419855,-170.87805512099436,1556.553666773483,-172.86166448351017,2486.1778870418584,-173.97583647545076,0.10234160808993371,6.124828798454319,7.714850614914457,0.0205587921417124,0.01376662300837136,0.03336256569811637,10.461009790257862,7.837607876430018,9.76383348789161,8.27320255840097,7.081233851365081,0.011556182491170356,0.6040220643749314,1.4351816359261493,2.4874581577839887,8.713816571149986,168.8583978615774,187.20658610177907,69.67438715385374,211.72809015188471,65.08227586370886,225.15168342454882,62.44948978763445,0.006687272,-42.65985,-19.46653,-0.09180524,-0.06116771,0.0001278123,-26.13167,-45.6636,-35.39857,-52.3719,0.0,0.0,0.0,-3.771166,-96.36356,-66.01044,189.5167,392.5077,-201.0,936.0114,-201.0,1712.397,-201.0,1.036734,19.70487,55.92701,0.09569782,0.05385076,0.6084853,57.43465,40.43413,73.04171,38.0007,57.0952,0.4158581,6.0206,15.99261,107.1677,53.30753,1363.006,3379.302,27.17192,2429.889,9.553353,3736.434,10.04904
341,0.0878429059960109,-15.72941222518171,26.76635616362658,-0.003403758912275205,0.005436595527972029,0.0188225941628551,20.330245673181608,9.435786669695661,4.095139683896009,3.941414658773568,8.59708283307969,0.005430839316312154,0.2602525857311612,2.290277645941743,1.1717964109020418,7.130961096217532,662.639089073741,1389.3183250293996,-150.26623369251442,1641.5733083898263,-153.8822606068651,2604.131675740177,-155.9606747059059,0.10218307622115617,7.019465739335966,8.86696392075143,0.02745139072616637,0.01772227036744793,0.030928382642409942,11.927834836170154,10.02916206804951,12.518554078635777,9.328817406963989,14.559083410379689,0.02542959975445135,0.6879533341294657,4.0997396173400285,4.108515006489648,12.776798710462463,162.33805974539973,199.88531622811877,82.9383866623286,216.46224798600832,76.76903772998544,230.55418696220462,73.27376013949134,0.01565612,-40.51053,-18.40394,-0.1021805,-0.07187175,0.0006901479,-33.97918,-46.44213,-48.75804,-53.20004,0.0,0.0,0.0,-7.205588,-24.65829,-18.31979,170.5206,92.15035,-201.0,733.6591,-201.0,1618.376,-201.0,1.498951,25.52469,55.13729,0.1010182,0.07210734,0.6903974,56.82983,46.51231,59.02996,43.88319,59.69,1.0,6.0206,19.72032,106.0204,58.52989,1323.067,4928.799,27.1938,2544.853,42.08975,3739.628,37.92618
343,0.03988524408626491,-13.514879475287211,24.358953158602393,-0.0049830015796538734,0.015724917701313137,0.006097090299889674,16.607798879064372,6.294013107006738,6.81638795752997,3.634844871506648,3.183084164959127,0.0026024431007713044,0.1522181957510515,0.6476671944790996,0.3019918105219766,2.991236269680888,598.75196355499,1376.2885622080105,-172.89824045509866,1531.6193193160495,-174.32444184364576,2484.536109117184,-175.67273182830166,0.042051405537168615,7.497983374684133,9.299889621987548,0.021980792623320856,0.014842663024475657,0.010974829967213447,12.742138610623927,7.7630425986727785,8.711864763560946,8.204586765361801,7.903860042406565,0.010610152295623627,0.5341192134646664,1.7223521818474516,2.84433167893973,7.888741161066607,176.30262963466222,197.85169517370355,67.0022106140091,219.7000923417817,63.59101947766208,212.81515946129764,60.302211389655255,0.005958779,-46.77767,-34.29535,-0.1141951,-0.06097919,8.798068e-05,-38.22027,-37.02877,-36.70509,-41.29574,0.0,0.0,0.0,-9.552782,-74.04684,-44.19514,128.9582,181.6511,-201.0,906.3628,-201.0,1815.052,-201.0,0.6973331,33.64465,60.69586,0.1059775,0.0584489,0.5682195,57.28392,42.33641,55.28004,40.65016,62.14889,0.5029059,6.0206,13.99541,201.0,48.43015,1288.779,3718.438,12.148,2724.546,16.20197,3846.674,44.92142
344,0.23187145470938864,-14.567798351293293,25.12987681226195,-0.010824655934343258,0.0031852731689756774,0.0903980337962768,25.997152310651856,0.3141037480064652,12.772769906108685,2.5238419600225552,5.963972683546393,0.00593991570046264,0.35942981139876756,0.8694128799009758,0.21924069083075032,5.647915442452452,584.9454156135944,1354.0692976230214,-141.89999837381026,1549.3235498642775,-145.14394216956015,2505.930383040185,-146.50112505108413,0.31644749833590957,7.929172828946911,9.558745887978795,0.025856125832724442,0.020759038967993044,0.14560072313821826,13.807125890538108,13.610608923761694,16.229974475304225,11.745442926164483,9.322024084967346,0.019895032882241273,0.8702826958828929,1.7618476082047978,2.765309797743065,9.886436936980834,189.98510688514136,198.0927848342047,87.66380381586181,231.53373145081162,82.94461282359701,244.7691002661289,80.86061444850662,0.0153652,-47.85746,-15.59054,-0.1164578,-0.07793794,0.0007293334,-23.33014,-57.79148,-46.00134,-64.20065,0.0,0.0,0.0,-30.2244,-193.1514,-157.1404,142.2491,601.4113,-201.0,867.5022,-201.0,1658.332,-201.0,3.360004,16.88916,60.52351,0.08790777,0.05919759,5.055386,64.79426,45.2778,88.17666,45.16511,62.20898,0.9499887,6.0206,18.50686,197.2993,59.77426,1404.231,4003.942,18.07512,2695.365,16.30173,4012.678,7.167324
345,0.17037877606303378,-11.802723198823788,22.696618192331744,0.020761622405340147,0.0030707238488130537,0.03518056271958028,18.91029782520292,1.910369733898146,4.722174883070352,-7.309418402906775,15.089034934245333,0.007836844054781699,0.3869478652377119,4.074605160059419,2.7093600178827733,8.908562677223882,612.8522966782556,1395.5993692099362,-117.86051189270205,1575.4937326468144,-122.4008223390888,2512.8759836369136,-125.02595224665858,0.205487657664403,7.712688048937922,8.695858238551667,0.0349843119095897,0.017088251199600727,0.06349807519133137,12.71742154946835,14.297912207358594,15.255704896533459,16.6308727263942,17.93621771447275,0.027269638833980803,0.7990570363546343,5.328666944215307,7.055580691024709,12.382527713582242,162.9692280239065,216.5289567886116,95.79507149018322,190.56342073191516,90.4562305763165,213.54643132651825,87.26154772665527,0.01586101,-41.87036,-16.39998,-0.1142813,-0.06783131,0.0004228771,-31.12824,-54.75401,-55.62115,-87.16162,0.0,0.0,0.0,-9.896371,-31.22999,-71.67038,122.4598,496.486,-201.0,808.6667,-201.0,1681.321,-201.0,2.099901,22.82851,57.02739,0.1322916,0.05496691,2.463817,55.20047,53.63854,67.51933,36.97229,59.33241,1.0,6.0206,20.72232,107.5105,63.07557,1339.737,4389.218,34.98219,2534.941,27.57209,3589.479,20.48146
346,0.08012793708134167,-15.222755405021477,25.905356980330993,0.002537400144876912,0.005452647195433696,0.016276151615340167,21.571388505681178,7.181157932316392,7.688676413869759,-1.1030823614224903,8.788402841556442,0.009733317675110466,0.2887890597418397,2.159835654246216,2.6560035634974484,7.538162101121942,629.5114414582242,1380.9697835573272,-145.9270093107692,1613.7645442361836,-149.73625945733232,2556.9913912143143,-151.74799953319933,0.08807256765098696,7.398977960088883,8.820477721083325,0.02470034610120602,0.016579521416285107,0.024107515224648022,12.853656871468692,12.157888379057642,11.55354265286493,11.34574886970942,14.263259384938939,0.044930260380338614,0.7440146742079925,3.9639608319504376,6.961252288281299,13.28835429509619,154.6301693822026,195.44946032787487,85.43307528396468,203.4284486868453,79.44986036044233,253.11021117746222,76.28039096726533,0.01159483,-47.07423,-16.14484,-0.1134751,-0.06971083,0.0006696237,-29.26581,-47.96666,-47.64876,-73.37905,0.0,0.0,0.0,-16.97248,-80.68673,-53.63675,150.0298,151.0732,-201.0,647.1009,-201.0,1503.946,-201.0,1.190987,20.6278,60.30362,0.1104627,0.05579607,1.090345,57.31505,50.34859,69.78008,40.43779,61.61895,1.0,6.0206,17.86193,114.5277,58.96325,1327.727,4139.055,33.15269,2501.577,35.3246,3914.704,40.04342
347,0.04428335592098333,-16.219921988963492,27.594261862704332,-0.009421759119020157,0.015004163227980415,0.008558757467465938,18.41571872191037,8.386836468209694,9.389759091685418,4.47380199586741,2.919083064492386,0.0024718451856404256,0.15568411483300348,0.6486040893758486,-0.2741414074205107,2.4648769342334678,603.4612110894847,1411.334016361079,-176.45021015788515,1561.5613042117143,-177.87468658825972,2512.192650534029,-178.95031252217075,0.06674629089003378,6.132009902352007,7.281256119568941,0.019890925000086577,0.01260161431711913,0.01613247097418889,11.598494785612228,9.143373419624345,9.523835909725777,7.754753642821453,7.690208904727387,0.01129473682935032,0.6100834455596362,1.8101650043515045,2.45320687520291,7.228515179342225,181.62939006926175,190.8877229234652,63.10920578805663,214.88920454931093,59.48635967818336,222.85846980112217,56.68415546995515,0.006664293,-43.19157,-16.37383,-0.1052005,-0.0640716,0.0001471613,-26.42633,-40.95313,-31.09929,-39.21803,0.0,0.0,0.0,-2.516079,-95.17779,-79.79155,187.1591,325.185,-201.0,824.5833,-201.0,1755.85,-201.0,0.7408279,18.02444,57.51,0.07744312,0.06268324,0.261123,64.21426,44.58218,77.13706,45.39178,59.63743,0.2895523,6.0206,13.78415,100.0073,52.267,1407.644,4262.342,12.94978,2636.945,2.966705,3525.802,4.675902
348,0.08509836389935357,-15.324201150866573,25.96227395267405,0.006457117946824558,0.007768476421713772,0.017123410525074028,20.271855443137742,7.799008461060555,8.891602166241569,-1.3938402407204102,8.73437131285188,0.0064322795554217,0.25631952738144065,2.431132824233777,1.925418920562327,6.919852603321053,596.0196582470286,1392.5164109793564,-148.36656382070674,1561.5583966692154,-152.02665986693682,2532.7416872732324,-154.11518763253008,0.10780124282284105,7.120424035460044,8.768605093609827,0.02972158372831211,0.01531179736010019,0.03198913419419601,13.17748046971694,10.83345742627483,10.062539270707372,11.167777993325643,14.628265421472005,0.030594744362615906,0.6839422985098982,4.3514705594545005,5.585329489853901,12.342580558666866,164.04039537077094,184.27289473882158,85.63042003801326,192.1143089449021,79.62162925835578,216.51434098205846,76.15299719796766,0.0146176,-44.2224,-20.88766,-0.1170371,-0.05984585,0.0003474547,-34.31558,-41.09652,-34.31419,-67.30524,0.0,0.0,0.0,-4.908441,-104.2634,-85.71492,156.2172,419.1793,-201.0,952.5776,-201.0,1797.437,-201.0,1.061965,23.79325,59.0424,0.1221783,0.0533624,1.091113,58.46309,49.53058,65.33152,40.06902,61.16695,0.9396113,6.0206,17.84094,201.0,56.88602,1425.719,4178.971,36.30793,2466.254,25.22863,3994.309,23.95283
349,0.05127004813327631,-14.942949017275486,24.637277114722917,-0.009541103542904245,0.011221603274329514,0.009317229823914723,17.48879926882647,8.918461756832478,13.644522528258983,3.073324528423798,5.068617362767515,0.004772369618585728,0.22694386537416375,1.198627915265781,0.22342200820771313,5.103162212424784,604.0344796984753,1368.6639219428864,-160.6382137159504,1578.9745407330033,-163.80093423897796,2540.62710290997,-164.68887254676267,0.04818747596067289,7.572034689473727,8.980435547060006,0.019339177580651328,0.014631646787862248,0.014951006100645158,11.8370890998778,9.594725667318286,11.647589171649948,8.908791029927967,9.771200470128234,0.021056877407164793,0.654675071878751,2.453099585982522,3.197182481876441,10.63203844289254,169.33073137943703,197.1279617457208,75.51521972749542,194.15098678915155,69.56368435309928,221.30936480646756,67.84670013792405,0.01446111,-47.96846,-22.59868,-0.1208305,-0.06898829,0.0005380829,-30.59442,-43.12645,-31.35591,-51.88176,0.0,0.0,0.0,-7.905005,-170.7889,-148.4418,129.6221,63.95129,-201.0,872.425,-201.0,1707.251,-201.0,0.6300752,25.01493,62.82644,0.07104949,0.06390873,1.132573,56.37608,45.79677,68.1047,39.6915,62.2067,1.0,6.0206,24.51478,105.2048,54.90242,1420.035,4113.666,43.15982,2673.367,17.06077,3916.734,40.99884
350,0.06890302778710278,-13.929735238840982,25.0698671021369,0.008014626437793704,0.007728690064762859,0.011576883966228139,21.840788412346498,5.321556892535124,5.669179266274436,0.7387194996888058,9.75542503481752,0.0060459522236931415,0.29517134287268354,2.519268765068492,0.9762583427739027,7.509740024661329,581.3780770623994,1392.2769147605873,-139.8256217317305,1529.1436749381903,-143.71915939384394,2490.1131400185996,-146.598216001669,0.07222848380380645,6.695077550785726,7.609305926964476,0.02762863510772964,0.015773851837755842,0.01987869211245515,13.060267385144778,11.041100411742164,11.873677423338348,9.92364202299626,14.709487339190822,0.02026205116627523,0.7591934634055675,4.128416593485619,4.138951520178291,12.053901363255838,150.32331961061,184.67220936956898,89.21181001473626,190.64768656937798,83.55216241062541,192.06725365119922,79.24589197331201,0.01513796,-41.05727,-15.23472,-0.08993877,-0.06206895,0.0004249035,-30.8681,-42.05006,-52.59159,-60.95922,0.0,0.0,0.0,-8.640096,-79.00117,-72.59612,144.6117,175.1107,-201.0,827.2866,-201.0,1649.113,-201.0,1.05811,21.07636,55.7387,0.1263238,0.06186869,1.447624,55.10488,41.35519,59.7357,40.09326,54.72727,1.0,6.0206,17.05596,102.7148,57.85056,1378.644,3297.15,25.39345,2434.089,15.56638,3560.252,30.71758
351,0.10943333714577161,-15.463538344151209,26.49641984151082,-0.00860376966940068,0.008789414584771473,0.022133832393734076,20.152557515044748,5.934665609759705,10.458154456472078,0.3178149259122641,11.312805245594884,0.00508288556843651,0.2488680277238292,3.414452850775716,2.1869612333912767,6.564476314307644,659.6869903400645,1370.6957668148032,-136.81259062430237,1634.6668405972246,-140.73823014497427,2598.946286137533,-142.44233291147796,0.11449290749604071,8.022684821746974,9.475274784936435,0.03253847284588026,0.016951394555982043,0.03401797318346643,11.91335765648091,12.251560081014537,13.928323462454577,15.361712912349267,15.992833938868184,0.017158613428893285,0.6573681930156576,5.112706541381564,5.927797887720981,10.579465276059686,190.43471657118562,202.69918621972985,88.56650913996744,232.8175960952765,83.06037893677193,239.9363997245636,80.6135003400692,0.01574144,-46.79584,-16.71106,-0.1235055,-0.06428766,0.0008018537,-33.23923,-47.1907,-33.09842,-68.10918,0.0,0.0,0.0,-17.72933,-183.9752,-163.3878,86.99651,123.4748,-201.0,884.4653,-201.0,1687.936,-201.0,1.233142,21.37679,60.0413,0.1182964,0.06300794,1.317351,54.39407,59.03395,72.8261,42.78907,61.41702,1.0,6.0206,16.83974,128.5719,56.97582,1466.529,3881.469,20.0298,2739.264,14.75619,3913.557,19.07457
352,0.13451726274370748,-15.834414579013757,27.086922124450087,-0.0011907484368158625,0.003396498146876858,0.03325605556561846,22.879887272115283,4.164952759196476,9.063283319775548,-0.8135668164691737,12.539412004657713,0.011457259492371486,0.38127784893320005,3.4198900908270997,1.811471414535571,8.276921169693301,660.1286940528665,1380.2215438797155,-127.37845321443334,1641.7729832335563,-131.70697748847294,2635.263094588371,-134.01683850554357,0.14304058085896995,8.471397553839642,9.841877941124622,0.034126578318513776,0.01810882077008431,0.09321499480692422,14.308955610895232,14.080570132164185,14.154862405219195,14.204942693224298,16.346611243737247,0.04932107951147686,0.8645422960762046,4.946621074058099,5.431778688942822,11.950783405343204,175.81726740783088,205.70434495820103,91.75000218105868,211.21647342300773,86.2898827697794,226.97394685026887,83.28848140403919,0.01587178,-45.06652,-27.22199,-0.1196344,-0.06537022,0.0004345128,-39.8119,-53.62256,-42.51917,-70.17792,0.0,0.0,0.0,-16.33595,-175.9337,-150.6095,184.1648,90.09719,-201.0,827.637,-201.0,1699.601,-201.0,1.316237,27.77195,60.32084,0.1296585,0.04997749,7.544228,59.07652,53.78864,68.41379,40.77508,61.96769,1.0,6.0206,19.05047,190.5419,58.77724,1419.458,4116.409,31.56366,2668.375,42.39659,4077.113,37.09972
353,0.14455675081728417,-13.425657088212338,24.24717627233612,0.004609528254240403,0.005389001639305968,0.028518236627991397,22.102975810119275,1.2292135933848753,10.275210374769506,-4.307399406204147,11.702097688187093,0.006162161554196484,0.297260734285258,3.2502804295807595,0.8492629227892685,6.403054011510216,636.6664138970888,1395.702867830059,-131.1527911956495,1600.6502310298754,-134.55467279691013,2562.2901433224756,-136.96365481358188,0.1727680621245301,7.34805711325566,9.351500468939253,0.03268303541373131,0.0176449036180088,0.05382848179149157,13.443098079030364,14.821519748131875,12.890410644405856,16.23768596726229,15.837357087920658,0.022430842219781044,0.7247108923183163,4.747559041050724,4.813028234221061,10.280860694320415,162.57926804369896,201.36002953123287,91.73258790788408,195.9094447809879,87.2278958440379,229.309313542482,84.07128749799814,0.003844129,-52.9846,-22.15563,-0.1214416,-0.05972616,0.0002265508,-30.91043,-63.50447,-38.9782,-83.12726,0.0,0.0,0.0,-8.68897,-185.2291,-153.8714,0.0,0.0,-201.0,0.0,-201.0,0.0,-201.0,1.199799,23.93725,68.92745,0.1171964,0.06622545,4.715344,57.08909,48.52156,78.71019,34.97145,61.38882,1.0,6.0206,17.9068,122.6383,56.08148,1429.12,5039.952,32.19481,2583.244,17.62451,3579.573,21.82027
354,0.040480530652312656,-15.381060339425746,26.81151760380239,-0.008955750346492358,0.014841611698721212,0.00628016759053433,19.694667788299945,7.001821307087218,6.881538266787404,5.827808037872169,3.1857253550926963,0.0024537647533203377,0.14650764633109034,0.7117859279294497,0.8519663639348086,4.003842211061203,624.3047286068573,1415.221923789043,-171.63054273817838,1567.5382898649,-173.27333280778126,2502.345400704115,-174.53477538993428,0.045902940162469694,5.711336744960709,7.127173931304639,0.01958281036495435,0.013337917392505233,0.008351658394342088,11.562153558134455,7.891318702365243,8.887928307818637,7.8031330001339,7.589536869279902,0.010561149698272404,0.5579796238609545,1.7957780344223067,2.3805965925275854,9.921678743564692,178.228674293058,194.61798869718874,68.62326609835405,217.02321567802724,64.80750491135682,248.2777912983294,61.821648053971465,0.006306373,-39.5856,-19.66832,-0.09016233,-0.06140575,0.0001124956,-24.48625,-35.96573,-30.75891,-35.00367,0.0,0.0,0.0,-2.683145,-54.44773,-26.63403,133.1652,225.4257,-201.0,888.6897,-201.0,1781.743,-201.0,0.4307632,20.46364,52.70375,0.08196981,0.06407196,0.1588498,57.27955,42.75528,67.22982,39.65962,43.6261,0.3121895,6.0206,13.47762,103.9145,55.56311,1410.083,4315.308,12.73375,2611.757,7.954657,3803.583,-1.170899
355,0.08598638388645123,-16.08940256134736,28.52515697044623,-0.004086929010445641,0.009263036904127405,0.01713835960566558,24.443270512804197,8.045914601415326,7.97780026085703,6.332470741638819,9.439845100059292,0.005909663754596651,0.30078963834289957,2.83878369869997,1.9659062326200565,10.480822737133117,595.5049071746221,1437.7220792973615,-136.2564797735824,1543.991156531278,-141.12182310047433,2477.5840677438478,-144.26745418563593,0.08511987494270792,8.228344415203898,9.53914354680528,0.022369067529507923,0.017044427515367246,0.04100326480329315,14.752156228902054,9.747428139459208,11.326320342869481,10.098109280030906,13.077368543058409,0.018762571824599502,0.6980529478946755,4.035040419532511,3.800090460702895,15.020899787111246,176.8115101361955,202.82945408115137,87.79158462091493,209.92741591524404,81.16627556929896,260.1095144821616,76.84360647989251,0.01580608,-47.79124,-19.79318,-0.113193,-0.0651793,0.0008006776,-24.97955,-36.91996,-38.46947,-40.94249,0.0,0.0,0.0,-0.5243542,-19.10056,-13.68585,139.2026,413.1599,-201.0,812.5501,-201.0,1620.172,-201.0,1.155646,21.7467,60.70903,0.08629441,0.05559009,5.207723,61.28563,40.6307,60.75284,43.69889,61.88898,1.0,6.0206,14.47888,29.32282,56.8247,1301.61,4475.399,18.57038,2597.089,7.970884,3786.624,7.897604
356,0.08014667107489228,-15.91189100620488,27.263056819213563,-0.012937923445309437,0.007623496096411913,0.01841913756149596,20.45099523870252,9.26500576457523,9.436572006122955,5.409616869608291,6.516569394088721,0.006127448535847112,0.29974709860874216,1.560662825684484,1.2521142871984545,7.586944397873901,609.4033381444164,1370.3048753452092,-148.7692543378582,1574.3623325015465,-152.08737401269005,2569.470944011659,-154.48898199303602,0.08312752680367752,8.334403070196423,10.271065145158481,0.021580181028001313,0.016940962978876834,0.03874136943864519,14.219551316846701,10.743152689896707,11.461210243310935,9.779451494938018,10.730917667337296,0.024897540948821753,0.8099757739996475,2.7714888091107106,3.015031895207091,13.171124169260118,172.15966392378496,194.38399414594002,82.25865089785052,206.18022252262512,77.02215835637939,229.05738115137123,73.15112179742324,0.01605751,-46.96834,-24.93575,-0.1151984,-0.07085904,0.0007720534,-35.22653,-55.05635,-35.08339,-60.34346,0.0,0.0,0.0,-5.910613,-29.10195,-201.0,183.0343,130.6254,-201.0,910.54,-201.0,1605.762,-201.0,2.072237,25.559,61.68929,0.08574096,0.05964157,2.620869,58.535,50.5467,60.92923,45.78672,62.20985,1.0,6.0206,24.81046,100.6633,56.47025,1403.778,3754.38,18.59534,2655.218,15.67479,4246.125,41.03154
357,0.0838141515190026,-15.894409102616256,27.528224605397774,-0.010157147789576867,0.011848197736027213,0.021301775690279252,20.240295035899756,5.844173596276142,8.74094383263079,4.205070058784126,3.9121494629593907,0.003317918340197261,0.16955203361871804,0.8827924182928283,1.0724477229482974,3.855612525877785,616.7117040127326,1412.2684626748337,-170.71516535689346,1577.4751408218383,-172.46641411610793,2548.6751324153565,-173.53434476186072,0.12324246499733923,7.00092145537199,8.715648184050757,0.023783772715331625,0.013931000792563245,0.03838787792586607,11.298033546511748,9.426500988282873,10.877133143828749,9.208659091701218,9.243596545418908,0.01799659592757386,0.5965315847435896,2.3518434954795064,3.0584174893357976,9.65945870519638,182.856169309642,195.0519740725323,68.85893429571126,209.78309130628207,64.8818858796389,232.6777404007816,62.4477239486759,0.0162915,-48.04082,-9.60328,-0.1175394,-0.06214444,0.0008413789,-28.80675,-44.89742,-32.19437,-56.09836,0.0,0.0,0.0,-5.758684,-10.16261,-68.27577,129.3589,498.3786,-201.0,920.3636,-201.0,1521.862,-201.0,0.9860875,12.32964,62.31327,0.08956569,0.0564292,1.016142,57.29597,39.24242,64.48656,45.14426,62.2116,1.0,6.0206,23.37175,26.43483,52.82439,1414.488,4650.205,25.65947,2670.643,16.77919,3950.56,14.04635
358,0.06335900303414634,-14.93569963918939,25.656487197953467,-0.0037711686465250077,0.008929089752320653,0.0144285012458552,19.223852449119775,7.751212852931965,7.894233491914974,2.5893918342236524,4.631219177832664,0.004045152243668726,0.18085818415722496,1.0106678047492283,1.1743167938114818,4.343498982482711,602.1740319651127,1378.8695278542762,-165.3761784018286,1566.92104584594,-167.44038172733315,2514.354341231862,-168.78784786111376,0.07745914574483698,7.731134594178077,9.526918548748304,0.0231881025637522,0.01555241515116212,0.05047553825504135,12.946819573587934,10.069248330922854,11.20510320102816,9.554413328298649,9.970786109050199,0.018432908581362616,0.5739466487559447,2.4195654638011304,4.160180329390163,10.035988682091924,173.42925236965158,200.27840217527842,73.3884124116376,214.69434904020136,69.13507401831238,230.1569810946849,66.29935374653199,0.006221382,-45.02565,-22.68097,-0.1151984,-0.06240537,0.0001057223,-31.47823,-43.67279,-36.6151,-57.16806,0.0,0.0,0.0,-7.290111,-36.04594,-42.23384,154.8226,181.0383,-201.0,939.24,-201.0,1685.976,-201.0,0.9680269,24.20201,58.75775,0.1159094,0.06157926,2.665279,59.5676,46.25647,69.18484,45.63187,62.20457,1.0,6.0206,18.70396,200.5057,55.72493,1374.647,4771.802,37.58212,2730.518,30.20421,4130.641,33.86322
359,0.10907486257494488,-17.89225911511921,28.48866586167487,-0.013924255453515345,0.007454053259371671,0.03280400688843512,24.47369547365824,6.940922842602579,12.648014665284776,6.709414958591258,8.134949322051936,0.0095098507396982,0.3463808564306452,1.814589689639906,2.798024850124345,8.598887360738612,600.1344801356478,1375.6549666540889,-140.06650893990732,1573.4771086003716,-144.44603332627375,2527.848493517551,-146.12380633709074,0.13244231674009066,8.063176445233387,9.47667315759095,0.026261290618276888,0.01712290156834124,0.058365140407378995,14.201794067674431,10.519207151792365,12.77577741511071,10.904332729764315,12.142853155077358,0.03139552346375043,0.798938012594696,3.0039029815400338,5.9948006555174285,13.676732850782786,208.40907262058937,199.1159424503752,87.56336482011992,242.34832824225725,81.25379295491487,265.96816414197383,78.78496582052556,0.001033966,-46.53782,-12.7436,-0.1178082,-0.07312099,0.0,-24.83782,-39.25466,-34.06893,-61.68723,0.0,0.0,0.0,-15.72615,-93.87531,-154.1568,0.0,0.0,-201.0,0.0,-201.0,0.0,-201.0,1.95367,15.94992,59.80848,0.112,0.07636364,3.656487,59.16987,40.95103,74.66332,50.6145,46.08684,1.0,6.0206,16.06813,191.5183,62.27026,1420.226,4308.946,26.23377,2688.194,24.47642,3827.974,9.197421
360,0.10731344638763318,-16.655115982321664,29.21496371699821,0.004174228256057782,0.00623779306553803,0.02549967393097613,24.107759791775678,6.515563522354467,6.631657090240545,-1.7781720631353082,11.483877364439698,0.005823783372656232,0.25705520465323367,3.5995317816353554,2.564955353690923,10.084080974277278,625.1281290611299,1401.7859743327047,-139.23458820599257,1586.3516541673291,-144.30726799183233,2572.789159787374,-147.6413956126778,0.12773522230387457,8.330503854984913,9.710732644246477,0.03062597591612762,0.017150192404401736,0.04076918404396246,13.78764237555131,11.487374664704419,12.83621541443503,12.293970037861325,16.59564646639426,0.01804404291707678,0.6397287873178331,5.417525941516843,6.744670366666281,15.476421619360108,169.4207769763172,203.04048736911332,87.62607459560539,216.9157740987199,80.24857875652384,255.0403635136678,75.36308889772384,0.01644385,-45.10905,-10.27112,-0.1117348,-0.06847088,0.0007200278,-20.72862,-44.31137,-41.76445,-68.32606,0.0,0.0,0.0,-6.541019,-95.5572,-71.47727,102.5272,529.4328,-201.0,777.3306,-201.0,1614.625,-201.0,0.9167861,14.41874,60.6531,0.122848,0.06829571,0.887544,62.10484,42.87623,58.86559,36.91959,50.75692,0.5142411,6.0206,17.63366,42.09927,62.24163,1320.488,3619.638,41.6605,2508.681,35.63347,3778.761,24.67055
361,0.07758724469847601,-13.745525841782518,24.42514308214746,0.003320739190566471,0.00793922921010342,0.014852534239313585,21.146773999198924,5.280485688257764,12.015403081353348,-4.146696653941849,7.553977622089943,0.005841121112220213,0.29909136726135194,1.738220141913999,1.3667208974129383,6.699906896036088,571.8582768987441,1395.1035088680774,-146.7565683981144,1517.8917471701934,-150.3463309996188,2502.826332517842,-152.0230590051365,0.07953145800510848,7.499204572239484,9.26838095594029,0.02489677340284558,0.01665264036195487,0.018569681338356386,13.464787758263753,10.495403801983175,14.332186938336937,13.70553437638535,12.406984566523757,0.019085721701430306,0.797902201291424,3.178819904952296,3.853063485560624,11.534644605926694,160.65636584354957,195.5564079617659,85.48743556907182,203.35395374626012,79.84304990612425,192.78956069842246,77.11018942994313,0.00602934,-43.59225,-22.46074,-0.1065466,-0.06881139,9.303459e-05,-30.52164,-43.65564,-31.52942,-72.35138,0.0,0.0,0.0,-8.694885,-16.09045,-32.56102,126.9774,294.3518,-201.0,857.9705,-201.0,1849.432,-201.0,0.6937023,22.11308,59.45233,0.1005532,0.05608836,0.3083599,55.64521,50.29236,74.95347,36.75581,60.18336,0.5310869,6.0206,15.7786,46.64484,52.38239,1275.939,3731.313,24.81745,2431.922,16.6244,3612.758,29.54054
362,0.08655305442783792,-15.9019332478459,26.788241125496263,-0.004714675588854926,0.007776145624830645,0.0220990028415078,21.129210424504343,6.94723633079363,10.838610124407946,-0.6251351167386323,6.2419003119651615,0.00822873764820633,0.2263816939668376,1.5634442692230868,1.0136455695785336,5.597423095482521,623.7601700659176,1380.6921013454664,-158.98893616556967,1589.6059172555201,-161.90208090353164,2564.319636537712,-163.2264522739788,0.10312099704502092,6.855448895101781,8.29872662181582,0.025622670624870822,0.017757844216192458,0.03931785370109417,11.902054551118178,9.588510657654018,12.147513396532434,12.01853826447943,12.097029323760633,0.04734197127328263,0.6867751750055919,3.3365044054757065,3.6690827836890567,11.29223031683275,166.96674099711637,188.53789976845493,77.66678779398092,209.3010669087458,72.20907829545368,223.47566022592002,69.72347434876991,0.01551904,-45.64975,-12.92238,-0.1110629,-0.06430646,0.0007681125,-24.53582,-42.23836,-32.18959,-74.23856,0.0,0.0,0.0,-6.548682,-96.37601,-81.22429,157.0391,607.5065,-201.0,951.2619,-201.0,1761.199,-201.0,1.269146,13.8658,61.44749,0.09973627,0.05359374,1.408387,58.6983,39.71695,70.12363,35.55578,54.80073,1.0,6.0206,17.88518,118.1375,52.30748,1307.646,3159.395,28.31087,2459.33,15.09174,3580.286,10.29782
363,0.08666767756116243,-15.396265536081104,25.966605058462697,-0.0017389384179149383,0.004272905681415994,0.015950624743985623,24.360801552198748,5.871936440561176,11.36091330508728,1.5767015052056192,9.399783236598047,0.007651854060029379,0.3599670695433464,2.3050868699558618,1.4085589290454956,8.471609205762473,558.2766611754927,1382.9897795812756,-129.10551289429205,1524.641029291966,-133.7233691714424,2484.408770915848,-136.33323839614158,0.09050519186082726,7.797820653045356,9.043705605383575,0.023551356228589154,0.016321156737082475,0.024029658948406234,14.863132967077307,12.781593321279656,13.38917663762077,12.042930089427857,12.355191939857995,0.024857944841243398,0.8010613463309673,3.2799201512298795,3.6159877851416606,12.232786447521269,162.3441401666576,198.15096848868245,91.46988385861444,209.30183973028767,85.76961243123728,217.87966309803738,82.34680978810988,0.01544096,-49.58451,-21.37867,-0.1143284,-0.07441918,0.0007725707,-28.68231,-43.49137,-36.69183,-73.39433,0.0,0.0,0.0,-4.385942,-68.56217,-42.60817,128.9909,157.372,-201.0,799.9996,-201.0,1561.265,-201.0,1.204064,22.5431,63.60765,0.1065026,0.05187063,1.522514,60.32524,52.70549,70.50955,47.7867,61.38259,1.0,6.0206,16.5638,113.8862,54.49535,1453.463,3866.954,27.12826,2534.504,31.00561,3772.298,8.973445
364,0.12689957372696192,-15.543944667411152,26.42397276485502,-0.009243828779329881,0.0038348623062076405,0.0397816948652398,23.30605228699115,5.823276159616313,11.901026063018259,0.3933526228433052,5.944587232791964,0.006792770141723357,0.35770744055741177,1.0290732363231652,1.1549699131028688,6.706320568651596,605.1364936237221,1374.382824089452,-149.10517806671305,1583.26289239596,-152.59695859614013,2559.809168074822,-154.55485254306137,0.13217506039529586,8.728958457866273,9.985665759789136,0.025595172913286585,0.017164558068743483,0.05414439311227166,15.186935760582022,13.564792739714278,13.466656864172458,13.277066835081104,10.184054268902832,0.02232048217696092,0.9005778054057536,2.1721370159675466,3.0487822780229634,11.996058607424244,181.3122814009795,203.11750072882958,82.9764039210857,220.90536899016251,77.35972083620526,232.98316171006587,74.15939409939591,0.01509992,-44.22493,-27.57741,-0.1231844,-0.07296086,0.0008441106,-30.74963,-63.26831,-40.59096,-79.25066,0.0,0.0,0.0,-6.462671,-91.25555,-66.70953,169.8326,72.37768,-201.0,813.93,-201.0,1649.679,-201.0,2.067324,29.1889,59.87056,0.1166281,0.06601381,1.524564,66.2589,51.7141,79.51931,44.4234,61.91432,0.6982183,6.0206,19.09953,109.0725,55.19559,1414.043,3776.301,25.72014,2574.177,34.1083,3711.833,47.0046
365,0.05586083628736769,-17.55694956938895,29.122574298218005,-0.011108183010629222,0.009339024252445115,0.01941776486623397,20.709372322331227,12.112176692778439,6.507952492633426,3.128600922195188,1.7440517858560203,0.0018251597397895933,0.10073307741348159,0.25817335052369816,0.46877254667624624,3.075855650254804,594.3452269812178,1389.8715860465118,-183.54855065610616,1555.2298060084133,-184.99688663474737,2537.3507356716623,-185.93474774735844,0.05042042741044557,7.98632665310641,9.336609364626137,0.02046328021328151,0.014896854834655573,0.02729955847986537,12.427293355038513,10.28794627702116,10.251033478827935,9.224731052686245,5.724094238746906,0.011804941536743737,0.48825349639116283,1.095646722513344,2.0674812272558563,10.187936528512719,178.45970823186073,195.9038196670576,52.83759079385476,230.88980637279562,48.376641454829205,236.89402119463463,45.50342450215328,0.01507219,-46.91518,-26.40842,-0.1276657,-0.07383467,0.0005478468,-27.1995,-41.33883,-40.90242,-46.37279,0.0,0.0,0.0,-4.895746,-94.44554,-93.23329,137.6858,136.064,-201.0,783.7136,-201.0,1615.319,-201.0,0.4159133,24.83204,60.92459,0.1013002,0.06101788,1.408783,59.52689,47.82164,57.12823,40.66853,62.21056,0.4117597,6.0206,25.90129,102.527,58.5239,1407.147,3489.79,14.3142,2541.329,22.54233,3848.819,39.34134
366,0.10173916102524647,-17.23144386926484,28.54794749263527,-0.016935263868174125,0.008198505144759685,0.028160885704905304,22.9515602512815,4.782051633412884,11.613703276905056,6.4691424483181965,6.944632858470586,0.0061962866153759556,0.3219114982630536,1.3331026960273666,2.0233147949843735,6.449230547097625,640.4377013339326,1357.5838073514844,-146.72338100608744,1616.1435413823838,-149.86325298960386,2586.522819191565,-151.6335075441916,0.11635964214569276,9.432884120998043,10.615464581253251,0.027655699187012068,0.016470013900410266,0.04126085112809754,15.136469145614855,14.594668778414814,13.195181565746818,11.926721157936973,11.491459506616467,0.02046813445699949,0.8395703932915773,2.6652774609378986,5.822244097208883,11.901628248092681,224.47162738463683,211.44679931315633,84.81885926286668,253.82885283831772,79.90445226202674,269.3074783583514,77.04522735202714,0.014984,-43.83324,-13.40853,-0.1204697,-0.07770131,0.0007651492,-34.33782,-60.38925,-42.25279,-53.96471,0.0,0.0,0.0,-15.82078,-171.514,-154.723,121.6333,236.3598,-201.0,852.3836,-201.0,1617.53,-201.0,1.781871,19.05023,60.00993,0.1159464,0.06399366,2.569934,62.27872,47.71081,73.35638,55.64328,56.82056,0.9961656,6.0206,18.74385,201.0,59.82178,1400.265,4258.777,27.7221,2693.928,20.56299,3864.423,15.59684
367,0.07971013313469127,-16.963105446741743,28.354610683926758,-0.0026904896650074912,0.006410604512097144,0.016473573943690045,24.472714596351963,8.45109668801691,8.831819540690162,4.055425108058499,9.378032661689414,0.007928570039788627,0.3987534497855989,2.242299710805533,1.7838449234991647,9.929733313880302,551.3256617101871,1363.8982735010202,-128.97110238784953,1522.397710757707,-134.2850398909662,2497.5090415999707,-137.1924224125065,0.08347109969431363,7.830055793825814,9.2692576324707,0.025388161965433732,0.015639763845496646,0.02393539904777769,14.191600781257387,10.719409559670236,12.23698729348299,10.985141794645429,12.451962835085691,0.019836009512985777,0.8541077261362183,3.2574381985837793,4.361121974890369,14.211807466879142,167.24276939673348,191.4347975046705,92.63272508757039,205.93396736469512,85.8780168633336,221.61693249103874,82.03682046833653,0.0158601,-45.58838,-19.84259,-0.1224993,-0.07108814,0.0007512705,-31.08689,-38.83345,-37.42637,-55.40057,0.0,0.0,0.0,-4.721813,-50.45272,-50.45272,157.9348,124.3288,-201.0,686.8995,-201.0,1686.549,-201.0,1.786847,21.35872,60.43997,0.1046228,0.05570731,1.293962,60.22381,47.68552,67.86472,46.20015,61.37815,0.5192648,6.0206,16.07767,108.9271,57.58933,1473.47,4402.686,20.18509,2608.424,36.45551,4029.018,47.52461
368,0.1644935643774039,-13.660352149311855,23.18690526900267,0.011581901814648698,0.002013058074231449,0.038032411494585736,25.00849319897105,1.064367840990922,14.681098162691818,-2.801487361935584,13.536729902109156,0.0104107843172376,0.4726413068969709,3.3507037144928398,2.5031174131794165,10.068310331789682,559.0488987302243,1388.65810300612,-108.53309277840901,1519.4333390190247,-114.20642686688507,2442.757030703471,-116.28592832848729,0.16743521753474258,7.8275400630974135,8.739125811685001,0.029860493375768283,0.01835596964937065,0.05669054410759673,13.82984581062196,12.091049041910285,14.374610897871937,14.26505824019192,14.66033909292839,0.027902987174073357,0.8769141073288088,4.0284546010323865,5.663397552087375,11.95818415690283,177.43427331560656,214.7664919990457,96.23926972269807,204.53131730564834,90.28641420239798,214.80155109530233,87.99138020114545,0.0156189,-44.02342,-19.66973,-0.1074297,-0.06944993,0.0007907398,-29.17044,-45.60646,-39.68648,-75.84779,0.0,0.0,0.0,-10.69297,-20.60035,-201.0,134.9198,118.6111,-201.0,855.7029,-201.0,1717.001,-201.0,1.97157,25.56892,59.22634,0.1217551,0.06040955,2.113355,54.54892,47.75911,77.97312,43.32266,62.20858,1.0,6.0206,26.76094,100.7342,58.02191,1393.631,4607.314,35.14025,2841.083,26.98287,3927.313,29.02153
369,0.15546417666372084,-16.311335048280753,26.71662075144575,0.005795205182387109,-0.0008006918279657208,0.04436239991883459,23.145804284998885,7.418578661676048,10.576797912478721,-7.305332736907117,15.425421702385181,0.009789412001653952,0.36850058982286504,4.571703318180028,2.748551548024978,11.50330859326459,682.6117077098202,1368.0744699887605,-117.25643402751233,1678.2098638600974,-123.75070005428691,2655.770576103976,-126.32590478252651,0.17047508368718237,9.235071222450213,11.02283771354333,0.036024049956459935,0.019877235363572304,0.10133552165879453,14.94525836741297,13.95417526286943,14.884303786174225,18.649488953488305,17.727080874843846,0.03671816347068767,0.8013163468697782,5.630056919982236,6.436453683114127,14.656151190338528,173.33074374121043,212.27772617022268,92.7329225453367,222.13352831955712,85.31970794026024,252.6675486141416,82.41264562348188,0.0150352,-50.60239,-19.43662,-0.1201425,-0.07267117,0.0007227313,-31.88812,-51.80624,-51.76286,-79.80653,0.0,0.0,0.0,-9.874847,-176.7894,-156.3256,119.1776,481.8938,-201.0,799.1033,-201.0,1552.035,-201.0,2.180833,20.91136,63.50987,0.1379665,0.05764056,3.468865,58.42207,55.66986,70.76734,46.74696,55.4347,1.0,6.0206,20.23561,179.197,63.15822,1448.571,4035.011,27.38137,2749.462,15.77825,3987.734,7.888342
370,0.16771541661731845,-14.613333808624787,24.222318223377286,-0.0011941492307559062,0.00035602110256365265,0.041588374147457016,24.15216555341908,5.8420830846600325,14.335761425741602,0.14496082913484157,9.859155153837241,0.010041172945521542,0.492482607039473,2.066069180085898,2.8571280746962935,9.718210096115671,551.4394312921004,1332.098155337631,-117.2279046379491,1523.7634920557423,-123.07699282150946,2523.0035567352406,-125.53857536072805,0.1706266302056228,8.066408059568932,9.507316437411168,0.02480129563086893,0.01800975106053216,0.06006391176769326,13.73098630944334,11.503366692636423,14.843623789769824,12.599947663004857,11.630027572902524,0.02561180619989034,0.9318299336465844,2.7646987666213105,4.917944007605773,12.172247185866022,165.3633663847143,186.9168350509858,94.4119522242105,200.49077751283014,87.86157211470373,191.3035708027852,85.01307438569606,0.01526691,-45.4416,-23.1413,-0.1136109,-0.08207364,0.0008251287,-28.6921,-41.05407,-38.40981,-67.0768,0.0,0.0,0.0,-10.68404,-66.71578,-43.27914,140.3575,51.58801,-201.0,812.4802,-201.0,1726.456,-201.0,1.853817,22.69122,60.6036,0.111698,0.06206993,2.43581,57.21781,52.11728,81.23174,46.94608,61.62257,1.0,6.0206,17.24086,195.9096,53.59854,1405.741,4732.502,28.71976,2530.699,29.26877,3993.219,42.00086
371,0.0715279128152825,-17.79850821142313,29.26435863966451,-0.012158193496752935,0.007903901522687067,0.024392164033436095,20.009044098364335,12.33433502860463,7.898147205520758,1.8214575272352251,3.058196330992869,0.002919336564239046,0.14667951682606692,0.6497299088262753,0.5560384282236834,4.938745447575864,633.9351083521668,1424.253683552386,-173.4111590115406,1612.701432447614,-175.31716327775862,2566.65846769062,-177.16259228655184,0.10061993430663457,6.882491054854599,8.337991434226845,0.023488214450929638,0.015256867287572877,0.05034267353374578,11.371766245444933,8.677562666334643,9.69855981404928,8.438114594448605,7.723836996324679,0.015944181437755157,0.5872013310463655,1.9084700733529125,2.3051982566722566,12.536283711175006,177.36802269227266,192.72834924332372,65.809418000836,222.80744351391374,61.210892242781966,249.34277394250654,56.74918944200947,0.001033966,-47.54465,-17.75544,-0.1296809,-0.07367521,0.0,-31.51999,-37.88573,-40.50213,-54.45769,0.0,0.0,0.0,-5.31785,-95.92734,-74.94478,0.0,0.0,-201.0,0.0,-201.0,0.0,-201.0,1.565261,20.92266,62.36972,0.1278444,0.07636364,2.349583,63.9995,52.28847,56.10291,40.58486,62.21064,1.0,6.0206,26.09252,111.4346,58.08373,1390.36,3990.235,17.09442,2643.479,9.146161,3901.372,39.27908
372,0.12162382319871305,-17.696704184519184,28.776682119164583,-0.002611426586378776,0.0034211336430124677,0.034911187877609606,20.060784414695444,6.142228580835455,8.86262748800166,-4.555696050124638,8.773262473111174,0.007797694789349119,0.2772021138689318,2.0254861063588137,1.5856443752975702,5.895497781970945,663.0628954678787,1384.9831617095215,-151.20756235893873,1662.3821363131258,-154.68757692657204,2632.0550254353743,-156.0743533581898,0.1752302968453378,7.382934822153785,9.191924235269983,0.03401395930870827,0.017574720710791625,0.06238793854672127,10.943049571858564,12.611643692298992,10.866524791143801,15.288425542140407,15.31488504448038,0.032803323899911634,0.7523566186509832,3.966492709705259,5.342277883502614,11.271137325039394,170.25982452693373,186.29691650673257,83.372335749065,211.05209513148284,77.33533294611092,238.41352033818154,74.98707303681414,0.01527366,-44.38675,-13.14312,-0.1181249,-0.06902117,0.0007432308,-24.25313,-62.48768,-38.2415,-85.74314,0.0,0.0,0.0,-11.24104,-51.92236,-15.91508,180.9579,619.6304,-201.0,914.9439,-201.0,1602.19,-201.0,1.977173,16.95151,59.13326,0.131431,0.05051586,1.973679,55.62372,51.14287,68.41724,37.79427,56.09602,1.0,6.0206,18.33662,102.6304,56.86664,1446.855,4143.208,38.44673,2588.717,32.80312,3634.497,25.30403
373,0.0956968822657096,-17.163898671546953,28.324980806695287,-0.011204466208686991,0.0040031405461063855,0.030596665237601878,25.353254929891776,7.905843816262142,11.406127060133208,1.2541001952836393,6.364590185535063,0.005825222341312683,0.4141103674374027,0.8340804808348385,1.024098349496841,10.30630775043651,584.8732329931462,1355.4693727808124,-133.4224726717708,1546.2825157542748,-138.68362657987646,2522.017454912687,-141.70487623335356,0.09125270295905513,9.051183344819806,10.403984018648883,0.023708371527702065,0.019052941536033215,0.0405714529751941,16.120739181095935,11.245044109648802,13.473195233516021,12.51098063410205,9.032363730570848,0.01762252571696351,0.9165090818047679,1.6954853781948298,3.0780237775323176,15.077216393491497,194.1561118144832,211.6343675576024,89.84154222366678,239.54066780656865,82.84318409346925,255.39700680080549,78.71811029659287,0.01551371,-45.48033,-25.68233,-0.1159027,-0.08379195,0.000877753,-32.7247,-47.93616,-37.99134,-72.13577,0.0,0.0,0.0,-14.87245,-176.7968,-156.0425,156.8041,117.3745,-201.0,832.3214,-201.0,1604.536,-201.0,2.428145,22.95735,59.50563,0.1065548,0.06170331,1.964815,62.31472,46.91662,76.72347,45.49941,62.18185,0.5931734,6.0206,16.79146,131.141,57.72494,1430.749,5063.082,26.1487,2576.71,22.37031,3923.667,40.34517
374,0.15222494778351636,-16.012736959288805,26.731858623390465,-0.0028884221545748914,0.0019476455230394258,0.04586749740414887,23.94951266547728,3.3524722310032664,10.295847501048131,0.24069650975125306,9.203244693067616,0.005602346675103977,0.2838184140265615,2.405039247467751,0.809451901995796,6.343114521195422,635.3644686574813,1389.0635555406268,-141.25310919669514,1619.4663579264977,-144.97218523961794,2591.620766282484,-146.63633469906276,0.17209375235848412,7.792654486426358,9.600574352619693,0.0333546516435335,0.01887736946411806,0.07858398106130535,13.086682594711112,12.473062104016487,13.765512795115551,12.901266068782965,14.09470000021343,0.022078881685184296,0.769668672943158,4.038862718711551,3.926494079143303,10.622496892887607,176.79121888488478,189.45275860231402,88.15099060210933,217.0455811528932,82.64654290712744,231.12886910415887,80.09886873068936,0.01635096,-48.34916,-17.94105,-0.1209882,-0.06735045,0.0006293932,-34.41947,-49.44407,-37.01228,-68.35221,0.0,0.0,0.0,-19.49377,-181.0934,-155.0421,132.2095,418.6681,-201.0,827.9294,-201.0,1724.47,-201.0,2.479624,18.71515,64.27402,0.1530787,0.05602055,2.251616,60.30562,56.30511,71.47018,51.68995,60.56384,1.0,6.0206,18.35887,182.9979,58.56463,1666.258,4454.327,27.95503,2728.465,22.62304,4489.409,19.80997
375,0.05998624666918952,-18.4341278356431,29.736547467059754,-0.014173468450375738,0.0099561112045222,0.01975967998063093,19.326042971855216,8.679417522268361,8.477770714147661,3.196639985391156,3.709124954669157,0.0037915437831568945,0.1623037821417092,0.8079953418044108,0.7062954801723185,3.469228116575146,640.6160308797243,1382.60578437656,-172.43003962227485,1629.5066191774424,-174.59677766973275,2590.5929526562422,-175.2762711612715,0.08517274672680213,7.529257217458668,9.245083140700904,0.025567469432516202,0.013472636181326297,0.06312510152773684,10.466651815859963,8.947642375651126,10.672951940961443,8.458699636419041,9.208006198550708,0.0182126822000129,0.5794732280488918,2.240844300965376,3.464530100714511,9.203239289902744,189.29487578152563,190.91829006228667,67.74017874197817,230.48972532159257,62.546468746122436,260.32565895421885,60.879650187734086,0.01607596,-47.70744,-20.38279,-0.1226622,-0.06242188,0.0008198272,-27.12424,-39.09932,-36.91966,-51.47147,0.0,0.0,0.0,-4.127865,-182.2545,-161.0855,149.8759,557.3997,-201.0,773.041,-201.0,1675.917,-201.0,1.151771,19.22978,61.56855,0.1157396,0.0513068,3.424496,58.79334,48.12497,66.92902,39.04538,62.21156,0.7804962,6.0206,24.9716,110.7686,57.48657,1312.362,3949.136,30.74936,2587.109,11.70234,3809.342,9.923956
376,0.13548783464023165,-16.430602514697085,27.30330224338707,-0.0002750549630660737,0.001947015736445931,0.034401934692167964,23.74309867116124,9.40616598672172,4.632443954820643,2.905992735270174,10.206152788448414,0.00707239822267925,0.27140924409664996,2.823200440570355,2.887983109766713,8.744768375181346,651.8588822826277,1416.9081912612367,-140.82726321017938,1644.2367162285748,-144.93055212177995,2604.8841134684008,-147.77671094348906,0.15724768443947518,8.273639966307403,10.31248380279874,0.02874488781783276,0.01722650928983687,0.05406893873538289,13.083227253793597,10.733790945236551,15.846204527689157,10.48758908677646,15.456963620651214,0.031099720882071503,0.7273101590670225,4.621306039155991,6.646394432860986,14.131706482359139,172.41359967415568,208.7713828872617,87.60273527260703,213.91026255393078,81.4786871144902,248.28688374462251,77.22674133470004,0.01525436,-45.6337,-29.58304,-0.1175533,-0.07022216,0.0008476992,-32.58983,-40.10615,-53.93196,-60.55072,0.0,0.0,0.0,-13.15962,-90.3004,-69.1783,151.5447,187.2286,-201.0,713.2527,-201.0,1534.712,-201.0,1.516269,28.19877,60.45149,0.1114681,0.05913536,3.206136,59.34767,50.27356,65.22531,45.98729,62.20361,1.0,6.0206,26.49225,98.45463,61.9124,1422.14,4491.208,28.48345,2587.243,24.26339,3739.216,21.81085
377,0.05913347002010421,-17.395155246119984,28.729465004389485,-0.008642870850158605,0.006396217972804657,0.01150573296004081,21.82166634318744,10.801090956494905,9.05687897285108,2.1977306040370865,8.721802483133544,0.008109604682960667,0.22705112014118123,2.4429333421249675,1.563176844678439,7.347409780792195,669.3627390209926,1401.7114530103609,-148.08052729914007,1659.5652475603883,-151.2905428713426,2643.7433869646406,-153.33419443526884,0.060361623243731725,7.898740147486191,9.554153978042548,0.02377660402494795,0.015562642714221106,0.027124097957366037,13.446454670537983,11.00626357981028,12.00063162753595,10.410553577119257,14.217828262553427,0.04088531494102003,0.6369982371540283,4.2581783316808055,4.322686801594007,12.873267633741646,171.3326449149374,202.4322183590703,82.20598643105363,211.09733690883672,77.11693464974043,247.57516933970854,73.89082375814087,0.01488107,-46.37724,-28.36879,-0.1209023,-0.05617478,0.0006803809,-35.52638,-46.12409,-47.65037,-58.88635,0.0,0.0,0.0,-10.98443,-107.2778,-73.53509,156.7276,160.1144,-201.0,909.3691,-201.0,1587.756,-201.0,2.242277,28.12881,59.52008,0.1089988,0.05913224,2.353921,55.66951,56.14873,66.97394,40.97712,62.21025,1.0,6.0206,25.87331,105.8276,62.93401,1441.745,4492.438,23.02159,2643.263,36.58427,3670.546,41.22194
378,0.07928680481884803,-15.245505842916618,26.46598543965407,-0.0012392173746232143,0.005098305374794012,0.017582600988601857,21.82088324601989,4.715506312159576,6.01207222052029,2.325523594765268,7.954224006183442,0.0077588842226127335,0.26723401812365977,1.976225360995855,1.3357559690392238,5.9943675669241605,605.4698787724723,1363.3401395751746,-152.61325294818116,1593.9126068269782,-155.73909679280501,2547.461071166839,-157.64719025538682,0.08752156655633761,8.081038621601438,9.437218360895082,0.02597751085764277,0.014965288853100795,0.03258915822862438,13.277297897478375,12.70584054667847,11.70369794603763,10.315917858453554,14.07844358005316,0.038623490460182784,0.726702462061199,3.946166762849353,4.6523355207796016,11.433788594443978,151.08025627906946,205.85410180846375,81.77151579713977,198.8398758377126,76.36714775208196,232.08930553177046,73.08348196080328,0.01530693,-44.34978,-18.50975,-0.1152748,-0.06591006,0.0007610426,-33.54466,-45.23284,-43.80219,-54.28633,0.0,0.0,0.0,-12.69453,-94.01674,-52.32924,120.5575,209.4169,-201.0,674.8129,-201.0,1574.744,-201.0,1.573348,22.64111,59.56928,0.1229037,0.0685269,2.050749,57.27134,50.84659,69.91463,49.14617,62.15191,1.0,6.0206,19.17256,125.6329,56.52722,1412.239,4509.216,35.6891,2719.511,43.81557,3973.76,13.30189
379,0.15129862075707667,-16.778901783136455,26.777500330098192,-0.00910117134478277,0.0008799007998035494,0.05176658367812413,24.684959754167195,8.156492999230682,15.506717837267413,0.2099062143986265,7.01285607418054,0.007010778451619256,0.38949782385890647,1.2760358133336536,1.9955473835770288,8.304642928494031,572.5805244969457,1358.9356813151273,-137.0336249938775,1558.0033658442132,-141.53543666023114,2518.209728700044,-143.44086602490069,0.1576816958595513,8.393684117728146,10.219224552320124,0.025253439304334678,0.016797670434801855,0.07817763874553027,14.286783480247315,10.697571416501782,14.992378978419223,11.773014947779327,10.343665353155098,0.020040702360621093,0.8946441530084102,2.2834246530257714,4.099053921430672,12.644934907562568,187.87730180941273,210.60250223903378,89.04130541211197,230.68820404853926,82.76181669360906,243.74885685709387,80.01639334646912,0.0152092,-47.05217,-21.83524,-0.1185544,-0.07943361,0.0008159287,-33.2898,-35.88108,-40.01127,-63.70193,0.0,0.0,0.0,-22.08221,-181.3249,-150.3842,139.1139,182.9545,-201.0,800.6932,-201.0,1555.857,-201.0,2.632307,21.25938,61.72849,0.1087122,0.05050212,2.582595,62.39024,48.96577,76.77483,43.84352,62.21109,0.513357,6.0206,26.76751,201.0,54.54283,1392.283,4591.042,23.84062,2583.288,25.73724,4019.258,33.8698
380,0.21348699763607787,-14.672021038751373,25.341655475704243,-0.004202401953834448,0.002782170942981942,0.05833628394017356,21.41338912931371,6.821834541603333,9.014128021774388,1.950182556822013,9.62057085698154,0.007924440529723837,0.4106165136372278,2.142898787933353,1.6369496825012626,7.494183197007459,587.1550893543646,1369.7162894965334,-127.14582021962701,1560.659303072274,-131.4067505197497,2555.9483967863193,-133.47448485228162,0.2519933372039673,8.536721757092513,10.400836613962781,0.028507198244393853,0.018496031225606873,0.09504606188516235,14.395349901648096,12.44272087711363,15.133309145784887,12.971793353687724,12.70677570863289,0.0226490027415836,0.8975881817583329,3.1924714135306096,4.248200310986433,11.071287552302673,183.06314988924888,204.34206457890735,93.35873042938393,222.44014819704333,88.05607668159006,220.54104107391098,85.30210124174006,0.01495328,-47.28175,-21.41573,-0.1274453,-0.08328129,0.0007198987,-40.03872,-40.66457,-47.83024,-83.16845,0.0,0.0,0.0,-10.5207,-172.4082,-164.3101,91.1293,16.93423,-201.0,879.592,-201.0,1635.685,-201.0,2.390278,26.79144,61.45521,0.1216945,0.05674334,5.27782,62.42403,57.65963,84.06789,44.03412,60.97144,0.7842903,6.0206,16.96987,182.6912,56.82814,1403.01,4333.139,26.87188,2631.921,21.95091,3859.945,39.74732
381,0.05326456017076126,-16.736982886161876,27.853659989125315,-0.007581452549215889,0.010630901795888676,0.010756511030738864,20.475371300398926,11.299982988117684,8.199170338381728,5.308742795258206,5.1422415533766666,0.004897317354759672,0.2894771603663656,1.0816923968593333,1.0976853268512576,6.93386418841091,579.1818302017921,1400.6188892668283,-154.3683899435309,1538.6899919466784,-158.34436962747597,2476.6298807241747,-160.30054757826284,0.05660518497234457,6.9609208143848464,8.092472879626913,0.02082098099686421,0.0150254259183168,0.014799164297613167,12.727916417815079,8.804297541288543,10.69611427401112,9.215714866246998,9.271414473894037,0.01644407274378337,0.8129486544903003,2.1271112096740175,3.1784983449848063,12.879321169286383,175.46739262768475,191.4712366589483,81.09965546616567,213.92951253197438,74.13719433826635,237.3879534811316,70.67737376180844,0.01537431,-43.18687,-23.41021,-0.09251687,-0.06825349,0.0005999153,-26.83371,-39.47928,-42.8327,-49.9342,0.0,0.0,0.0,-3.692694,-16.10151,-16.48043,166.7095,531.4429,-201.0,849.8415,-201.0,1714.643,-201.0,0.6494796,20.21857,57.7891,0.08162748,0.06374867,0.4421055,58.83657,47.20508,70.90511,44.7419,60.58931,1.0,6.0206,16.24345,109.6198,55.32069,1346.574,4134.472,18.49907,2571.081,17.34889,3742.803,16.3422
382,0.08030026953051689,-17.90450229445336,29.508388255788173,-0.01067053396424804,0.00972657449068299,0.02036307161378691,21.935371897965968,8.685860596932,10.393871923112602,2.725117541519896,5.4983170433389565,0.005392777928998242,0.26104042716080683,1.1934422896409094,0.6583629389100146,6.188730405787831,611.2954925070089,1387.8969197798465,-155.08790776983398,1581.4794698423489,-158.14150412396216,2547.25705213782,-160.18471302447907,0.10324925528869781,7.4279037393046705,8.538995176523564,0.023891991875296566,0.016236745840077456,0.042256632129334434,13.448024652798727,9.647478718696801,11.842456870069688,10.961797819890872,10.140949746105345,0.020850593851270104,0.7649379989362576,2.4875834329386044,2.7969374473804733,11.84461639032371,202.1097470017326,200.53839776226158,81.24514970828027,244.18965116551706,75.82290536410024,255.04044932949876,72.09953087099889,0.001033966,-45.53174,-14.80406,-0.1116651,-0.07371514,0.0,-33.91292,-38.30259,-37.74008,-60.91718,0.0,0.0,0.0,-3.785156,-99.02784,-89.55177,0.0,0.0,-201.0,0.0,-201.0,0.0,-201.0,0.7695327,17.58615,60.61721,0.112,0.07636364,5.043609,62.56752,50.50174,73.66388,43.51593,62.21104,1.0,6.0206,26.75197,80.51443,58.06276,1309.006,3796.552,28.66893,2578.171,12.96928,3676.751,17.27792
383,0.08122763276284457,-18.392520003964716,28.863602731272696,-0.016594088902830005,0.006657508927857996,0.021495211618982366,22.161706109502497,10.971177651230333,13.39255507840821,5.901162060394769,7.3659303961112,0.007000512318048399,0.3201294303627774,1.612201904743094,1.9004270111476713,9.638328890414783,612.6964739653484,1378.007226283435,-138.25085836600357,1608.1423479197408,-142.68119519603135,2575.069670365068,-144.67045946625936,0.07701197930272945,8.283888967891727,9.55128586284229,0.023223166936805144,0.014394238547375253,0.03826009833843278,14.099707168046075,10.21143644488774,12.690192853170913,9.73113783602617,10.76136637063596,0.02207628787512028,0.7638444226530657,2.557155757596039,3.877135091264634,14.484953056496494,201.89748074231883,215.16849494504385,87.33053543734576,238.05661545914674,81.10336464514795,256.7544769230328,78.28578882988931,0.0151168,-46.01518,-23.21192,-0.124021,-0.07186135,0.0006424909,-34.13191,-34.78741,-31.74899,-66.97275,0.0,0.0,0.0,-4.690856,-19.72383,-33.52221,163.6287,63.1684,-201.0,774.5801,-201.0,1744.597,-201.0,1.262615,23.33838,60.23517,0.09845828,0.06281462,2.33506,57.1739,48.75315,68.05842,43.84658,61.92023,1.0,6.0206,16.00819,110.8854,61.00181,1517.861,5202.366,30.33645,2678.129,35.69937,3969.871,33.91923
384,0.09621324922181954,-16.044050091364362,26.81152645776521,-0.001152780981211767,0.0063735445737587324,0.02103095005061414,21.20988505765642,6.748017973328074,8.916551706234056,1.4537632117816128,6.456577522237784,0.005139561609460624,0.2591057293086252,1.4896132711431345,1.0394794087108103,5.875091554493925,585.3407780054127,1388.0598418098716,-150.37094385917817,1571.9769808480642,-153.3642607495143,2511.4112286895793,-154.88018657540223,0.13221497809939003,7.314078210829794,8.872770485015264,0.026101153707346336,0.015328368677167147,0.04105689444901026,13.132546195828771,11.48457512537926,12.833542974585452,9.896567768829376,11.162085312976938,0.018056215511727224,0.7101267938168062,2.8452985343808797,3.4303834776864597,10.980754935766175,164.1289894188241,181.7642074218127,85.07762103389868,207.67073881559276,80.08559774925884,229.3952223330687,77.42098933574322,0.006557135,-44.78852,-18.17974,-0.1187274,-0.07631557,0.000696369,-26.41087,-52.99327,-40.41079,-62.81413,0.0,0.0,0.0,-7.941858,-21.29252,-16.05462,0.0,0.0,-201.0,0.0,-201.0,0.0,-201.0,1.072887,20.05989,59.60978,0.1055898,0.05494885,2.297367,60.35757,48.71359,71.33234,42.54461,58.80775,0.8568037,6.0206,16.58959,101.9641,60.07373,1316.928,3369.167,30.40934,2619.84,25.32319,3947.488,22.55739
385,0.03670952019492632,-16.948079247755082,28.477593569931543,-0.009108218762804326,0.014161264178576945,0.007834480014689423,18.01276755352773,9.91251460282026,7.222978383711426,4.056260747764136,1.7376461326245103,0.0013844146767816826,0.07493198909589628,0.4157480280997949,0.3765033909776534,1.9833678528651375,633.9455478492818,1428.813002932289,-187.0914628248465,1602.1520454523409,-187.88749495796492,2536.467819716471,-188.64824159513898,0.0638041364188622,6.1421014856496665,7.384327045636214,0.022331912915499276,0.011186866615749587,0.03779064117359122,9.72216314746593,8.101196273016843,8.227683839742982,7.16237129291932,6.415648910233048,0.009464557612083584,0.40487223969374325,1.712588564078791,2.099032221301694,7.516633253342124,180.41729090434222,191.41594793402953,48.31946217601473,221.79520582854005,45.4768519986494,251.70115159891395,42.781394767369356,0.01475859,-44.32462,-8.119479,-0.1052964,-0.06752503,0.0004903832,-18.21201,-39.51648,-38.81465,-43.13355,0.0,0.0,0.0,-2.677567,-14.8966,-13.88855,169.1516,526.524,-201.0,899.8682,-201.0,1780.604,-201.0,2.448037,11.46188,59.9035,0.08783532,0.05862884,3.431572,64.69979,49.21654,53.57316,41.77885,62.20876,0.4786472,6.0206,26.9774,72.44041,56.48158,1313.696,4917.707,53.06412,2626.287,30.89027,3785.162,7.092009
386,0.14647379207819322,-15.116620552362507,26.357326224385517,0.00979984100659598,-0.0006429466615376755,0.03637912944606628,24.35407027495844,5.7603345518286035,5.564767337479053,-0.5287214196816189,13.071098352321936,0.008796797368972403,0.37014135760705213,3.425740520813034,1.687938573468187,10.004651306896596,632.7448421392968,1406.3619850849677,-122.62529599799997,1615.0668573468563,-127.72039936292121,2574.7330763745886,-130.73577057782498,0.16357725459876013,8.231973629464981,9.918437066142902,0.03311323090709406,0.018647438710771833,0.05936057089573197,15.8618646468531,14.70681494406736,14.810815777445333,13.487562248944426,16.117589748928534,0.026376319674608805,0.8002283890790113,4.658634327277618,5.521895294381916,13.840241266506084,159.6153064484629,202.62945400824464,93.54250956310928,204.94070062153753,87.4545522023352,235.0777349742977,83.75216969672252,0.01521788,-45.35928,-14.93684,-0.1189185,-0.0702767,0.0007204417,-27.42999,-57.31786,-49.32051,-75.1875,0.0,0.0,0.0,-11.65847,-127.6285,-106.6299,179.5951,454.356,-201.0,675.8569,-201.0,1578.201,-201.0,2.626144,18.45971,59.2214,0.1166632,0.05328125,1.666936,63.58311,52.50418,63.39438,48.52668,62.19594,1.0,6.0206,24.31445,186.9879,63.47933,1373.714,4636.739,34.96773,2525.2,27.7595,3807.055,17.16389
387,0.05545389207075066,-18.46063367476097,29.71034404373105,-0.010244803027288413,0.009670279275966816,0.01228532411651623,21.10033076784174,9.55798456311109,9.93134848240262,4.090952112674117,4.173193006072874,0.0035640700977011015,0.18455415590858024,0.9531786915734883,1.0838316170458733,4.989223402125506,616.483129289175,1391.127546314794,-165.05461656462208,1602.5963000530962,-167.81325945659438,2566.821091740227,-169.17858711493665,0.07741942095008225,7.3928376653787975,8.596143806796174,0.023643380753756413,0.014591682353841898,0.031008971773257572,11.995713971872341,9.632535830866292,10.843368459620807,9.112315418719689,8.945021053024888,0.018380664125701836,0.615004531924073,2.24943224035848,3.534613734163051,11.164753467594798,194.75124887689904,197.3313321885092,74.11320594246246,238.36012130819674,68.39336740280876,254.84081418356092,65.50634694657066,0.01469642,-44.96399,-23.05995,-0.1181965,-0.07244348,0.0006240771,-32.93979,-36.86578,-35.73916,-49.67863,0.0,0.0,0.0,-6.041824,-180.3908,-161.1459,152.0474,311.4236,-201.0,909.9239,-201.0,1682.944,-201.0,1.040491,20.62555,60.29872,0.09532771,0.05795008,2.196546,59.57161,47.39334,68.15946,50.5704,59.06172,1.0,6.0206,18.24566,103.2741,54.27293,1277.792,3765.706,21.30959,2759.881,19.4643,4037.36,18.09322
388,0.047305607135070746,-18.535817433411836,30.206534897350554,-0.02070105712384039,0.014271061482441767,0.019001514761627685,17.91027429312673,9.932321704699671,8.81955184625665,7.6285788479404655,1.333383450043315,0.0012571485248180768,0.07459310415572962,0.21999998925220182,0.24379247191592066,1.5454034081745116,679.4486674439311,1401.5607505342189,-188.74222015923348,1659.8087398967657,-189.61252427352656,2626.9718628838195,-190.0613470810653,0.070191788346036,7.226190385612246,8.561460084586132,0.0227627797261276,0.012118202673073614,0.07378856617975184,9.877338593576722,8.509836542082331,8.896354864376079,8.12619446266538,5.307827039751906,0.008739472662611547,0.41194421865699554,1.0479233219666708,1.975012870193127,6.354083807885218,205.18745456966025,198.02276946750573,46.04030193679437,237.93595095373402,42.724838477874,259.2611085910763,41.00693066668701,0.01485894,-47.05635,-13.19691,-0.12943,-0.07379677,0.000673448,-29.1872,-37.29501,-38.69447,-48.14246,0.0,0.0,0.0,-4.721565,-89.74104,-58.08531,152.6112,468.9903,-201.0,955.4228,-201.0,1732.274,-201.0,1.846357,16.71178,61.75414,0.07012185,0.05823445,4.659989,61.3438,52.10313,64.75543,43.94919,62.19799,0.4903375,6.0206,18.72545,111.7151,64.54515,1456.007,5498.152,17.81784,2673.008,10.32255,3907.172,-0.9926775
389,0.045930182685380065,-20.939940148252916,32.34918839952841,-0.024104976111589092,0.011500963738270913,0.01808596816965598,19.01409751844727,13.72844252850879,11.07852246698081,7.001595579976218,2.412780227980905,0.0024690423085418876,0.10725622428032315,0.5758724321845082,0.4595634403946535,3.0277607719401987,674.2452962839008,1434.1385686082986,-181.38533925940473,1668.0843220290617,-182.92217816432253,2635.2080158422073,-183.69832298395113,0.06181458605198396,7.0018354052109615,8.085823077179981,0.022220591360491836,0.01260053041785183,0.06005304648259707,10.517719260432822,8.469113045349774,8.65846956208675,8.338471868331364,7.158826682619395,0.018715299199191453,0.4789929491691061,1.873265934598415,3.5196512454147,9.278065590160306,210.76900197379265,207.75112138253706,55.541826689804225,237.91282585285262,51.082637772401576,266.48448812270397,48.837781015576795,0.001481427,-52.17636,-24.81486,-0.1162625,-0.07745222,3.046756e-05,-31.60697,-33.50161,-33.78314,-43.48666,0.0,0.0,0.0,-12.94227,-117.4287,-93.4533,0.0,0.0,-201.0,0.0,-201.0,0.0,-201.0,1.626258,23.56506,67.04551,0.09112249,0.07198904,2.601324,60.56796,56.0043,63.40154,47.29271,62.20738,1.0,6.0206,24.91649,201.0,59.62817,1421.64,4753.155,30.66173,2660.732,10.88063,4170.576,3.308887
390,0.06704621053025389,-18.15683647408235,30.360597783829807,-0.014392034730330754,0.01127279465832175,0.01686910134113909,23.110933021231336,10.78753114902396,7.386489944199622,7.378338876562002,5.107329133960428,0.004814940277098053,0.23205774848932567,1.1365180886797837,0.9766635085779598,6.643960530753768,598.2083359530268,1410.721735177513,-157.32731502628894,1562.7356558605845,-160.35282830042271,2502.0670936071715,-162.47178662402249,0.08167926429266467,7.389477685428043,8.53010545362944,0.021190734799354547,0.013646980888544784,0.03418430081485604,12.805361201795348,9.100070052639365,11.392209005230141,10.465131799704686,9.474416137442825,0.018259191550030408,0.6804221584026554,2.3076184434393134,3.137424974714095,12.83662385578538,192.57090571922512,195.8903895506931,78.28234969086084,234.07846178926275,72.88750480891144,285.1152885147679,69.03397017846854,0.01500721,-47.03638,-16.78231,-0.1193132,-0.06894967,0.0006713038,-23.24025,-35.63361,-40.86839,-49.32484,0.0,0.0,0.0,-4.462999,-188.0636,-159.8606,164.4914,421.5868,-201.0,793.2951,-201.0,1593.513,-201.0,1.639604,18.30411,63.4402,0.08916546,0.06637523,2.500933,60.39157,52.18796,66.41232,52.55524,62.21131,1.0,6.0206,25.70376,107.2389,59.06085,1418.58,3646.016,39.31212,2635.185,15.4011,3778.462,14.80031
391,0.07983682294565778,-19.08606127569789,30.107329576003085,-0.008121237916864065,0.0097010510441189,0.02005661278932127,20.13220354378322,11.122491593701154,9.300089243858414,3.4158633386996176,6.785657705566585,0.0040443755122044275,0.1353957887051254,2.097471130360306,1.956955255946983,4.900913789766571,656.1581711978822,1408.2439176954188,-162.93221733045056,1653.1654567615267,-165.67584563376104,2615.7553873667184,-166.86378757457518,0.1186630521498533,7.846404604578835,9.099727216876357,0.031334355016392326,0.012968723028349715,0.04809260151522937,10.759710598199291,11.35328075152057,10.781879625390314,9.572149221383222,13.847260762021406,0.02751238246458548,0.49868517312016897,4.488173845498097,6.310959434565309,10.93893447959179,196.1927554859984,201.54274197375972,75.68428508900745,218.04374049926668,70.06693277554731,247.1991855186531,67.64780372345065,0.01484146,-45.71823,-16.88606,-0.1255161,-0.05649093,0.0007376364,-23.80121,-38.4688,-39.9637,-56.09246,0.0,0.0,0.0,-9.33989,-179.6485,-154.1907,163.1933,432.8599,-201.0,881.6511,-201.0,1689.016,-201.0,2.00145,17.0306,61.26789,0.1086217,0.05801819,1.786482,57.80025,51.68101,54.50958,46.95354,62.21033,1.0,6.0206,26.60396,85.03415,55.65909,1452.505,3922.406,37.04142,2603.614,39.22208,3750.751,9.232265
392,0.07780059029778792,-16.514483082073802,27.55130692852305,-0.0014993244639329975,0.008178155090759635,0.01487960944759573,19.769316885017403,7.482502400420574,8.269294432445719,0.19065450550118995,6.848753231426391,0.00359774501505019,0.17727582671316555,1.8710682495925706,0.6181271683026265,4.050054013669275,634.0579349336385,1409.6996965072465,-159.8010362563055,1624.204320604119,-162.12569066637943,2568.9985318077806,-163.2100756681228,0.12267620124051747,7.5849041613923465,9.277820544598859,0.030174951106495835,0.014502231058628847,0.04418213621899988,11.576327799126922,12.803189956221647,10.985131764236797,11.015947614607892,13.449155304800188,0.018795559167062253,0.5948223221225587,3.9124739313409918,3.5253266300031183,8.856160668043303,175.35577450248252,190.2482071471845,78.64871358425631,212.50174426920566,74.14154433531425,239.8688176364827,72.01859767288497,0.01489501,-44.37471,-25.67574,-0.1349754,-0.05794542,0.0007219883,-35.3872,-52.23204,-42.75941,-69.67509,0.0,0.0,0.0,-8.319388,-84.61269,-74.4735,139.3366,98.31895,-201.0,863.8932,-201.0,1767.335,-201.0,2.679028,26.73232,59.63454,0.107268,0.06275234,2.664323,58.17176,62.35783,64.24084,37.5726,62.12622,1.0,6.0206,16.86738,104.2686,53.77582,1386.789,3921.125,22.14736,2535.614,19.66783,3641.91,44.51048
393,0.0505466959263081,-20.23625326024157,31.07445787794833,-0.016115365674736697,0.007872276000791713,0.012781517253611572,21.014366900444994,12.157874827451943,9.277845607864982,3.687293584997208,5.122070583724917,0.004053602164107093,0.20558611269050037,1.1581742121579408,1.2349202947550004,6.649087153288038,642.9119062515875,1386.6662764589153,-157.48617285645796,1643.5154719567563,-160.85510999277653,2601.566076009652,-162.69555652527464,0.058146718185939764,7.558327383795055,8.911883750359129,0.024957374030120487,0.014264284622358505,0.04770924871526637,11.331489479875364,8.830309390818085,9.621282227379382,10.109295891039341,9.733616876841607,0.014125791850247683,0.5940430533367642,2.3918814724109025,3.361251163182431,12.999524161731465,208.3748830290486,199.49653961438216,79.53074177028799,256.9295947056609,73.26550484987621,299.9768687046981,69.82792334969247,0.0155348,-46.28758,-16.76689,-0.1235217,-0.0604157,0.0008406818,-26.73944,-37.35252,-32.36063,-47.66445,0.0,0.0,0.0,-6.029961,-172.0232,-156.8644,182.4135,379.6793,-201.0,875.0691,-201.0,1719.671,-201.0,2.733432,19.4752,60.65349,0.08947182,0.05528961,4.064861,53.51254,48.36409,53.93478,42.91489,56.24741,0.5062351,6.0206,17.49226,38.76345,56.0076,1386.75,3796.339,19.15897,2537.924,19.99416,3825.359,7.232306
395,0.06657097890615403,-15.84415456914487,26.353930114936297,-0.001532960234878241,0.0078032273226282325,0.01259436262891756,20.94875068622318,8.447083107946087,11.211157459403346,-0.5787516915258195,8.683041802454417,0.006314084157727922,0.2804058160041957,2.4281234442295476,2.036964650868725,7.139517984942577,633.8339727022194,1393.3985190369062,-147.5372260362083,1623.1544448802601,-151.06845587045453,2574.7793289051865,-152.84700954025263,0.06460575659125234,7.6753598351751835,9.250461353957908,0.024736956111186766,0.014569274740690407,0.02829758506727396,12.748202214384559,11.886779216939827,12.206965454204434,11.975636287790707,14.047848936331208,0.0311112643095662,0.7627210703177083,4.174501460041335,5.101520516624468,12.436492684452395,166.4547690674113,195.24513009097944,83.66127193518052,210.64502762078368,78.06906205244222,246.28736957943312,75.22542554567795,0.001033966,-46.03886,-17.75148,-0.1150213,-0.05457857,0.0,-32.70313,-38.63396,-37.76488,-62.73759,0.0,0.0,0.0,-6.047421,-188.8842,-160.5858,0.0,0.0,-201.0,0.0,-201.0,0.0,-201.0,1.772213,22.87203,59.97334,0.112,0.07636364,1.885925,54.11586,49.70569,68.28722,38.7454,61.96092,1.0,6.0206,16.66686,37.94413,54.77873,1342.555,4090.918,28.72242,2604.791,17.86024,3842.885,28.41807
396,0.07417070610725866,-15.20798891796685,26.03123395727566,-0.0008733865368176373,0.006359550728416631,0.015774843297890202,21.13880021434068,6.885412823733942,8.381511406406263,-0.5315218445241779,4.880937429534588,0.00414879185716981,0.25680946151065337,0.9062657318722098,0.5429558901985195,6.3083359263470795,599.2704161605803,1386.845367364805,-152.4003492833871,1563.0777868682464,-155.63354186945335,2507.51785837702,-158.0689790201584,0.0825752214254909,7.541794085655554,9.163634945855833,0.02550194774084065,0.01743691977798737,0.033700843265772676,13.276863346624973,10.88741886106349,11.32590357418578,12.125218934106043,8.795799311138301,0.013954425856233748,0.7369123673730064,1.8857923318391898,1.6875860248239567,11.836773797072304,168.87078540616238,188.51394081173586,84.24643115275488,213.8584841224901,78.66449405615741,245.5183204072261,74.34559054185891,0.01498829,-45.10872,-25.98894,-0.1117929,-0.07406577,0.0006959407,-34.70075,-41.4342,-35.95782,-56.75298,0.0,0.0,0.0,-10.77697,-71.89493,-52.69564,192.203,323.5716,-201.0,858.5999,-201.0,1578.248,-201.0,2.195453,25.85366,60.26171,0.08562446,0.05717016,3.121165,59.77355,51.84084,68.20322,41.1898,62.21164,0.2842925,6.0206,24.76849,60.9237,53.24965,1386.087,4036.441,17.94834,2442.153,11.70769,3896.504,12.3234
397,0.08046721736785227,-15.9595039472565,26.677887331423044,-0.009348212889173995,0.01081718262630106,0.020699073865420206,23.139795326380224,6.0884777348166175,10.64329625914516,4.895956776143795,5.64632800671493,0.006062509820798993,0.30339831313413074,1.1236792147556498,0.8669244825685868,7.033481483208477,622.7488938275103,1368.6389398237332,-150.5695870904787,1579.7771582593643,-154.08225324014256,2520.0166189486936,-156.11198668184187,0.08924036417570107,7.90533810287042,9.281533446232773,0.023189007484510464,0.0167658876773718,0.04301073249887749,13.559893152519662,11.103129773943632,10.988924936601407,10.217550920603177,9.702708343281488,0.01953395494972508,0.777968639941665,2.1825390066995074,3.154010294054304,12.479475863055464,212.38013991143782,213.31693850237494,82.65264244908889,264.4365440847073,76.82305186060881,282.31910017031197,73.42864666328991,0.01506466,-45.41798,-12.47265,-0.112315,-0.07554432,0.0008246997,-25.98248,-43.28516,-35.03656,-53.84442,0.0,0.0,0.0,-3.941302,-66.63148,-51.84148,154.1866,258.867,-201.0,870.9134,-201.0,1662.087,-201.0,2.016789,18.17673,60.12086,0.087161,0.05056723,2.273805,59.6908,49.18713,63.71819,45.86385,51.04763,0.5390041,6.0206,16.62084,191.0953,55.17983,1391.712,3988.287,24.94424,2532.604,23.15511,3821.918,11.37285
399,0.0558639820173861,-19.7975036088747,31.366579128564553,-0.011976636777785623,0.006589058932211659,0.013663582233678058,21.79144230359321,9.766794412383042,8.816805163828253,1.3011255717967176,9.02363922471114,0.006668974698708306,0.2468926056173611,2.588943657986701,0.8297616819479781,7.113331051821996,677.7329395192937,1401.0393122642793,-147.97567900887842,1684.9665893162742,-151.72653728974666,2678.5380731142363,-153.8948767629964,0.05967025488508467,7.956700277449703,9.421117885465694,0.0275512598817339,0.015960754101112168,0.050399704101202376,13.490651737752382,10.285000709972131,11.626552623669147,10.665181457873988,14.759930205539598,0.03490913897055036,0.7087395924081819,4.509655761956209,4.61132669954874,12.527151666347832,191.1762866134717,199.06288175419158,83.60135984673606,223.66178527244563,77.5394676419219,249.66539202090138,74.03125353319163,0.01458996,-44.96286,-16.62164,-0.1124959,-0.05959751,0.000841693,-25.71744,-39.87584,-42.01641,-59.49996,0.0,0.0,0.0,-6.521873,-170.21,-136.6362,168.7405,491.4193,-201.0,800.2493,-201.0,1556.196,-201.0,2.146802,18.09339,59.83622,0.1019724,0.05708301,4.237011,55.24715,48.67209,64.1265,42.94027,60.4697,1.0,6.0206,17.17455,38.05176,54.86161,1308.767,4597.296,24.3942,2590.313,14.51872,3805.323,24.44597
400,0.07726744036630154,-17.66218124835944,29.14674151578247,-0.012298300657266377,0.009468128553106058,0.02449729868198706,22.380874641341155,10.225682796449833,9.617272908889861,4.218746331217067,3.400666575384879,0.003214058613912071,0.17983807088947965,0.5863566692739393,0.47305212462026885,5.183756065542993,610.3212622221511,1404.6936516825742,-165.35605024304184,1579.191971446416,-167.85564556653932,2529.737190463989,-169.37058994858006,0.08902975096040767,7.461448405390184,8.570824015100687,0.022194946785521016,0.016345188429027855,0.03819144154435237,13.20707259723016,9.31308367716649,11.011595372958773,10.649350375987042,7.40382571857266,0.014694160092547115,0.6291742175214972,1.546585692353602,2.1060648512680014,11.443586405382895,194.45231941289282,201.7730140732936,73.42674097618806,230.45567018004735,68.2687916339307,264.98141278299494,65.09059656507331,0.01463534,-45.55296,-21.63152,-0.1251827,-0.07270017,0.0005316643,-28.59281,-38.67122,-37.19328,-54.04894,0.0,0.0,0.0,-4.842717,-101.2395,-77.57687,193.7043,317.2925,-201.0,847.1895,-201.0,1639.718,-201.0,0.6678148,22.69696,60.38576,0.09592278,0.05970602,2.837592,60.94536,54.45197,63.05054,48.85888,55.17664,0.8562175,6.0206,17.27229,111.4107,62.36529,1421.456,4334.596,21.83737,2655.448,9.774555,3757.341,5.841455
401,0.05635907373162453,-16.297029196554696,27.952206046566737,-0.003580703165457376,0.00928357337638602,0.010352711291739739,21.085106358818532,7.066658075895635,8.109281905526284,0.703728843075941,8.183512873264167,0.006079248600885234,0.21447843200708788,2.222139112322829,1.8525186112690208,6.347616816014197,622.0619052848532,1381.4702108191736,-152.1195770115651,1603.302816488399,-155.17177957916496,2585.603208331995,-157.3286556450403,0.05626465915301024,7.33021463248123,8.566224305266958,0.025543321914588676,0.0128418684138036,0.017894475125175818,12.753593536964548,11.651974024246897,10.883491863964942,10.367930341912642,14.248804360269787,0.029121170390266807,0.6256765117911387,4.1575526228801145,4.8503594674639565,11.816708988223446,168.31688040377688,189.14026156768304,82.33462509692437,201.37194812746438,77.09337095829626,226.00095636116143,73.42587580754139,0.01460355,-46.21704,-10.6442,-0.1126295,-0.0557858,0.0002892183,-26.21438,-51.29483,-39.25851,-68.99638,0.0,0.0,0.0,-8.819889,-58.88623,-43.40403,176.9287,505.0899,-201.0,818.0601,-201.0,1709.405,-201.0,0.6134107,15.42751,60.98422,0.1096489,0.05497983,0.8070903,55.31204,52.10236,68.07621,39.73632,56.67338,1.0,6.0206,18.96015,108.6155,58.90878,1388.587,3932.415,32.80806,2549.351,18.05787,3636.981,22.21509
402,0.07002843613553823,-16.4946756605717,29.10839913779434,-0.008057509575592309,0.008045156952290106,0.01966324707603119,23.807958717844972,5.094103587539748,10.344882040444734,-3.249252655118101,7.866023590978074,0.00639133579367387,0.23352620978904184,2.162075958409606,0.9537576303348327,6.295167271307341,656.1048885205923,1409.9783655209587,-153.99962305615935,1620.7173001946726,-156.88395037623204,2613.8806595321576,-159.3405092407185,0.07757985612183584,8.138806290546231,9.906397956217157,0.0263328506047389,0.015768439535725813,0.0668588901414263,13.33299236827911,11.083585767385307,11.674437691914406,11.966368417778089,13.867296410890285,0.032775325309209256,0.6840365727517647,4.095524180567815,3.3683701325157704,12.031350842168221,177.37423961268004,206.6288152494038,79.78106723980395,216.39725911508123,74.73562281165788,254.33157862000397,70.52842275730227,0.01527081,-46.76625,-20.46704,-0.1260964,-0.06857244,0.0007259964,-26.64018,-56.13034,-41.31719,-71.85313,0.0,0.0,0.0,-5.852652,-100.8479,-64.55679,146.296,362.5497,-201.0,898.5098,-201.0,1537.435,-201.0,1.756516,21.54619,61.23334,0.1144137,0.0534226,4.067351,60.72426,43.9799,70.08694,38.18864,59.9896,1.0,6.0206,17.55088,175.0797,60.94367,1413.514,3935.115,26.04128,2734.688,18.94512,4011.575,22.06682
403,0.2072017835330751,-15.286588471900236,25.210979438016015,0.00526858477225376,0.0015909953956229927,0.04835257967907061,22.544588932046008,5.447930611066776,10.203774992836413,0.8075722353584947,13.70919336851139,0.0059935545884028385,0.29309390625262094,4.064400213813158,1.2066334652209167,7.166451620130278,649.6313343948601,1414.214399210233,-121.710828646294,1637.4204934070137,-126.26263912247397,2574.2610262907638,-127.71552553445679,0.2375607655695093,7.456282500748146,9.070584952492492,0.0341019890522805,0.019217300124835666,0.0800784762311016,11.626423749301933,13.480822590724422,13.932663477675494,16.0524620870925,16.593914270763054,0.018343619396419108,0.6298190582575947,5.1325829613862854,7.228083093792101,10.466289835201309,181.8949528689319,205.31613534066815,93.98654199732051,212.38250353338495,88.45817353844647,226.5113887268346,86.62991647052806,0.01478446,-44.95369,-19.17658,-0.1150353,-0.06771175,0.0002526332,-34.84729,-48.0957,-44.33618,-67.88336,0.0,0.0,0.0,-8.324684,-178.1054,-152.8156,137.9835,595.7042,-201.0,892.8587,-201.0,1721.344,-201.0,1.741758,22.03583,60.9002,0.1257289,0.06263275,3.265274,58.4201,55.40428,63.56481,52.02153,62.20877,0.883185,6.0206,22.20473,90.68237,54.27062,1377.915,6000.775,25.28529,2448.544,19.75544,3644.448,5.677427
404,0.06782691418553637,-17.202059379853566,28.109333062698163,-0.013608214635718537,0.009095478872390437,0.014534977898835087,20.522476396408372,9.851926435247961,11.069344095720187,2.687025988104119,4.886791361537646,0.003937260659217636,0.199583650542731,1.1620250893616613,1.055655940510084,5.316914101653164,626.7791735635438,1397.3551676241864,-161.03071204749043,1602.1892200254745,-163.86832614221439,2566.232635348854,-165.2590923839073,0.08373781289401647,7.593695147946917,9.2178534418843,0.021758043188726553,0.014074232962764674,0.028026064267838043,12.082070409491523,9.263895246091499,11.104446102406143,10.796950367135267,9.749832203835467,0.01665192351423497,0.6432018296171242,2.4638596965886084,3.4787554397227747,11.11342043260455,188.4460773821997,199.3812801630216,76.55068974449021,222.71735420786217,71.09454503985417,240.89775710187567,68.34964560509817,0.01469681,-45.60748,-28.73516,-0.1167481,-0.07431854,0.0007020968,-34.8158,-37.06331,-38.01204,-59.94143,0.0,0.0,0.0,-6.631913,-190.3912,-148.1904,160.4618,83.41272,-201.0,815.3987,-201.0,1707.105,-201.0,1.480851,27.50581,61.08142,0.08096161,0.06298291,1.411561,62.40227,50.41494,73.5384,43.71012,62.19783,0.8658366,6.0206,16.2395,126.361,58.6483,1396.907,4094.811,23.69079,2589.44,18.1727,3996.518,37.46852
405,0.11995412561460607,-16.960601219129234,28.496082359740964,-0.0003610514676439418,0.002184790884769445,0.029257867651165902,25.12579492801792,9.103081036281363,9.110540863728422,2.508488736486327,11.092939072947651,0.007731850963149507,0.29255192819038495,3.2271090724890987,2.409380548914517,9.496026575747278,646.9391362935739,1419.8417345515693,-135.48530542721562,1622.783065156717,-139.81135958490108,2605.023297172666,-142.902071664039,0.13585729500651203,8.221392152654152,10.181551469170051,0.028811708971602356,0.01670619499805509,0.05216691248739144,15.203016451293353,12.733928434939079,11.448603209497051,9.849487239260375,15.355008493460002,0.03010977647767045,0.736685200922121,4.746742981543615,5.080847222615259,14.3124646129712,167.32174324163083,199.84546013218537,88.01432017712635,214.19723564267446,82.15421586586955,232.31390314370586,77.93989160981117,0.01514431,-47.17593,-16.66825,-0.1317434,-0.07172892,0.0006813356,-31.87646,-40.44995,-43.38978,-63.18074,0.0,0.0,0.0,-10.92568,-201.0,-159.0266,145.094,282.102,-201.0,820.8228,-201.0,1602.527,-201.0,2.447245,20.44129,60.73879,0.1147566,0.05641189,2.366148,65.92242,53.70293,61.98145,42.34518,62.21296,1.0,6.0206,24.03157,124.7309,62.8457,1369.955,4220.695,22.78737,2752.555,24.71115,3780.189,6.143068
406,0.088139736478438,-17.323799696629365,28.981884120477527,-0.004792668829789338,0.007685159580967351,0.019666323244091236,22.56740627035826,6.948395529461768,8.583386897083706,1.598697089336439,9.266815463666093,0.007268478672012611,0.25450445746294004,2.6536543720690235,1.5667384648973064,6.840221402230158,642.0794152971011,1399.4929727135413,-146.9266947442254,1623.1099105246383,-150.59342399705505,2598.4759231611324,-152.87331929761189,0.10690606656063265,7.401926282813734,8.533999962230611,0.02908305255119412,0.014922267900774382,0.052120875249584184,12.735818479626023,12.244299897693793,11.417084196439818,11.216017463633353,15.090678518476578,0.036259305559899056,0.7307342470184025,4.600379646081427,4.829436304968109,11.972660215871228,181.45130155814968,192.4710551476004,84.9847782503827,212.84592102773465,79.07512217379058,240.31815676441886,75.46333759771343,0.01445597,-43.07821,-2.530976,-0.1107527,-0.06349573,0.000711805,-25.08601,-43.49731,-43.15857,-61.0014,0.0,0.0,0.0,-10.04609,-98.29694,-75.99496,185.1688,712.6946,-201.0,976.0233,-201.0,1733.136,-201.0,1.430203,9.898829,57.8117,0.1126804,0.05618194,5.901107,58.95819,51.96441,65.74502,39.61534,53.23151,1.0,6.0206,19.0419,117.5233,58.36078,1374.405,4909.007,28.52589,2574.882,14.6747,3828.034,4.859151
407,0.20234021117333292,-15.9182408968857,27.69414456109987,0.003826751427273664,-0.00016263080064529554,0.05353873988016177,27.43156305290414,7.227011131953323,8.096103285215651,2.1897325493337187,13.75236487682959,0.009073331666509706,0.43877525956955726,3.8397978773941848,1.7531130129155772,12.50546848846526,568.4642024777813,1391.4459608721343,-110.17086917940043,1533.7561214592004,-116.09566560769765,2480.2461678551185,-120.86677372469717,0.2139966440403223,7.731388130063925,8.952268793844633,0.03058230601711649,0.01730570774769919,0.07329306399430756,15.316949072809296,11.905931650685968,13.190111527792439,11.620022435183442,14.73531192931634,0.02649272348635589,0.8874054032644343,4.41157209638041,4.754149523201382,14.360625437255651,172.3644532810642,192.0283198890341,94.49568674329407,220.7813920745329,88.33214518678729,238.3812549533631,83.2754059144303,0.01543462,-46.22036,-19.76261,-0.1106246,-0.06901068,0.000454964,-34.37852,-46.39927,-39.52063,-64.02689,0.0,0.0,0.0,-8.629139,-95.47726,-58.60128,125.3537,183.9258,-201.0,675.2129,-201.0,1620.248,-201.0,1.806056,23.33074,60.24191,0.1126338,0.0593224,2.897193,60.95115,55.4129,74.111,46.0787,57.4379,1.0,6.0206,16.67081,104.9421,57.02317,1339.902,5286.292,32.683,2476.938,26.59712,3809.054,35.33257
408,0.05041409286303053,-15.6727848000386,25.937772167235487,0.006455417197066605,0.004697765458476613,0.008309711613038923,20.775424967339887,7.1027432029851205,6.569327940076497,-4.528375576055846,7.572802044203526,0.0058205940961042505,0.19279618472899493,2.0991343469074297,1.23500335713574,5.31931696800855,646.5850781734612,1381.741881896672,-158.7367477769241,1641.7757602363854,-161.7664375244514,2565.1875744642216,-163.07195492671394,0.046955876363911374,6.73844111813991,8.401427667069491,0.027355489070389385,0.014360176856050205,0.024847463747172643,11.384457881135223,11.218548027800631,10.605969142733004,11.877253492586673,14.61293984092183,0.03254520579325144,0.6103383815829673,4.343944470787619,4.366739937078367,10.96632591464994,152.54971800323312,197.16114877034317,78.01289882894778,209.37252507574289,72.22025222283271,238.4308532056693,69.77369307481848,0.01523197,-45.93637,-21.54281,-0.1191864,-0.05711592,0.0004978993,-25.71782,-44.24733,-44.30583,-66.40801,0.0,0.0,0.0,-8.589557,-176.3882,-150.5791,151.6644,351.9493,-201.0,728.8913,-201.0,1712.72,-201.0,1.005872,22.28137,60.97005,0.1281355,0.0576269,2.293557,52.9062,46.75319,58.5206,36.60818,57.05508,1.0,6.0206,20.39062,141.4785,55.50939,1230.081,4893.75,29.78227,2439.597,18.90053,3679.389,39.74437
409,0.14999013926412463,-14.819019899099782,25.536712297624824,-0.007164353842892331,0.0047389355903251175,0.042278360973776456,21.890936478542788,5.604762102603888,13.35517693936579,-3.416773960886665,6.861401886479889,0.0076600907270821415,0.4184659390941003,1.0602857886308572,1.8813651004498606,6.8303369660292175,611.212697085949,1390.6860080061806,-142.31298009591697,1576.4081814238937,-145.20119548708445,2554.529649916686,-147.22632087625027,0.17926423537043518,8.113201553670214,9.510093404966744,0.026810424750685707,0.018253193698697497,0.06313118258998265,13.811190368565406,12.03578146058097,14.549703817189876,16.685455297403028,10.694859172092233,0.022740284340322135,0.9989001158913154,2.1000122258796545,3.9822619897891163,11.440731250275247,192.829762884077,205.2196983847143,86.60845023481438,227.2563071203022,82.37663540114481,234.4540135888011,79.2954423978932,0.01532915,-44.69094,-18.03691,-0.1139996,-0.07233226,0.0007757342,-37.77727,-46.33472,-39.5264,-85.8569,0.0,0.0,0.0,-9.344139,-91.63017,-82.21408,165.9407,37.31256,-201.0,946.8482,-201.0,1696.17,-201.0,1.663626,24.39909,59.21658,0.09664833,0.0581165,2.641516,61.96714,55.28094,80.39944,46.55501,55.04585,0.777287,6.0206,15.99156,111.5172,55.19242,1393.899,3626.256,31.01824,2736.322,40.57648,3849.482,12.77841
410,0.07356880524503498,-15.729084442699838,25.677553845959153,0.005758308062772317,-0.002015629897632038,0.013230196675526551,22.638210695835095,7.805691634216091,7.18859694394928,-3.8916867205877184,8.559535245410583,0.005284339928105977,0.24664275311351708,2.2620999757983475,0.42764851277506644,6.756411187702896,606.9291295328418,1387.9132406967465,-146.8687388321846,1584.3196719357718,-151.13725367471002,2534.294098183014,-152.77744141118137,0.06761895289397468,7.303878196321655,8.565758592066574,0.02778271553041101,0.019278389256121166,0.022118770116801426,11.634547112582965,11.8602159776515,11.648441589692608,11.613338484096756,14.038595224833092,0.025203524318032966,0.6645152834526359,4.035798148106121,3.9186451373323643,12.069194846805791,149.50907954815804,198.3237671157311,85.77094044221147,217.17435589255862,78.92715726976213,221.19333363557197,76.27169582704923,0.01535644,-42.17217,-14.38252,-0.09689971,-0.07582426,0.0008639346,-29.60354,-39.85013,-46.12918,-67.26485,0.0,0.0,0.0,-10.93974,-86.62694,-54.24061,158.0113,519.9615,-201.0,724.451,-201.0,1632.733,-201.0,0.9298902,16.7215,58.4547,0.1256832,0.05094116,1.76593,58.32905,46.75357,56.83362,34.07248,60.06663,1.0,6.0206,17.11472,93.16494,58.50499,1359.219,4724.133,35.63208,2458.462,25.64477,3795.312,24.84102
411,0.13300323789764099,-15.131064800373908,26.465378625562472,0.010351978862121943,-0.0012291021617218106,0.03161919685054745,23.23015385670203,9.610894274862872,6.145738743341799,-3.640623878292602,13.312502401611248,0.010878417124412591,0.37685749637515725,3.6337514893379472,2.9311612275613093,12.37724624380545,620.677771026483,1379.2731369781166,-120.43986623771055,1606.8768132703685,-126.16512500389618,2603.08914656706,-130.2486859235424,0.1166612752788675,9.282518286689895,11.624352702354509,0.029601097716357976,0.018078162328938326,0.04619727910623019,16.91382190431064,12.668251002282437,14.650476831153158,12.822074121607523,16.058404962555027,0.04295266043833864,0.7922122753268995,4.838747025473208,6.612016040937077,16.04367254235546,154.068176396371,208.47499795483662,93.0582287449701,207.29141928036123,86.31812461195992,242.0118083013396,81.47977402465013,0.01530372,-46.89981,-21.74738,-0.1173934,-0.07343131,0.0007804696,-36.53138,-39.48673,-49.10934,-83.09772,0.0,0.0,0.0,-14.21773,-114.307,-149.0719,184.2992,29.28095,-201.0,731.8408,-201.0,1533.725,-201.0,0.9074646,25.31968,61.42443,0.1453989,0.05218682,2.543343,61.30133,53.17321,68.19663,46.53016,61.98,1.0,6.0206,20.69914,179.4471,66.24147,1447.33,3998.781,41.10313,2582.656,26.3754,3966.173,38.50305
412,0.06714360932629908,-17.98431063222898,29.63099196401666,-0.01267150438378588,0.007518703965164876,0.01894285335017391,19.759826876742867,12.292657711509728,6.644508415724529,4.820674005900426,4.819380637284654,0.005063907997470902,0.1817462038751109,1.254832256810005,0.2889273774296674,5.212842028507399,652.4609082310099,1397.5943695002102,-166.04362418237582,1635.9296128180586,-168.6905905492696,2601.094720691909,-170.5843324515219,0.08965021412647972,8.032308567454278,9.509947713795412,0.023723329510687622,0.01683410708168462,0.0635091540468752,12.088458341964731,10.1118187783402,11.139838403351277,9.638560900854738,10.212590784558735,0.026451775792343684,0.59263891130412,2.8056773601973077,2.782583623604955,11.562466955928526,183.24449787256356,197.0002713264994,71.70918311081692,240.61239280019726,66.20021594183036,245.22301123087877,62.25037360683758,0.01459055,-45.03409,-23.36791,-0.1189612,-0.07221434,0.0007918275,-33.18309,-34.87226,-42.83363,-60.12525,0.0,0.0,0.0,-4.829417,-114.5849,-141.3654,161.3717,239.6423,-201.0,875.1084,-201.0,1647.752,-201.0,3.04701,23.92186,61.40425,0.09463484,0.0587345,4.970088,56.37361,57.79562,57.40792,51.11489,59.05473,1.0,6.0206,16.59793,70.34699,61.23661,1370.45,4407.325,22.60378,2640.583,19.89507,3951.943,39.19413
413,0.0893271868167864,-16.333314425289277,27.057462119596764,0.005357120369137608,0.0038460168819662447,0.019171856401900157,22.67855512921084,7.729193409930618,8.335511919907725,0.44051814610211204,9.208502546550825,0.0060071871055574055,0.26909273487411806,2.5123108221137724,0.9927515387070469,7.22501928486737,610.6415785936435,1400.8434531144908,-142.52038540478878,1604.2737546169592,-146.41881342493534,2555.074987609856,-148.27841686801767,0.10034472275263089,7.390736530286017,8.740607131829544,0.03081916992146027,0.016967852065632432,0.03400905504401159,13.954225291701551,11.221901935412843,14.082246716474696,10.834419942865857,14.369046863676287,0.027814147837558565,0.7525058390228507,4.255505537001094,4.1396904704790405,12.207137384614839,164.51915145547127,201.8811962191347,87.39214691898782,205.123531878463,81.50351672297924,229.4282183937929,78.64009923120494,0.01471158,-45.52495,-22.08802,-0.1264644,-0.06392609,0.000557097,-28.55634,-44.40875,-45.38048,-61.37397,0.0,0.0,0.0,-4.198338,-103.9289,-89.78207,184.4634,31.95535,-201.0,799.1993,-201.0,1612.083,-201.0,2.101279,25.59612,59.88892,0.111113,0.06062566,1.676706,62.37552,49.41509,72.26398,44.05609,62.06096,1.0,6.0206,18.66531,109.8036,56.2308,1414.354,4666.791,24.87909,2595.178,24.07163,3883.555,53.81291
414,0.09519022390216146,-17.96104245040765,29.157007210263902,-0.00013865997223247076,0.0036022831871668597,0.02374042468920707,22.607715073487324,7.7022686664279885,8.233761922506334,-1.9969852160778045,10.087393063399961,0.006938440065947443,0.27941686013564077,3.0317835429303805,2.9213343094738846,8.331209451337712,657.1814136961801,1383.26865238042,-146.5138536305867,1660.786160720274,-150.33615105007019,2635.639010375278,-152.6403913644132,0.11048687967383983,8.017003106943168,9.429624727624818,0.032817496983584285,0.015594057046473667,0.03793258644309642,13.613060598956013,12.101150360390163,11.809287427363095,13.622065836659223,16.051692040500473,0.03307435252270562,0.7841635855957896,5.1653949942379045,6.786731086578963,13.99600142017936,159.09681614368492,194.84860519324775,83.96628364491755,209.68281926251575,77.88479944534748,241.67045913287768,74.23643643578889,0.01519593,-48.46255,-21.48122,-0.1096003,-0.06962539,0.0003512568,-31.25011,-49.90271,-37.57856,-80.57017,0.0,0.0,0.0,-11.04768,-107.5915,-165.3211,171.5887,224.726,-201.0,895.6902,-201.0,1527.497,-201.0,1.068537,22.02696,58.8534,0.1155009,0.05765547,1.181125,60.16478,54.08155,72.9591,44.52663,62.20953,1.0,6.0206,26.30624,185.3692,60.37561,1369.521,4247.064,28.67336,2711.746,22.2824,3950.089,45.33536
415,0.08886162970110437,-18.18468451335515,29.229990673732402,-0.002892627724919582,0.005361856825139919,0.025225745154814613,21.931291221202862,10.313284458627303,8.510419966087104,3.0729487154773367,8.028204892510313,0.007013679908658493,0.23569118261798244,2.1663389673145,1.7636513176656703,6.359127685541805,621.2503487905809,1406.110307688267,-153.20701753096523,1619.8439907166833,-156.96679213205493,2579.107423219822,-158.36904599738736,0.11100738773363922,7.550545611760513,8.900079819240887,0.030394856736184472,0.01574807235525063,0.06178763967218611,11.946061883187578,11.10671284592893,12.558181198938861,10.259048215200854,14.222898819330997,0.036305145828812384,0.6782882013064735,4.183341905478129,5.371843721334399,12.196983056879255,182.39465503506494,200.06764857521298,81.48706737716842,224.17875528708927,74.92452779542239,245.57760824760388,72.4999368581403,0.01460084,-48.29253,-19.85499,-0.1350745,-0.07196515,0.0007714197,-36.06697,-38.58384,-42.71883,-61.95225,0.0,0.0,0.0,-14.42613,-81.34932,-65.48433,138.4361,351.8247,-201.0,837.293,-201.0,1666.714,-201.0,1.683702,22.94259,61.6642,0.1212284,0.05412511,4.033358,56.02259,56.08432,66.80189,40.84925,62.21019,1.0,6.0206,26.76591,59.3978,58.30076,1421.343,3768.885,49.56836,2604.373,18.42917,3857.838,16.87909
416,0.08612240439665432,-14.53443357010964,24.92649367390845,-0.0039046976823209696,0.007286072945141256,0.01757656253418247,24.000835452758015,4.228276433889494,9.87507933564877,5.181314903411157,7.007405705010457,0.0060481434690199745,0.3266737511677263,1.4594493194394114,1.936009307087331,6.567126764425421,572.2965063240101,1375.3815075145276,-139.08636555119736,1539.257509623494,-142.284683460368,2482.929353989764,-144.27257903630164,0.09167150486579685,7.909947248045478,9.519560482383199,0.023497734716607894,0.015541152724174187,0.05154950525039388,15.741607405854431,12.826464561279664,13.130814879324317,10.878049058952088,10.559447722672617,0.01885505895972495,0.7894502767428053,2.5359366362872096,3.8914952802483285,10.593280555145244,182.6201478377749,210.47035821682786,88.58514714733634,228.3918809136854,84.03070695706,237.30677018790234,81.12773650156343,0.01474283,-44.30702,-20.89232,-0.1184373,-0.06502604,0.0008040073,-32.92087,-45.37234,-37.84602,-59.24903,0.0,0.0,0.0,-18.91494,-22.43628,-47.17418,142.8391,26.07809,-201.0,722.746,-201.0,1662.1,-201.0,2.074899,23.78117,59.75146,0.1004934,0.07146498,5.579625,64.21981,54.05539,74.31409,53.41114,62.21191,0.7052619,6.0206,24.51172,104.2727,54.04119,1473.242,4464.54,29.25024,2502.765,29.92427,3861.393,32.7522
417,0.07034454720338505,-17.05544083150879,28.278607877580708,-0.0032328951155823414,0.005773060900261318,0.014832651226442877,22.492185996477335,7.059085712948862,10.86484900261005,0.6421639755685967,8.362830687052185,0.004964349369428829,0.21068800546048405,2.3204217264321585,0.2383823895823842,5.65254778745151,625.8845753410437,1420.128917008068,-148.86240065345953,1619.4815256236955,-152.2291663114194,2593.49045096756,-154.02585042880983,0.07229205301587527,7.509261838747252,9.043300914483813,0.02949730012158665,0.016029712270869714,0.04871401676339311,12.090009415147934,12.276421328882593,11.897234674389287,13.38438047490221,14.018946205359127,0.02519750765690951,0.6261728297106202,4.180149031764314,3.853852663555537,10.398539375602573,180.18507659143629,200.01231882982148,84.42242567180716,215.81563470434574,78.93340833215042,242.69451881259386,75.97720132271763,0.01469733,-49.176,-25.60455,-0.1272938,-0.06557787,0.0005795548,-32.99544,-39.90482,-37.77713,-66.1841,0.0,0.0,0.0,-4.605752,-18.33656,-45.72139,152.5247,78.47605,-201.0,929.0105,-201.0,1556.527,-201.0,2.020065,25.54812,63.00256,0.111747,0.05938944,5.595571,54.31192,51.28812,76.3326,43.07464,61.76611,1.0,6.0206,18.75155,108.9902,56.57239,1359.516,3729.817,26.33598,2604.545,22.58693,4002.928,50.62587
418,0.11385892552581808,-17.304449713202995,28.101334548967717,0.006848222743995201,0.005742015149515623,0.027507300521293476,26.75834966119885,6.775448561332679,7.74150281030657,4.799904536464152,11.687475136986304,0.006966112615674006,0.296097781246153,3.345831294809244,2.3131512246043173,9.735058396713063,597.7001484336553,1424.9128473438245,-131.1370982589681,1568.481952137427,-136.37092924263385,2530.7244592070956,-139.25633149356477,0.1336021205793055,7.231613405413151,8.045030433000687,0.03332265444948237,0.016569252550480446,0.047027297786346664,13.845120010509163,11.468288184091735,10.908094877656007,10.4797459023592,15.820732286095398,0.022917953467968107,0.7140812650492674,4.798863898559113,6.281339277696514,13.922651686435666,177.77879913719178,189.3709242859515,91.96763974549576,212.64695310914502,84.98043805432306,229.6889215894604,81.12074128809095,0.01498691,-43.9437,-11.58342,-0.108903,-0.06188836,0.0007278078,-23.48636,-41.85817,-45.81648,-56.93753,0.0,0.0,0.0,-7.436005,-54.51678,-54.03531,160.713,598.5131,-201.0,799.9205,-201.0,1706.08,-201.0,1.174115,17.24535,60.00636,0.129023,0.05779448,2.552224,61.47921,50.15795,56.27118,47.36421,50.38413,1.0,6.0206,17.0414,125.6242,58.9371,1383.996,4110.837,26.76355,2671.488,14.72188,3928.152,7.184563
419,0.11965600967680358,-15.68577640871038,25.810950243904614,0.012804045565204649,0.001378295664286369,0.022278262205895658,25.18210205355316,3.847337349861051,12.343630643896477,-5.648489929109124,13.947655546642245,0.007168510373874494,0.33888982310140975,4.0683748070751,2.310275138181485,9.599511321012734,626.6094663143028,1380.5661317436497,-118.02002241611565,1612.9430395228742,-123.33876791596778,2605.219023845254,-125.57741712357048,0.12155252934788369,7.304549437294578,8.695266003172916,0.034272176206185605,0.016969308061341625,0.034311759930445385,12.734235337698074,14.956649836410458,13.48360408220328,15.679851974666054,16.4299330847232,0.02512297749064399,0.7997763885979708,5.151906273591173,5.803101249603722,12.446928583870612,163.34795628355516,181.01201505670778,94.54064253219792,198.33469758166655,88.45711881285723,207.89668876492203,85.84197366241018,0.01484444,-46.23111,-7.416382,-0.1253924,-0.06645873,0.0003862673,-16.8186,-48.7692,-42.18479,-73.57511,0.0,0.0,0.0,-11.34865,-93.7298,-66.83691,161.3435,600.4049,-201.0,860.069,-201.0,1719.967,-201.0,0.9194687,9.112992,60.56918,0.1316406,0.05803503,1.652725,55.466,51.39952,70.40777,46.09922,54.30748,1.0,6.0206,18.60399,201.0,58.79555,1410.807,4318.35,28.43032,2589.603,37.91082,3940.059,8.488908
420,0.05505186631623109,-18.29500259679291,30.06700079734251,-0.017302744827943743,0.00945679225516699,0.013754693563196635,21.631094497788908,11.190686987154685,7.586537960576045,6.014086945455296,4.760981309890445,0.003576421246120291,0.19641846073147148,1.0930764495847576,2.036549112914197,6.067328327358384,646.3589733311721,1421.8038560264683,-161.99817109943004,1621.6048241602227,-164.1378880899286,2578.3522237626216,-166.17405387801276,0.06259657955771956,7.0011915305215275,7.980907126437024,0.021494534685195403,0.014587477271672266,0.03072541246339977,11.924284490336058,8.851063670532566,11.305156793795968,9.08423822919673,9.482979631168984,0.013159967558156859,0.5915202151764213,2.34567333645226,5.214926935517825,12.590427295799174,196.79152363870193,196.8489233987397,74.99134193468709,243.36876502278056,70.89590715523845,262.51064650848565,66.90880654706426,0.01467074,-42.85444,-13.69715,-0.1102071,-0.06304872,0.0007055495,-24.23681,-37.78374,-43.50998,-39.55584,0.0,0.0,0.0,-13.95984,-195.7137,-172.2077,138.6653,677.8362,-201.0,919.6788,-201.0,1673.413,-201.0,1.32486,15.50065,59.26658,0.1023563,0.05912563,1.259005,57.99273,54.6385,56.87178,45.37389,61.73063,0.6997159,6.0206,19.34011,200.223,60.39076,1371.813,3744.481,41.2355,2609.585,20.02119,3838.281,12.928
421,0.06552076582928024,-16.662817516221125,27.714205527650364,0.003947432147078477,0.0065847623405497656,0.01321763565220301,21.000110749904806,8.000238446081173,7.834732400381543,-0.6495840389433521,9.464130173874596,0.005391806528892939,0.20249296695988334,2.85251775362841,2.6235569141657282,7.034620388848605,641.809794755082,1392.1853817222548,-149.9725547288597,1639.9854853981192,-153.36086224288348,2599.604269344296,-155.16354649698664,0.0666174601267241,7.64746646884845,9.227916145716794,0.03147601349841039,0.014700434813347095,0.034831837203983265,13.05162029165193,12.483301143966536,11.9891915533831,11.462055883086391,15.78725711181447,0.026171722385255537,0.6270644997619957,5.03173642506572,6.395328774403639,12.636205025066008,161.2548910633414,193.75256670053497,82.5211302827822,207.29384340346155,76.9043257560032,236.23985608583385,73.90236208136729,0.01481358,-46.83223,-24.35643,-0.1228578,-0.06128846,0.0003611576,-30.82606,-43.33246,-46.98457,-53.84504,0.0,0.0,0.0,-8.504123,-25.74337,-34.66539,175.5443,319.1271,-201.0,670.1409,-201.0,1625.464,-201.0,1.076616,25.09546,60.93947,0.1205137,0.05699972,1.590773,55.8551,51.76712,62.61362,42.72275,62.20886,1.0,6.0206,27.22261,55.14114,58.54942,1322.327,3852.807,38.98658,2558.724,25.94244,3675.673,34.46601
422,0.08879916134092153,-16.54483224894223,27.0108159646276,0.003713309957862556,0.0027470857997650166,0.019355360851832485,21.236781258160615,7.436615551088201,8.9744703066145,-4.5510766766229,10.8901959856279,0.009624751465338133,0.2972483016286933,2.940055973139922,2.2060215566878996,8.129554230183231,659.7508941267712,1381.6842330805603,-140.1529292458432,1668.1066591556578,-144.5331121163342,2600.155953886387,-146.2152108354022,0.09487305859887757,7.975947209611668,9.729054295720323,0.03248547798838853,0.01788762712345636,0.03867738999761496,12.541061597477928,13.288485574689963,12.448181874459848,16.60839335253384,16.30313786337947,0.040713718561941135,0.7561404047435375,4.846707321788294,5.652237737086327,13.306772296168692,163.8756108172915,204.3510230405207,87.29113404427669,216.8482331518333,80.83441110114738,235.4912355220098,78.37192024896595,0.01499773,-46.18512,-13.33084,-0.1232455,-0.06744085,0.0006944689,-27.43864,-49.67389,-54.2112,-76.47076,0.0,0.0,0.0,-12.8197,-92.03542,-75.43336,141.3238,444.4391,-201.0,857.6833,-201.0,1498.882,-201.0,1.738576,15.821,61.53988,0.1311869,0.05975201,3.738294,57.00446,49.02187,62.0135,39.44649,59.4268,1.0,6.0206,21.89254,108.1242,63.2513,1293.79,4330.392,30.7217,2596.54,21.74667,3842.465,18.2089
423,0.09500532333443479,-16.14094499910627,26.560485697830256,-0.0017673595579063787,0.004529187645465997,0.01896076727320645,19.685413558089934,8.90558049978116,9.02477577269996,-2.138759745498838,8.39167524893286,0.005493569659871944,0.23652807813634308,2.1516547606717618,0.47869467097292934,5.628950147001133,646.3373095314621,1404.9409493717671,-148.02543105937428,1645.4825339506854,-151.2729757119928,2594.390008577311,-152.7311481866475,0.11876730050046011,8.159412623103,9.95050737732658,0.03104140231612507,0.017547558679837878,0.04987941228839505,11.059876925824065,13.276775686687621,11.999215300975896,14.162745440642334,13.978560938850004,0.026986906119994304,0.6808456692138245,3.9270780177303415,4.006309574717094,11.115309174086125,174.33153612013066,200.42985658843855,85.59476563409818,218.59027813790468,80.37229677507862,257.51860050886944,77.98584860922753,0.001033966,-48.68425,-18.55045,-0.118272,-0.0654422,0.0,-31.03107,-56.77571,-51.01424,-68.10141,0.0,0.0,0.0,-13.05728,-173.3246,-144.5047,0.0,0.0,-201.0,0.0,-201.0,0.0,-201.0,3.633965,20.40042,61.97689,0.1147119,0.07636364,4.083809,54.52803,57.58006,62.58179,43.11272,62.1537,1.0,6.0206,16.39073,186.8499,62.14614,1454.794,3953.87,41.29469,2586.824,23.73143,3983.163,14.37494
424,0.18317913883187775,-17.302280582085086,28.089240336206835,0.003820618970533503,-0.0015510923122304759,0.06154378517139832,26.537602737720594,8.35512756883308,10.306416340047837,-1.7475764471603963,13.066924969978166,0.010792499914407186,0.4091299870530886,3.1740947797131014,2.4406451566452896,11.64915429505628,633.0582222415676,1408.1067190878634,-119.40192618155423,1625.1360125301155,-124.8215400856395,2610.169127861015,-128.19068693087817,0.2090469304732068,8.394548283054663,9.46825547121113,0.03402103934589126,0.01835270349775655,0.11755884517923217,13.052259450391109,15.283967087274021,13.325224375706467,13.40057751890824,15.71921591281815,0.028594072923357198,0.8829837468411302,4.336072178565055,5.740831671880248,15.372002376123792,176.85507997817115,195.4475321764389,93.71756668100544,218.94695921015764,87.44692749988283,239.20602602817283,83.49276673909556,0.01496286,-45.53919,-17.14126,-0.1309542,-0.06975278,0.0006710899,-24.66342,-70.93918,-43.43697,-83.51366,0.0,0.0,0.0,-13.62518,-185.3118,-146.6988,147.4837,528.8246,-201.0,784.847,-201.0,1672.222,-201.0,3.840085,22.02806,59.13409,0.119994,0.06378049,4.705704,61.78819,55.76653,61.60437,44.81717,60.96207,1.0,6.0206,20.43345,188.6889,62.11125,1435.673,4748.818,24.14519,2664.236,22.66231,3614.895,21.92326
425,0.07053393535613768,-16.3854471882605,27.354544063039555,0.0034962907086252748,0.0073452327054325355,0.010722750394177095,23.411023559764427,5.645011960329351,9.394731472725951,2.268778666162807,10.691878742758174,0.007628640204181911,0.25263722308422604,3.1705904017134463,1.9017856771916748,7.9567380907342535,652.4526736488417,1395.5224138657718,-138.31063659975825,1639.7433052106514,-142.27859087135826,2589.368207698636,-144.81733724108236,0.07339985803749123,7.761063020199053,9.177692075914194,0.028575875304817408,0.01578096557400307,0.01665059144826445,14.123910899268783,12.45416249835389,11.97408993459746,10.863066658652595,15.637485229501,0.03779144514027197,0.6670743443700495,4.963921200136266,6.249921363173414,12.738672610277634,172.02461057529436,202.82507479307446,88.47791978457546,199.57585384764766,82.71085893085362,224.9466051661643,79.06123081325646,0.01489659,-47.84198,-22.86384,-0.1175749,-0.05928096,0.0003923456,-31.23779,-43.16504,-39.61157,-63.40217,0.0,0.0,0.0,-10.14793,-103.5555,-70.54222,159.4191,82.86805,-201.0,819.5312,-201.0,1693.891,-201.0,0.6766033,24.55781,60.92479,0.1152712,0.06032218,1.047522,59.69615,51.63493,57.24984,41.68935,61.48075,1.0,6.0206,19.37534,112.9969,54.51011,1370.59,3692.698,30.92382,2572.244,32.27021,3856.584,35.18189
426,0.06270490736155213,-19.616914305789514,30.89138313031518,-0.014257558579387394,0.007194467434666583,0.018385013626892276,22.24065097151855,12.556377178991598,8.438619912137073,5.2621744155518,4.744823497034927,0.00514878785858419,0.1883595597002825,1.100873593207917,1.5152419906840962,5.9782174848314344,619.5024247104969,1409.5069270510364,-164.33045791848545,1610.0158531635225,-166.97495064236742,2588.5895134245425,-168.66277334924825,0.0691052188270944,7.627678269123698,8.88487664203707,0.022851104220781106,0.014429019922291314,0.04021276789450755,12.599345219054554,9.332253156912044,10.728681869521296,8.758721777139089,9.91648637427097,0.029109260404906377,0.6288074566376983,2.567451768277418,4.357783440252861,12.794200530705945,194.01804513011857,207.60035169139795,72.94096991887629,248.13974288612442,67.60876341596922,253.06149060285415,64.17254410086186,0.01493302,-45.65138,-18.22643,-0.1206816,-0.06782831,0.0008483629,-29.57788,-33.03687,-38.20867,-48.77221,0.0,0.0,0.0,-4.97333,-94.77239,-201.0,116.0046,230.6332,-201.0,886.1821,-201.0,1695.88,-201.0,1.966262,21.05529,61.34795,0.1042197,0.05417698,3.27546,61.32755,51.42021,63.13342,44.7693,62.2102,1.0,6.0206,26.41153,108.4689,56.94987,1354.543,4817.785,21.79846,2510.894,5.553911,3927.327,0.0
427,0.04075335530564479,-16.540317862627067,27.826453799551043,-0.008554886043950006,0.009493168407361063,0.007878595965530059,19.187699937722417,8.197919552346718,7.657975916330648,3.5102474384352713,5.7899440569068386,0.003937445046081345,0.1753875075629876,1.6345210646016064,0.13030139122181733,4.2912430255166365,644.4822419389627,1397.6930497544743,-164.55686291737857,1621.693187353144,-166.81838712875302,2574.296967783387,-168.22112678795318,0.03941946454158839,6.365519383333093,7.759815457475771,0.02384466405496924,0.014690654365212778,0.026507711693650755,12.120720774966422,8.239925145096937,9.306749540286733,7.698386297003357,11.990663284350429,0.022514441488571006,0.6133797130781448,3.566440018820431,2.3124517106876796,9.415570101319991,159.83490054665833,192.1718894869275,73.07281365753175,209.74822175955148,68.49211852621107,243.54189677250386,65.63593133707005,0.01431353,-45.52816,-10.44513,-0.1155808,-0.05947922,0.0006019577,-21.44423,-35.12101,-34.40551,-41.65497,0.0,0.0,0.0,-9.410239,-23.68353,-9.478492,177.3768,547.8804,-201.0,870.0949,-201.0,1707.613,-201.0,0.5018677,13.70615,59.91279,0.08773502,0.05552628,2.498407,57.55998,46.23312,67.28885,35.20406,53.14322,1.0,6.0206,15.13497,107.7318,51.49985,1412.112,3752.686,24.98261,2679.726,14.32433,4026.942,7.038564
428,0.0663742638747798,-15.270820576393078,25.579809004665805,-0.00365916651333193,0.00910715559110579,0.014552000017475425,19.90685864887635,7.157048304264506,9.114572857720917,2.9711248057965043,5.74001753664981,0.004866455588053327,0.23160730650805833,1.3720318098850786,0.6841587629045898,5.113924529993182,594.21330835985,1396.6942729795728,-158.30926793444814,1560.0578197283937,-161.2123243563757,2493.7966077618044,-162.31926107971478,0.09563068041339814,6.48161263647997,7.82084966184311,0.0233690373198194,0.015261736250160887,0.037922756206393606,12.134148907229163,8.462776074770028,12.020931380898467,9.399052536263937,10.968674223881045,0.018281652613452,0.6986528605865598,2.815233149875009,3.3306695123489343,10.275475123566725,165.48199415364098,190.17126157857678,79.3436676054624,202.35247110150212,73.96504812738573,220.44876414767964,71.80569052083015,0.008097039,-46.46262,-18.70001,-0.1147303,-0.07300017,0.0006999224,-37.44254,-33.69608,-39.29176,-60.1604,0.0,0.0,0.0,-7.120717,-113.7284,-84.63555,156.786,74.66087,-201.0,904.4082,-201.0,1778.989,-201.0,2.119636,21.74528,60.69037,0.1195071,0.05957144,1.917357,57.54777,50.5439,73.43104,52.23719,61.99408,1.0,6.0206,14.0853,200.3501,50.11648,1554.527,3810.412,29.8386,2577.109,13.10791,4071.721,28.47319
429,0.06833552946741174,-15.609562040511017,26.887298498544453,-0.010123718917540037,0.011854410628990435,0.014947095466268016,16.99458080728141,9.35585157846425,7.823290522472594,3.594835129022686,5.512020446104032,0.005580488151408712,0.21479041083635925,1.228522684007604,0.7660961403086798,5.539494070796115,624.8753796375601,1378.941833060372,-161.92936198953507,1591.0371304752452,-164.7425222453991,2545.6352116356798,-166.45846921537745,0.0797587434437525,8.225443974920486,9.804170499334283,0.023041931151898697,0.016391629998839155,0.021903388759422743,12.993959518535405,10.315761032992288,10.746623683092793,9.605705467677549,11.05814244504291,0.024370074452873185,0.6466998569424468,2.728945937834821,4.000142482063927,11.848556912184085,181.42016928702074,199.90215099895633,75.55954618647394,218.05286303668933,70.11828916146452,223.24452795628517,66.72784535811358,0.01552635,-43.4693,-18.56114,-0.1068301,-0.07396373,0.0007030517,-39.25494,-41.99271,-42.45371,-59.69991,0.0,0.0,0.0,-5.501773,-104.1596,-64.95767,146.3243,203.3275,-201.0,864.9457,-201.0,1733.544,-201.0,0.8128927,22.4679,59.5913,0.1088682,0.06839052,0.5760036,59.94397,51.13342,63.47631,45.06839,61.20115,1.0,6.0206,17.30715,104.9344,56.82848,1409.425,4288.753,24.44736,2515.26,9.407845,3887.678,3.761134
430,0.061660878396231605,-15.800858176268541,26.58327606335463,-0.009404058806254029,0.0104618457267063,0.01416936457159287,19.363021166418157,8.28456461019047,6.811190658033623,4.068321786089828,4.381073746932126,0.004365821826693916,0.24084192398539528,0.7101142204987652,1.0786284574946985,4.8513394945504125,602.9035365162172,1362.9669740328634,-161.35909701807188,1563.3403349445855,-163.45592696088482,2515.4598753150417,-165.08772829016522,0.06492562347718445,7.465789449322861,8.725248962246267,0.021774510678450616,0.016122248198278774,0.018271104941093214,13.112520494756984,9.120381671727747,10.227928747378629,10.654314775668237,8.8235989460791,0.016446072580940704,0.7024726270502627,1.7829637480972091,3.9634316324302237,10.326944212345012,190.82472739638362,202.07362951656506,76.18589909486099,248.40933659429828,72.16011214818936,256.9164103555538,68.95480906161578,0.01466209,-45.02181,-20.62388,-0.1146247,-0.07387849,0.0005545666,-30.26439,-47.25227,-39.8477,-61.77634,0.0,0.0,0.0,-7.687267,-34.52276,-34.52276,170.5361,227.3808,-201.0,952.3203,-201.0,1577.731,-201.0,0.6408427,24.82484,59.43338,0.1021601,0.0646108,0.8775263,59.65816,44.4206,57.68396,51.04448,60.96199,0.5440857,6.0206,14.87711,137.2377,53.4119,1378.18,3474.815,23.2063,2568.265,22.4893,3713.208,39.68207
431,0.040540865283035625,-15.92081997267368,26.9065576549212,-0.002494062486658571,0.011960327855706977,0.007004851565050326,17.97629684586377,10.23559103041009,8.498180384895553,3.3485590788703825,6.465238201710715,0.0037605080005406865,0.17282595306750484,1.8850087653327736,0.7923635608189065,5.063081734163898,621.6569269215543,1404.1142120793695,-161.70662447327035,1593.6462661372175,-164.4672863833342,2541.4186164329326,-165.88643082882064,0.04040282835944976,6.431442588199048,7.472440386310409,0.02348007515643801,0.014935796458345089,0.012740550018780349,11.904426730822028,8.53423548229676,10.398296161910515,8.923497006544686,12.77720488831332,0.016541265703032878,0.6060229827235576,3.9044984625580215,4.102065477015244,10.56868068363997,163.5615124201465,189.45304138092933,75.2756026617396,202.64293622550028,69.88804463340065,222.47634253349443,67.10090283074274,0.001033966,-45.23248,-17.08288,-0.1081946,-0.05952346,0.0,-30.22651,-34.44103,-38.02491,-53.74998,0.0,0.0,0.0,-4.637624,-170.8647,-201.0,0.0,0.0,-201.0,0.0,-201.0,0.0,-201.0,0.3948225,24.6456,59.20001,0.112,0.07636364,0.3821937,53.08251,41.79056,57.31507,41.72158,62.21132,0.8622065,6.0206,25.30548,113.4473,54.94041,1343.805,4057.577,14.5804,2495.79,38.76104,3553.152,22.53499
432,0.043521296415769836,-17.502736568592248,29.32733154218991,-0.015044251346738759,0.012151859218473206,0.011945539100680767,20.187640030501207,11.091575475072577,8.248851772409953,4.602752934826021,3.524219542165842,0.0037810602987554905,0.16038606464611896,0.7506047423066228,1.5057435348573813,5.421116633283817,613.8652062273567,1381.601121661626,-170.70654825481958,1575.6902467901382,-172.62341487821868,2531.607375447521,-174.4451199711745,0.043053725062121996,7.650563484165692,8.638819496950477,0.023982146270819397,0.01435354766273886,0.026078518679704003,12.086836352087328,8.978553695914986,10.29587449853956,9.219413387765307,8.157797582605792,0.01916758397901702,0.5923184975444375,1.912364063906799,4.791538276627337,12.782606533857635,199.64026767968716,197.16844534313637,66.81888755133916,252.75130557921608,62.55404623524919,272.9777208404766,58.4568286775468,0.01414337,-45.41997,-19.48866,-0.114888,-0.06348164,0.0005655803,-22.87591,-30.27208,-34.94026,-54.36165,0.0,0.0,0.0,-5.732892,-92.95033,-65.76625,111.5751,320.2201,-201.0,908.9943,-201.0,1713.936,-201.0,2.355661,17.9887,59.73308,0.1023336,0.0634372,2.935519,55.75139,46.38408,65.01629,43.49002,60.1805,1.0,6.0206,12.59165,199.3271,59.28185,1352.385,3733.477,12.56032,2552.337,28.427,3852.115,46.5781
433,0.05330067480036421,-15.41818356454774,26.08788636085031,-0.006688869672529888,0.012220070333375938,0.009458022290696137,18.682699352892172,7.365839524141058,12.18536790901598,0.9891751279157768,4.9212251865387735,0.0034065256665708177,0.2670782469473999,1.026254896589555,1.0171546626607502,5.541734970500555,588.5801216025745,1377.344950705367,-153.98657042075112,1546.6901962168363,-157.10268969205796,2481.214497025109,-158.5434353020045,0.05938610096122575,6.163293104908243,7.3083320186886755,0.0220509751808151,0.015874441473893157,0.015065525196304655,12.693943717530768,8.404818173942598,12.947414919211111,11.429847791511486,8.783115779976114,0.011652586967207643,0.7751693064305277,1.9709444909772695,2.394098122706842,10.325065637132859,181.98157926914655,194.78329518835204,81.96690909481232,220.67994646503792,76.58187180088632,234.05479153230388,73.99478189466004,0.01453527,-44.99325,-15.60751,-0.1062667,-0.06896094,0.0003262553,-25.69041,-34.45601,-32.54264,-64.8167,0.0,0.0,0.0,-4.669972,-94.66269,-73.48837,131.856,199.2919,-201.0,921.6205,-201.0,1575.891,-201.0,0.5177226,17.91076,58.55532,0.09376993,0.06431847,0.6475527,55.48909,45.24242,77.37617,46.16647,62.16792,0.1971217,6.0206,14.23108,23.69568,48.88568,1339.904,3636.219,9.206685,2623.852,7.14274,3908.447,9.840128
434,0.13093632855335044,-15.42940390998251,26.058567690936265,-0.006530692343818804,0.004219568077964544,0.029003035583467836,23.58594106548221,3.877360930796599,12.730721654461743,0.1886780647835226,9.717433018481895,0.00847759852084459,0.4417652368528408,2.0352177738941797,2.6519563358888867,8.801993398912677,592.1743272068018,1376.7295237127462,-121.46306028366348,1571.2706738487655,-125.28742235035267,2531.9633172535555,-127.7465520064686,0.15159277736867147,8.21843040610582,9.577237141206435,0.028945404818659846,0.017997307745402903,0.040762838113468945,14.332683711202785,14.256585741884383,13.811072777504359,12.812773480484736,12.105930578894565,0.022670312777690264,0.900923860773005,2.9464333643756166,5.703670605293204,12.621608808940584,194.3521268303842,196.019489844953,95.18028740099045,244.38382026929915,90.77623599912631,250.52573619023065,87.71829865092768,0.01471621,-48.99494,-17.76294,-0.1245559,-0.06831425,0.0006631482,-28.39446,-56.12085,-39.95039,-70.84293,0.0,0.0,0.0,-7.583739,-172.9756,-149.3723,120.4173,393.0802,-201.0,933.3524,-201.0,1670.437,-201.0,1.267377,19.05455,62.31073,0.108133,0.06222101,0.8084188,59.40367,42.79023,86.55886,46.64466,62.21096,0.9593268,6.0206,25.21532,141.5145,60.11295,1403.655,4993.9,18.07032,2603.61,17.56006,3922.853,35.06912
435,0.0489564138186099,-16.223263935817542,27.257362900396455,-0.001822932856212585,0.009841294892864465,0.008128649674865818,17.98435652357716,10.953273400556673,8.024714536709523,2.080747142255123,6.686161017080747,0.004183970438079143,0.18543089105715,1.9168506841187711,0.8156346240498962,6.65150768503676,622.1249813673037,1375.910403784094,-157.15658380298046,1604.5448943019176,-160.4310758675065,2565.260796583851,-161.96849829386457,0.04881578693343526,7.7309532242113255,8.97717329850176,0.025117327088397444,0.015156765661639315,0.01091551478262136,13.018067695486812,9.688117833754001,11.64817513237277,8.922699727943996,12.423800448931331,0.02287802112264004,0.5981102071765205,3.7513616985429885,3.199612727640501,12.914915633421824,163.14068041095197,194.71756369913663,78.78777487627987,215.20504874393532,72.88145476993236,231.8718436282599,70.02198269426145,0.0145608,-42.22424,-30.4075,-0.1144595,-0.06486108,0.0006206697,-37.94006,-36.21447,-43.3536,-57.4931,0.0,0.0,0.0,-9.440374,-19.06771,-74.24834,165.1177,149.4795,-201.0,694.2282,-201.0,0.0,-201.0,0.5056569,28.46049,57.32965,0.09428778,0.05805719,0.2396097,57.00296,54.87883,59.38659,44.6492,61.95679,1.0,6.0206,18.08445,106.1035,59.49076,1359.844,4451.803,20.60862,2479.562,21.65095,3611.921,34.76852
436,0.04625329463957545,-15.307317255732366,26.023349723284245,-0.0011298386309241233,0.01032682652796403,0.007101280647755161,21.42520212699474,5.5419066675392425,11.74594302507163,-0.6333391396873582,4.700708875109044,0.0035128747403943006,0.21643287092555974,0.8798873372496946,0.645066824004891,3.6596861387627224,569.4134470645537,1383.0823240258799,-162.8628948318015,1536.371059783367,-164.71278440363923,2509.032630910149,-165.82875792765742,0.0416928632079437,6.0929904938600945,7.616531897419064,0.022650964043946505,0.012637920761705572,0.007235419927273106,11.106619732460414,11.454132109567732,12.890143417999866,10.216652680921818,9.684172424412074,0.013224928466669833,0.6966011538582463,2.0507361821767547,2.2628895178922335,8.339534778626744,172.0053192191964,195.51236773658712,74.9293607460946,204.56928593502994,71.37041711240633,209.21136829165454,69.16619421779772,0.01482818,-43.34446,-7.589456,-0.09099319,-0.05622374,0.0003475769,-15.51704,-43.72035,-35.07595,-61.1437,0.0,0.0,0.0,-5.211324,-16.95926,-6.446672,116.2915,662.1038,-201.0,934.2845,-201.0,1684.599,-201.0,0.3807607,11.4445,58.71409,0.09561175,0.05184759,0.1757819,52.23462,41.75878,84.05163,36.03331,62.20527,0.4898385,6.0206,20.00029,76.95089,46.98264,1262.788,4432.165,19.18657,2476.487,10.90663,3632.553,4.229005
437,0.04953677565896328,-18.43744779210751,28.967951532877294,-0.00525960307883706,0.0069707237278599805,0.009172951663152072,23.425068955200327,12.613475630866908,8.456318170713036,5.196667536947816,7.780728645530427,0.005915368104877739,0.2665619516362416,2.046144428561154,2.073637484815213,9.584612669437611,574.7053105261299,1402.64026326509,-140.678471185629,1535.2758712129596,-145.6334807084063,2491.5901548251136,-148.02960096536418,0.04181199224466558,7.437802964193684,7.973474466145864,0.022727280638223286,0.016890105175154064,0.012815017887846846,14.177107568082377,9.272456441361,10.86220053124982,9.550606911606192,11.678681375441498,0.019628346660173667,0.721348237316739,3.3133886478114527,5.409962700260304,14.916245631226056,176.0070809704378,202.9768488686728,87.04599969987656,244.51479152794494,79.84450454701565,251.4551601399881,76.30181298855605,0.003930047,-45.46907,-22.11912,-0.1072567,-0.07341515,0.0003463831,-30.22999,-28.88687,-36.70131,-42.5383,0.0,0.0,0.0,-3.576246,-22.34953,-96.04402,0.0,0.0,-201.0,0.0,-201.0,0.0,-201.0,0.3679322,24.12139,59.96236,0.0961922,0.06109434,0.5101327,57.92025,46.18593,60.19486,42.72937,62.209,1.0,6.0206,25.06819,194.1779,59.04776,1366.402,4246.971,18.27353,2467.682,39.12027,3679.778,32.66487
438,0.08640763095942507,-16.514456920881003,26.933934796492515,0.005104849751967455,-0.002727459178008597,0.017374359400757083,24.537789843131876,9.152550140370082,10.069761866726923,-4.71854234501237,11.818216438133874,0.010723897727860403,0.38082580907024555,3.1896431046898597,1.456372288983458,10.884741514499547,628.795501077149,1387.4469578918652,-126.5187658828483,1626.9366821675878,-132.10823705895305,2599.588149828635,-134.98479278388754,0.07083541562350389,7.734038831912762,9.332411729263551,0.027519945384661616,0.018258783774692266,0.019797622259844952,15.070962544026429,12.282467026360601,13.518603210264532,12.390538924314823,15.216487210133552,0.04543390840605226,0.8621368295389658,4.532318612570894,4.964164712913323,14.841222936712226,148.09033414437812,203.7727773886388,90.77042134431682,213.54862317300424,83.89343523402097,252.6015386952481,80.31187732819437,0.001033966,-44.1649,-20.96624,-0.1134464,-0.07211868,0.0,-31.65949,-41.1999,-43.23875,-65.60259,0.0,0.0,0.0,-9.467338,-199.0383,-201.0,0.0,0.0,-201.0,0.0,-201.0,0.0,-201.0,0.6904733,23.33272,58.38057,0.112,0.07636364,0.8183551,59.18843,51.49538,66.87824,40.6537,62.20934,1.0,6.0206,24.61991,115.0919,59.88332,1382.315,4233.872,28.65265,2478.043,19.19987,3713.167,32.76638
439,0.12735076921290495,-15.452878328431243,25.952782080616075,0.009692003059122066,0.0006482824564873693,0.030620370788386652,24.1808315324717,5.772742967156285,8.209878306452271,-1.5793367342059512,13.92900718093844,0.012324743312102815,0.42000993367317246,3.3949115725879837,2.9465183138771653,11.011615584826435,594.8943681012402,1383.3572280613794,-116.85144671143851,1574.756798820525,-122.67126864550774,2541.3926238292834,-125.7700766760248,0.11827782739483347,8.161839486702469,9.085108982900032,0.03154967060809531,0.018202504900777725,0.04077703179866476,14.71861573037218,13.433182417961865,13.577196776149298,13.290067673234812,16.296918165618976,0.04032948738391767,0.8244786314233409,4.52696198512814,6.6377224772429075,13.919467649421039,166.07660664873896,196.54741385462665,94.44969641020361,214.9937887931014,87.7842684389116,224.8476196222875,84.13864884429691,0.01483491,-43.77037,-24.6612,-0.102275,-0.0729881,0.0004627024,-34.50009,-55.70633,-52.49775,-76.93693,0.0,0.0,0.0,-17.35752,-179.7215,-167.0368,122.932,173.3037,-201.0,764.2199,-201.0,1675.775,-201.0,1.182624,25.97733,57.1357,0.1227809,0.06847962,1.689765,58.58415,47.65512,66.3762,40.39104,61.17905,1.0,6.0206,16.75619,66.91367,62.08224,1316.02,4292.686,38.16813,2546.881,38.35468,3845.379,33.10372
440,0.0640483249730177,-16.300482678079707,27.45749446827025,-0.006098331653611125,0.00618679384029107,0.012878945947513598,20.38003046890612,7.2327516481894945,8.411454904625936,-0.6378135131217285,7.794517105008169,0.0046892913736334505,0.2301353786707877,2.069622189927411,0.8261654853313626,5.708171508314332,659.1100049989745,1373.5504455971823,-152.71926915700305,1653.432711092801,-155.77574003500786,2614.9770235732626,-157.53970552861807,0.0708920168782201,8.225869074185544,9.833830864102694,0.026395595468798615,0.016518650539300753,0.02675091379376535,13.054274603247276,11.46568184240793,11.03895713224165,10.782433912156234,13.611589717284934,0.021034330722889814,0.6617929740719545,3.915814949344086,3.3214271893260965,11.111165594862253,166.18580930134038,204.84973936127852,81.63255055208384,216.19818014147307,76.5005722761592,255.4327703780628,73.46841837075026,0.01509144,-48.69464,-26.61745,-0.1256127,-0.06858776,0.0003895561,-36.89066,-45.74564,-41.28198,-57.0001,0.0,0.0,0.0,-16.68201,-192.0724,-143.2895,158.8708,34.35788,-201.0,734.9553,-201.0,1534.212,-201.0,1.260021,27.68491,62.20737,0.1019238,0.05577187,2.018233,59.92328,54.39667,62.22356,40.93845,62.20701,1.0,6.0206,19.67865,201.0,54.77063,1497.085,4190.958,26.15787,2532.225,16.70652,3752.61,37.65382
441,0.03875299293525268,-16.249005071108254,27.359846212112682,-0.005848130638980464,0.010877128159223867,0.008226501848697434,17.27462327164396,9.370422655538384,6.716152786816792,1.341522907952403,3.4277489770995504,0.0030135923494881787,0.12922406521582439,0.763383869655186,0.523839731783978,3.42043340040395,610.3488150623997,1390.9364098706699,-175.70782620432237,1587.4502717543967,-177.52749157684886,2528.2518967626343,-178.34175039800135,0.03824486802563613,6.382331627123513,7.7864391461093,0.02227752547941211,0.012683178851579465,0.034727862870189405,9.243986060547488,7.808531612106243,8.972622001379667,8.33477286314093,8.966432468759022,0.015196253409275415,0.530430855204932,2.1678833382901024,2.425627089322917,9.444821775423076,157.85760197429428,182.35374434466559,63.69672494223538,205.07804324199537,59.12856737524982,233.0981354133816,57.03823594599592,0.01534385,-46.31115,-14.57357,-0.13073,-0.06355049,0.000694826,-28.2732,-37.51887,-37.95038,-60.34666,0.0,0.0,0.0,-4.854367,-93.83225,-65.53381,194.1823,462.3755,-201.0,818.2559,-201.0,1705.48,-201.0,0.4954069,18.99469,62.14148,0.1079662,0.05109216,2.486555,53.79226,42.35764,55.24314,37.58762,62.2104,1.0,6.0206,25.22627,56.38028,54.45818,1353.142,4016.286,18.23872,2444.098,18.44779,3771.086,12.15456
442,0.06866903200795899,-16.138211629302788,26.592043080074433,-0.008412664038589939,0.008743092954013649,0.01595112488317349,22.57872402792517,8.789536034828044,10.708011830411875,3.620367846099336,5.450830589449082,0.006000355289273795,0.27516729882560526,1.0020258490732754,1.7800185097631964,7.13323093195911,573.8080620295409,1388.6020778095954,-151.5793463131733,1536.2570326613113,-154.825747325936,2457.103091465148,-156.55374998548226,0.06870931853320884,7.194061210197937,8.248413796526169,0.021810792378309275,0.015021856070654545,0.018466639101624552,13.97588932140121,9.961502197003746,11.291278749824961,10.524850717923513,9.435507947917603,0.019815227619635566,0.7367615487493129,2.0748869258973235,4.202149991380179,12.991766051463557,179.38478702933725,195.42955472117734,81.88149829779734,218.9681988573249,76.52165480857144,259.3446149890386,73.60191502565777,0.01503802,-43.35942,-20.35888,-0.09423805,-0.06763497,0.0005035849,-28.50387,-34.85677,-40.31781,-45.98222,0.0,0.0,0.0,-4.729557,-67.73543,-40.71376,174.0173,350.4268,-201.0,855.1831,-201.0,1625.164,-201.0,0.7276075,21.73833,58.5287,0.1132047,0.05970365,0.3215667,66.50704,43.09604,58.8209,47.98287,58.1289,0.7731751,6.0206,15.83486,139.8757,61.44654,1380.766,4353.701,10.22763,2531.28,5.069579,3770.394,3.508621
443,0.06331734790273817,-16.456058306566298,27.689768639080572,0.0009397448586576428,0.007948912580426239,0.013730401792445807,20.098813984408984,9.372972776492395,6.350661416772649,0.5447126996746335,3.818886592698231,0.003160119023404079,0.16985133208027384,0.8220138244065743,0.16777961782862666,5.0136533637336,586.7141298545351,1397.108425054193,-164.66761088133185,1550.151180268112,-167.38822519876615,2493.7149710781514,-169.43732749215775,0.09331795748072094,6.790935338369575,8.34375405532563,0.024979053263547733,0.016251875849985727,0.03713516159668663,12.667068997996907,8.262717051583257,9.330071452507172,8.557900144247462,8.243223730578332,0.01254455604066831,0.5933952065725256,1.9561265624542068,1.693978955245007,11.218042087997953,165.8692426346487,187.60293860495688,76.39082908946777,215.05137805462346,70.7226833859199,232.9046465112044,66.31379833918913,0.01497718,-45.02271,-20.03647,-0.1206497,-0.07698637,0.00040302,-26.47259,-33.31564,-41.69197,-49.41056,0.0,0.0,0.0,-3.087939,-95.00989,-74.91542,142.1394,252.4984,-201.0,863.7701,-201.0,1681.503,-201.0,1.908701,21.48198,60.49076,0.1070393,0.05356223,2.335146,62.30911,43.85115,59.91668,37.68806,51.19945,0.4916805,6.0206,16.04703,77.4591,57.09707,1393.545,3712.533,19.52696,2553.877,13.12403,3575.483,0.6850707
444,0.12623544111158594,-14.317672635976695,25.25930571287098,0.0038599060010042503,0.0030171632412431225,0.0265984540138952,22.66481485703641,3.7808516864914608,8.012381337957786,0.7330499461013568,11.737457233016377,0.007837300219567233,0.40010481347781296,3.038351330013029,1.0411487112060853,7.915192274422151,621.5750164646896,1399.6763146598696,-129.51670014024566,1605.2841894297835,-133.84927635957058,2555.1648902608404,-136.28795809551184,0.1292172293741209,7.904781296655411,9.264768141280216,0.030320734688461477,0.01852045620593063,0.035196890879207125,15.387186517663192,12.683798418101862,13.149731888674346,10.957585429018927,15.595140293564654,0.025971980298928193,0.8842862389039017,4.427014828892298,4.601882162535518,11.483056976851225,166.80071020499912,216.75862809756313,91.33597488545372,205.33449552540654,85.66771981832278,216.96431073633252,82.45734289859475,0.01420449,-44.45161,-20.3274,-0.1046689,-0.0604964,0.000403996,-35.95359,-47.47807,-45.8421,-63.48008,0.0,0.0,0.0,-11.7313,-26.51827,-110.8388,131.8053,160.1743,-201.0,793.7925,-201.0,1673.786,-201.0,1.289878,23.49588,59.23893,0.1178353,0.05749275,1.426442,56.62186,48.25543,65.07094,38.98146,62.20853,0.9940909,6.0206,23.44626,74.51254,54.70041,1374.231,4301.458,31.56064,2751.437,40.4519,3946.438,30.96758
445,0.09358184065034462,-14.231608238334756,25.318935069460696,0.0015524274824663255,0.007251798274865454,0.017476942637960735,24.115859992733174,6.179543973670961,4.925227730474786,6.577443018405283,7.935696531636292,0.007329150365864167,0.33745573957509195,1.839676369600533,1.0975576973877965,7.073981898554696,556.2824588072788,1385.3782670007188,-137.53571447310802,1502.1842470196063,-140.72591270803173,2430.7892623366743,-143.40885265492832,0.10917349354375655,7.05770765709664,8.078914127435674,0.023134301193833237,0.017078529190825538,0.02399953083082516,14.59950245678735,10.416900406536621,12.804060860439398,11.268237388828588,11.531034260913586,0.020823446214257125,0.7843803103161334,2.9056290512491563,2.9643061808861266,11.241170795373463,169.76989758760135,200.14655543421247,89.62687732952351,207.86050791594732,85.21406300125213,227.11744010734003,81.33801143249573,0.01512194,-42.67847,-18.29988,-0.1046412,-0.06857097,0.0006528969,-27.63609,-40.40463,-44.045,-45.58353,0.0,0.0,0.0,-9.095588,-15.80502,-36.37437,137.4891,148.2536,-201.0,886.6592,-201.0,1750.482,-201.0,1.101751,21.96547,56.42597,0.1085047,0.05503951,0.4785736,61.03534,46.43776,62.77024,46.56656,62.20853,0.5933884,6.0206,24.94073,55.14971,57.20064,1321.577,4381.305,30.49964,2394.183,23.33363,3572.355,33.70121
446,0.06637671979242638,-16.59454585691101,27.457580737620066,-0.004685157282292967,0.0054374369414502055,0.013180497520275494,20.80234569702679,9.977043656245918,9.011894160068262,1.9601877268003773,9.388081891204166,0.005965883202271647,0.2925047181269505,2.4885194416171506,2.5539395827953935,9.197512560286917,616.080899038269,1346.868482235023,-140.03167596170755,1615.6638876187135,-144.56675885969153,2597.2535523041474,-146.58770925186337,0.056547890291646384,8.065154284815202,9.163181986588011,0.02419934387914188,0.016549674703038017,0.013066325480725888,13.203968317063214,11.691909527930136,12.985142860467409,9.982494936529266,13.934780196926376,0.02205409905174141,0.7003474759668723,3.9318518419429878,5.634035085557038,14.527820776443832,170.474977390478,200.2340348379308,87.22581160767422,204.49673035637966,80.70340884990604,226.225385987979,77.7305298057474,0.01553284,-42.35052,-18.55698,-0.09992651,-0.07093401,0.0007248905,-33.98244,-35.16234,-44.01077,-65.6871,0.0,0.0,0.0,-7.367915,-15.93165,-36.54138,187.1138,148.4857,-201.0,825.2287,-201.0,1591.0,-201.0,0.5399056,22.3205,56.40606,0.1157194,0.05219499,0.2063035,56.87772,50.4962,61.77811,43.42157,62.20929,1.0,6.0206,25.12493,111.0471,57.41945,1397.212,4451.848,20.33784,2643.666,9.320663,3832.277,31.57189
447,0.09354663974968605,-17.197497530517474,28.01894631513372,0.0012843529030787883,0.004368365222917323,0.019384374707591107,22.384646952034068,8.815606468067951,11.888493503353384,-2.0546802672777518,9.290753332845627,0.006269721666215895,0.2946467623976999,2.4175414604891428,1.0419709381610738,8.98740548314008,588.0050620432348,1356.4975072826367,-132.55583369129505,1564.5202257032076,-137.79090625050435,2542.2556113854444,-140.2497522614243,0.09605624360405668,7.537219665125882,8.677505180957754,0.030520151025619793,0.01850272091753711,0.0240893077882777,14.865573544257355,10.974193096097526,13.26845569253945,12.714093694944255,12.965169385447096,0.019994311810872707,0.7496004270544506,3.7114757239392424,3.9988191244568343,13.316745548787583,190.77419779266557,199.23880521750428,92.71160501352709,238.81653110837485,85.67968403987217,235.30934500077237,82.24122944986244,0.01448033,-44.3136,-22.95817,-0.110051,-0.07920123,0.0006531614,-35.8356,-39.40744,-41.68066,-72.0076,0.0,0.0,0.0,-10.55964,-31.14727,-201.0,104.4027,229.0455,-201.0,849.8042,-201.0,1554.597,-201.0,0.7780977,25.38254,58.34984,0.1188317,0.06103879,0.464219,58.24462,52.21701,72.63209,36.66585,62.21008,1.0,6.0206,25.73597,112.9453,60.35497,1443.268,3809.185,24.64153,2740.114,39.81941,3830.516,38.88297
448,0.10580387600624963,-15.549216472240225,26.499918424125575,0.0011882287915513513,0.002572815801743534,0.022824771855760304,24.569684739977077,8.194843385375346,5.721635777335009,4.74599297536249,10.525528098147369,0.008075987926810675,0.3688643259242993,2.592722956268314,3.1761175868945917,11.120183117804052,595.2214391682537,1376.7575312317063,-123.09287598474862,1568.990920364095,-128.28579859986078,2529.9622715789824,-131.4532457551632,0.10025483414850374,8.409532478372153,9.89033449580558,0.02684995380408895,0.019399344055892193,0.0365996878524931,14.831873619224442,11.711059818247172,15.496548506174967,11.75757813057152,13.096879704077326,0.0229947517436494,0.8029767556475617,3.5999542099909743,6.4007450275457884,14.922568984162389,170.14376679198932,192.4088517264127,93.43296274674454,220.59048387937503,87.25961863239807,223.79799410788715,83.37357017437593,0.01547566,-42.90619,-18.80361,-0.1245808,-0.07764918,0.0007650348,-27.10221,-47.68049,-49.82161,-52.88487,0.0,0.0,0.0,-11.56895,-21.3536,-16.01336,141.8576,415.9607,-201.0,821.5179,-201.0,1596.065,-201.0,1.616584,19.56198,56.81878,0.1176089,0.07040057,1.989573,61.91218,46.01232,70.77229,57.15308,57.64187,1.0,6.0206,20.69745,142.175,60.5229,1461.021,4711.453,33.60299,2662.429,30.0105,3698.71,28.11613
449,0.12459730972842238,-16.249981511856937,27.560799616268817,0.007359932645659412,-0.000966317999574292,0.026760596318584025,27.622656586062618,7.319442695037514,9.27168203348287,1.2385879176046768,13.886264352623503,0.010279143272908757,0.5180762492417063,3.5645406650364535,1.8167401405439383,13.45097430945277,598.9656208432893,1390.1151466402473,-106.25676241692487,1574.2457170746156,-112.20432878460763,2575.7700627464696,-117.00426860832899,0.11173114482877342,7.4612147153354575,8.763961280133172,0.029518453379884124,0.018281383083819054,0.02913484024069514,15.47002121951527,11.802651391537395,13.297208648270157,10.596653198325455,14.473227008721567,0.02687979317754137,0.9990823640330414,4.107445853697127,4.3613823471771,15.13492948361196,169.76039333343326,186.53302832525125,94.74473549973419,213.43386406892614,88.8668522207993,219.40927137601759,83.92684480461902,0.01524683,-46.43644,-12.6851,-0.1051799,-0.06894229,0.0006556782,-29.83675,-46.4879,-44.5688,-56.78891,0.0,0.0,0.0,-7.538273,-13.8019,-18.32887,161.81,309.722,-201.0,866.98,-201.0,1650.945,-201.0,1.325139,15.3238,61.33016,0.1209479,0.05962191,0.7667644,60.25908,45.26493,59.48928,37.58362,48.37407,1.0,6.0206,17.17944,112.6445,57.00363,1401.923,4121.14,17.09221,2530.96,9.855153,3751.08,0.4542086
450,0.11627271636340819,-15.362711253391959,26.815744652036223,-0.004705345058135119,0.004448591272807506,0.024672165637991746,21.53187962193453,9.052951371187747,7.738117112166196,1.3867437400211482,8.842242344004896,0.006687310591158543,0.3100158807819714,2.3294102320729073,1.011546482372856,8.17619140831268,638.8193743357073,1409.3075807103307,-140.01895439884504,1611.3441478384993,-143.72262559239059,2577.348645760133,-146.74947997762422,0.12595549932597214,9.045645006729481,10.807970682590955,0.029252429835458765,0.018824464256098936,0.02959266826686355,15.79293120180515,10.920895291337413,12.849657888931564,11.428902523404446,13.211642154746789,0.026307110045083546,0.80883456390159,3.759767227604185,3.9968785414728676,13.147919277956595,182.21720150737903,224.65597039166718,87.78044933325732,226.30970951582393,82.45983250430172,242.2554084565306,78.00883384908919,0.01477129,-44.74309,-26.01716,-0.1216437,-0.07196174,0.000658218,-40.28688,-32.42955,-47.95062,-66.82929,0.0,0.0,0.0,-10.8958,-85.91689,-156.9823,154.8415,51.55967,-201.0,762.8909,-201.0,1494.247,-201.0,1.766449,24.99345,61.04824,0.1119873,0.06170647,0.8159437,62.49706,48.92295,63.39246,41.3732,61.7446,1.0,6.0206,20.1767,201.0,55.08447,1368.165,4311.718,21.44964,2485.746,23.08245,3875.029,37.90709
451,0.10769806778065798,-15.513926930022654,26.21395744085865,0.003180781743452106,0.0036990727467381746,0.028352286299096106,19.34599483896487,11.524063478383706,5.896830946272516,1.577827069137531,8.242413525025459,0.006297717661400954,0.275695369494803,2.0428843322073758,0.7191858798414162,7.288613968974995,610.236330293135,1398.4113341350287,-145.70110338279804,1594.1704397007215,-149.3131019226178,2558.0927717284276,-151.7434593840211,0.1895321877317727,8.095750826835397,10.071504367331485,0.028784116994953892,0.01746520866211938,0.12219375586695078,14.036383818809071,10.862713803120705,12.929095566433,10.886813499571298,13.328377634519692,0.026910666169177658,0.7648461353616165,3.642020287339627,3.1681653173418924,12.691881570000447,163.34487870223697,200.94206551926365,86.03535921809384,206.89689579970232,80.39048924230924,229.5512297469532,76.54173610892724,0.01512428,-43.28447,-23.61331,-0.1084001,-0.07651165,0.0003599186,-37.05822,-30.82412,-54.92175,-69.53225,0.0,0.0,0.0,-9.176229,-25.13987,-105.3513,188.4632,76.29095,-201.0,841.894,-201.0,1595.525,-201.0,4.315711,26.25778,56.94728,0.1155862,0.04991942,4.543872,59.42147,62.83301,62.23831,39.90705,62.21082,1.0,6.0206,25.39303,100.9203,60.40284,1392.786,5840.631,33.22342,2480.732,35.8707,3836.635,43.64292
452,0.04930492484007425,-16.125949976249697,27.331779048604414,-0.001255019748045445,0.010875924926562208,0.008242843469012768,18.02480106148402,7.798257173855366,5.481249584628383,1.6310109281076424,5.255102321201553,0.0037849892309363784,0.1221345103255105,1.5096971069870053,1.292596368582717,4.081801245367609,631.7329009742926,1402.3692153704228,-170.29805516768377,1605.3035665016591,-172.26681587356234,2550.203549969061,-173.5618948839399,0.06260637010348112,6.638484831861341,8.068996869541971,0.0276324194008309,0.012871296101061021,0.015554852477271038,10.46315679722711,9.123643300013208,9.68051407446029,8.561999593535635,12.325139033727465,0.02662001814558659,0.48154562962933223,3.7198947764728274,4.29593904490575,9.998085460377085,161.79960499546505,195.51064720110304,70.03579015016548,198.65079231176384,65.47084440346642,228.09568230459317,62.4803921106936,0.01511154,-46.28811,-20.22326,-0.1188655,-0.05452945,0.0006614617,-31.48699,-39.85051,-41.47413,-51.06304,0.0,0.0,0.0,-4.530881,-27.13369,-20.71916,142.2684,195.333,-201.0,836.6013,-201.0,1658.222,-201.0,0.930955,23.26114,61.07713,0.1223486,0.05362762,1.025335,54.19102,46.30754,54.01692,32.45409,62.21149,1.0,6.0206,24.77518,55.85666,57.59436,1298.646,4230.055,24.93773,2565.182,20.51023,3680.274,25.96559
453,0.05016596486835858,-18.04830876439805,30.527257611451162,-0.01368902338434985,0.012108425024007373,0.01355780024598002,22.13635514912387,9.59335028118181,7.383998303836449,5.857259580713046,3.7200078963535765,0.003490080848248602,0.23754998938980781,0.6123435302569058,1.10821940731007,5.30944646120236,617.7010576538078,1400.8138959407738,-164.49295076188096,1588.605703133812,-166.89182870984948,2539.8207298274174,-168.50778107345062,0.05370860855992905,7.189109533561429,8.494224437764045,0.02385394389735438,0.01285442680188434,0.031179901243288153,12.303561905237851,8.025144193362157,10.13954711375612,9.418123923465911,7.872697588421897,0.013195883725398367,0.7445780188083879,1.5240631640252635,3.0898735576931156,11.711864870333796,206.04542407141182,195.1708939345773,73.52999700722359,248.4832369960528,68.69180073414825,295.6402386480444,65.41957795210479,0.01485114,-44.75265,-28.50141,-0.1133046,-0.06122649,0.0006692344,-22.511,-28.63666,-37.53371,-43.80075,0.0,0.0,0.0,-5.812984,-93.80507,-68.99089,182.3507,328.9629,-201.0,870.6866,-201.0,1600.481,-201.0,0.9276237,24.49817,60.03589,0.1253607,0.0543767,4.7883,59.14494,45.43914,54.87686,46.83362,62.20971,0.2747987,6.0206,22.88077,109.0553,60.46076,1421.705,3716.898,15.65315,2700.2,19.37514,3961.52,38.27789
454,0.05657986018321808,-17.035011595241627,28.237064354125955,-0.0022922073392850646,0.006562726538117253,0.013260624813322804,19.349077426247845,10.81654404181616,6.994840860594377,-0.8456648877450764,4.411059307801383,0.003357762280895194,0.16518566303939253,1.0621545570535587,0.8019901797571732,3.7760805511455797,612.8233222697647,1411.2917774677844,-172.9038019188973,1596.1033037240659,-174.8370281407164,2551.8182978257623,-175.9979774134223,0.08490557126304757,6.3496348948380685,7.581778237122751,0.023885288547769567,0.014673004029055064,0.03519880525321008,10.724733368186822,9.117860021113131,9.966586586059762,8.649865086135799,10.951909212299775,0.02047269348116787,0.605991138645412,2.9188699931245883,3.6368204379675886,9.86566451704122,162.4325912913582,190.2054525494927,66.52721671130736,208.13646027981628,61.84700861658694,233.12064338795926,59.05011088528151,0.01515181,-42.87389,-17.48042,-0.09831983,-0.0639466,0.0003564564,-26.56385,-42.05052,-42.61405,-65.15736,0.0,0.0,0.0,-5.405827,-108.7429,-104.276,148.1158,648.6663,-201.0,834.1753,-201.0,1596.921,-201.0,2.303131,19.08259,57.87724,0.1207431,0.05269398,1.762082,57.64864,49.47699,58.95687,33.74089,62.20944,1.0,6.0206,24.83122,201.0,52.95744,1363.016,6152.383,39.8117,2534.167,21.53637,3703.492,7.768439
455,0.0748775648009811,-16.300338075047307,27.570161385622463,0.0017158364055653375,0.0064516139462647394,0.014940244218895464,22.684855727526926,7.836925200811779,7.023609197213873,3.0028374086340097,9.207430545868993,0.007444998244792049,0.2729628670789411,2.336248643745877,1.4689117560517915,7.421519212149484,600.7647277120158,1410.3969188168176,-141.62101518817096,1590.863869476659,-145.54598212438424,2540.464119904556,-147.71952420247945,0.0835680269843226,7.424156829437343,8.719671627685003,0.028187438092412496,0.015734604294604757,0.020063607316539517,13.82228120578004,11.730609424092872,14.052233911535454,9.515690613351481,14.191218725524026,0.028554961659599778,0.7356068539551984,3.9774513943844796,4.593240540430397,12.581208220659382,170.6663170750605,188.0217946802396,88.08183695736695,213.1928465930136,82.25689186114843,232.2098768618108,78.97572613007833,0.01535195,-43.26117,-30.56042,-0.09679794,-0.06479374,0.0003601967,-29.16699,-42.88419,-49.04358,-44.21312,0.0,0.0,0.0,-7.855102,-33.29379,-33.83741,147.5515,246.9108,-201.0,605.239,-201.0,1647.188,-201.0,0.7353986,29.18161,58.52485,0.1124784,0.05602714,0.3128804,57.32924,48.19332,66.78458,43.27977,61.82928,1.0,6.0206,18.34906,201.0,60.82617,1320.551,4939.19,29.50553,2496.883,26.34142,3713.905,31.84966
456,0.09398108361977113,-17.62192160784858,28.638986525659305,-0.0012536021928757138,0.002931298216335244,0.02304982954997734,23.494384252451205,9.804724682374854,8.968882299224356,0.5524431508756847,8.887046615114434,0.007071310711276003,0.27288874479883296,2.4502859689506913,1.3391174789417506,8.267972440509405,644.9236377385,1407.7205601914798,-145.95095735053968,1637.2926255449809,-149.8806290349059,2587.172601291639,-152.1138170229105,0.10206983478773077,7.797312104089184,9.155442403026335,0.028023750027541986,0.01821639155913142,0.030625131902375098,14.778383889772757,11.462169336211378,12.1001242181564,10.67626833183551,14.036682665309609,0.03379036584526929,0.7871430818293504,4.202909649082131,4.907225722543913,14.147093581862919,173.9592801285708,194.7252332189846,83.48901944910085,221.7210207402338,77.46527880517704,253.44728088232577,74.00835895402336,0.001033966,-44.52271,-30.42514,-0.11249,-0.06661636,0.0,-30.7428,-42.24292,-35.03386,-56.74189,0.0,0.0,0.0,-7.656902,-133.0954,-99.67117,0.0,0.0,-201.0,0.0,-201.0,0.0,-201.0,0.9100962,28.58592,59.34505,0.1215125,0.07636364,0.8412346,61.64481,49.91853,59.8598,45.78934,61.74732,1.0,6.0206,17.46413,201.0,63.64061,1422.408,3981.758,26.77316,2568.863,15.15357,3874.524,27.12456
457,0.07255249556077534,-18.66791930913415,29.92200512997626,-0.01527173811716272,0.007204995847347772,0.017995460881852103,22.755934324262896,10.017149395831337,10.599187654012225,3.812098311848407,5.263455110741568,0.004847538394836335,0.22893636110557603,1.1074582296215736,1.0832083436392663,6.731555575631033,623.8126260292055,1368.5086386977084,-154.94215234792256,1601.5480458119837,-158.24378238951837,2566.513603907915,-160.3494445372873,0.07785022107405061,7.613341297733322,8.591168875730379,0.02699002128537516,0.016575555638131848,0.022315688952883037,14.351550056456981,10.397145422624423,10.543264985858867,11.522924475924942,9.679147760984616,0.019262356406070245,0.7029863654504592,2.296005157955993,2.8959339943383346,12.845471283423255,205.310937093488,202.53072352572465,81.21605962786661,252.46391689798406,75.40271848960896,273.975457848814,71.60941222170253,0.01517965,-44.1542,-29.17407,-0.1119352,-0.07961408,0.0006828166,-31.5125,-32.07579,-45.30082,-72.40045,0.0,0.0,0.0,-6.178877,-65.03316,-100.6292,131.4529,350.8354,-201.0,776.2603,-201.0,1669.352,-201.0,1.196186,29.21915,59.87416,0.09153806,0.05625522,0.8167208,64.30195,56.09093,61.95074,43.11649,62.21137,1.0,6.0206,24.60581,103.8375,61.32035,1430.735,3960.812,19.79303,2499.663,11.15924,3902.759,11.30863
458,0.14747232706870952,-15.757317156894109,27.34233341510905,0.012096882890043454,-0.001160101149733037,0.027915699239237615,24.312898028512826,6.075466744097671,4.249842281246936,-1.685393731706548,13.617388204391093,0.007567378605119233,0.2757675519561523,4.056878205359722,2.202311203336207,10.633514437646502,632.6102341431052,1390.9111926815142,-120.73320987193738,1619.1815730290105,-126.09588893150733,2598.714602116569,-129.74178409126867,0.1538286446099349,8.36139401372322,10.070758798966542,0.03607215081986467,0.019714899489663484,0.07079657998104157,16.01289885464429,14.502443408466279,13.406961033928049,12.129836791647522,16.69304125000799,0.029330860879505545,0.6587160733490031,5.3804639679534185,5.679943179819578,14.379527798010336,172.2517339526758,204.95179915887812,95.37325911601668,228.2176551378456,88.97284284646271,250.09131227038256,84.60062018636951,0.01521564,-43.77639,-15.9261,-0.1152286,-0.06785554,0.0007410985,-33.30791,-52.48134,-55.26306,-63.07546,0.0,0.0,0.0,-9.039864,-19.24074,-10.69236,130.3456,348.3069,-201.0,689.7889,-201.0,1544.971,-201.0,1.840745,18.95396,59.10152,0.1468528,0.06103057,9.514613,61.16382,55.93046,59.77543,37.05283,61.58395,1.0,6.0206,20.43047,105.8465,66.37558,1430.552,4690.839,25.52563,2564.966,19.41607,3893.923,18.44254
459,0.048949522573963705,-15.937629202738385,27.12621050301485,-0.010114490629912543,0.01298120287708573,0.008247018362855562,18.656531836194322,6.670420948212353,10.672467185941125,2.5139535036189966,3.9595767742365653,0.0028030336956062856,0.18378848048908059,0.7455296144858146,0.874241847458894,3.6562246332578705,597.0203516062654,1379.0841584091213,-165.14141338367884,1572.5816253767168,-166.76872524435217,2522.468026331716,-168.00583343371486,0.0491560909545509,7.4533725959805235,8.951828124989724,0.02127862703641396,0.011896718889814525,0.008665001162222852,12.22321332195016,10.43091745088151,11.586983678673924,9.95540062673425,8.512866478712908,0.01119452733457497,0.6248411766495313,1.7931656803228817,2.6675291803773145,8.370611521917846,184.6143549055469,205.9414810912749,73.87234890685338,216.52942262011587,70.5712193376721,234.3943787504836,67.95220082173417,0.001033966,-41.99912,-22.31189,-0.09174486,-0.06127675,0.0,-33.48546,-40.00438,-36.17466,-59.73545,0.0,0.0,0.0,-6.15223,-29.83678,-40.66585,0.0,0.0,-201.0,0.0,-201.0,0.0,-201.0,0.4417719,24.68751,56.45395,0.112,0.07636364,0.1896173,55.38129,48.67781,82.3548,51.55513,62.21,0.5261636,6.0206,23.16851,140.3228,51.03043,1337.582,4431.09,15.71222,2513.618,20.05944,3889.031,39.58201
461,0.04266313068087102,-15.426109920943611,26.498840331985313,-0.007454741289068048,0.011753413642137955,0.007367943259729566,17.18028434484907,9.32578616620441,7.640231333021752,0.7011074427022229,3.498693037935989,0.0031053298126520554,0.1733430958174834,0.6631415307845342,-0.06050644332510113,2.8991591293942265,597.4872180499087,1383.996885379207,-171.36116905751769,1559.8649502715537,-173.14440722092348,2495.7701922579195,-174.44704184764362,0.04685948125626443,6.9668475341102685,8.292048848686495,0.020401220276015465,0.013454005857822866,0.01107296219196288,10.901699162969225,8.171534254890036,9.592032045620432,9.956305594181934,8.368975255979295,0.012619215755639672,0.6265669313059861,1.7678392051376275,2.723593968649816,7.7982919473178045,164.70143770743348,201.48486514899037,67.99969678016618,212.36359059003274,63.918651458701405,237.91741211950196,60.86232912809206,0.01196669,-44.2869,-24.34245,-0.1135226,-0.07582146,0.0006151237,-34.39748,-29.92877,-34.92189,-71.58553,0.0,0.0,0.0,-5.951411,-95.91059,-75.52357,194.0523,53.24068,-201.0,760.8516,-201.0,1575.01,-201.0,0.5706937,25.50326,58.92258,0.109369,0.06098664,0.6443451,54.38964,45.95676,71.74841,34.68997,62.18346,0.3558147,6.0206,16.295,106.0425,52.5592,1340.11,4079.625,15.82546,2631.235,36.40905,3639.602,47.69087
462,0.11611834632189269,-14.213350447536367,24.198202767866587,0.011568774152777754,0.0016442816875235921,0.021678694382656637,21.840240105726117,5.551590859532825,8.552407328054375,-2.078406587648807,11.823739077286577,0.007749959736098409,0.3561441344552733,3.0932150795612348,1.2590638443073245,8.536618068292846,617.3911083110531,1393.4633351934758,-126.21805826554926,1608.655094645485,-130.9180537232594,2560.7012016000326,-132.99226994683187,0.12205465495081975,7.939860358197732,9.479457244770789,0.030525995641841417,0.017424699385369093,0.029596347341181942,14.148599007670992,13.976297026076606,13.910572299952468,11.667998972881684,15.391108627212734,0.021761440810511658,0.8352042462889222,4.43979864770309,4.63041678363068,12.374893350585733,156.92993525300466,192.8270125149882,93.01232974259251,187.212044861878,87.14963816653481,208.11779200374343,84.47354481455089,0.01520281,-41.02668,-26.73,-0.08156384,-0.06926436,0.0007590535,-28.4877,-49.79857,-50.38247,-67.44582,0.0,0.0,0.0,-9.437868,-21.72533,-101.5087,169.599,374.7279,-201.0,807.3887,-201.0,1626.756,-201.0,1.15693,24.0311,55.4838,0.1180768,0.05292782,0.7321846,54.56151,48.37597,65.74252,36.11203,61.96868,0.6594645,6.0206,18.04919,48.82556,57.88802,1293.563,3286.523,26.61557,2417.652,20.63239,3562.935,11.48446
463,0.0803522107359883,-16.054727816797616,27.315749263259484,-0.00403517654218566,0.00581884692650946,0.014929703228833295,21.77020434342979,7.067539192009007,9.181113151407356,1.2912569700336367,7.084560300841061,0.004906731212372942,0.24523492689183618,1.8957521269483502,0.9021845132260693,6.691638844087414,600.2918865933434,1368.3636763867923,-148.67438390817003,1583.4606610128676,-152.22581386528105,2540.3589501353845,-154.39230035500324,0.09485118628746352,6.860257775723388,8.119242198163244,0.024833861652518822,0.01637164504120008,0.02153471471830107,14.061606706869007,10.860918169442614,12.533565293222736,9.930714867100024,11.769479542491103,0.02031760994425381,0.7323966294313236,3.3566822679480537,2.8240237879821035,11.697018051274785,160.58988381458107,182.50972330494227,84.63624844133024,204.14850972943572,78.92483056148406,223.49625738852217,75.37633317261749,0.01495287,-43.96568,-16.53789,-0.1074949,-0.07365096,0.0002314438,-30.0871,-39.62234,-32.36982,-53.93264,0.0,0.0,0.0,-3.542961,-97.0415,-76.06216,174.9034,172.8676,-201.0,687.4961,-201.0,1621.01,-201.0,0.6287536,21.82136,58.11262,0.1105915,0.05727827,0.5221103,59.21848,50.53275,67.71601,37.82759,62.14454,1.0,6.0206,24.8838,103.6366,51.00747,1383.147,3801.114,34.67072,2550.121,10.0815,3943.73,0.4425338
464,0.10151236625377488,-17.949607101465688,28.7825233968867,-0.013955765519268935,0.006619047238660166,0.02379203798187337,23.343571975123904,8.593782014686294,12.984144421946613,5.002443329074958,6.685091994572314,0.006249256473680807,0.36967242696141467,1.352632159799747,1.358798105318477,7.645356228401485,613.6846071947438,1389.5299010498284,-141.5138342779629,1598.2475391956416,-145.24370050652527,2575.778261998041,-147.14706316513448,0.11495581961691849,7.641985794211432,9.306865708027876,0.0256093418288541,0.016453664085430662,0.030065445440827187,13.71305333956144,10.912779633563085,11.612332920222197,11.511173550238825,10.218251620990827,0.018014754110190358,0.9355675981817596,2.31285906204137,3.444131419304562,12.430224730000893,208.0454462058213,211.4975709298749,87.71165577662346,245.81966641087007,82.26727057241074,246.46591401859817,79.3686442825667,0.01503126,-45.86617,-14.72439,-0.1226346,-0.07247767,0.0008420251,-26.99909,-34.57365,-30.83403,-54.29672,0.0,0.0,0.0,-3.661794,-9.672951,-8.905057,114.0963,463.0448,-201.0,945.5564,-201.0,1682.85,-201.0,0.7684109,17.50179,58.864,0.08760009,0.05771742,2.042867,58.24055,47.43132,64.9508,50.98549,47.95674,0.3530081,6.0206,14.57298,108.2086,54.68002,1392.647,3812.339,14.80032,2695.579,8.426991,3843.904,5.404381
465,0.1816996967902732,-15.859690867030478,26.89820684322295,0.0007431641662901821,0.001354479206567037,0.05048016032866882,26.573824151774264,6.586215766077147,9.69225677336438,1.9150707872510728,10.87145027553775,0.011034649920828882,0.4909042690178535,2.369896579252176,1.4530341853999382,11.027040644845082,551.4989163181967,1385.0744562268953,-112.3077101781145,1511.5613098471435,-118.12403850172228,2470.0231720284046,-121.73654624696563,0.2027056246628963,7.3254546018683016,8.502825177525079,0.029149114496576787,0.0189258882225915,0.07508981761730112,14.467573836996632,12.128204068471668,13.006655617217417,12.79415537654472,12.296153994085474,0.02793426610341072,0.8856895799543499,3.0429022309874063,3.9063976855104627,13.723219303881722,178.43230613627819,200.32970236850133,97.0160897648234,219.0485705400977,90.71869699401792,227.52280091291686,86.68831075146207,0.001033966,-42.81937,-20.07657,-0.1081033,-0.07363234,0.0,-27.14021,-48.56858,-41.47032,-72.74834,0.0,0.0,0.0,-7.208347,-85.05801,-66.18576,0.0,0.0,-201.0,0.0,-201.0,0.0,-201.0,2.763009,22.55108,58.34108,0.112,0.07636364,1.987772,63.52107,47.24984,74.30509,44.61377,56.68543,0.9304179,6.0206,14.50946,104.808,59.8162,1518.84,4653.893,29.32836,2602.153,36.64075,3796.259,23.06642
466,0.06991890987385008,-17.72222164381729,29.473187107540326,-0.005431301188930857,0.004656266657272862,0.013957772782321133,22.598721274494558,7.843719522566393,7.704838220777771,0.18633644268986413,10.464238163548032,0.005552571714001961,0.30089754696759435,2.883672494369309,1.3094676965130039,8.29392137241338,600.5031492265656,1366.2785588167699,-134.49134119933638,1595.870705035783,-138.96222333842837,2616.1883360146576,-142.03472600042903,0.07041874049024696,7.730108862899669,9.189392143617383,0.02727966950676899,0.015390521524028672,0.017637943225434712,13.704238522719738,11.849490561512061,12.147014630023396,11.209773310812599,14.808071371763566,0.0197778097195114,0.7300210781914277,4.301038774076381,4.18701821718544,12.691746586142377,178.2035852931126,195.57515418485016,90.9642238890518,211.47577095159724,84.8611277145487,231.2975594065445,80.61551559941925,0.001033966,-43.65594,-14.32253,-0.105499,-0.06508308,0.0,-33.13411,-39.23963,-46.82203,-70.17926,0.0,0.0,0.0,-9.988072,-22.29983,-21.64088,0.0,0.0,-201.0,0.0,-201.0,0.0,-201.0,1.082782,17.46308,58.35101,0.1168498,0.07636364,0.8031009,55.99399,50.61708,65.63288,36.94232,62.0557,1.0,6.0206,19.37195,111.4988,54.77394,1487.668,4221.957,58.17537,2703.299,30.61531,4018.889,33.86818
467,0.06459790574172371,-17.108880608484412,28.09383411560064,-0.012902937643050706,0.010152688108072348,0.01818034658083232,19.6749217009332,9.15965328308874,9.665841295706274,3.4433612523848494,2.713905562528685,0.002497641605238412,0.1542377313696211,0.4021153399381208,0.48917659309398753,3.6553504291251775,604.4744039829983,1372.5832037794585,-172.35953921036034,1580.1078138556863,-174.10752013789812,2526.109785105661,-175.23188610122122,0.0834683625494596,6.620572405298047,7.811854916389985,0.02125749512595383,0.013771813988290499,0.02659447480606855,12.065583284329835,9.058094717230954,9.52625071129499,9.177333179854154,6.670673535757643,0.011414379590533479,0.5727750985818849,1.2159110812771439,1.774708165932861,9.23727793905603,182.8954231750703,190.5434401904543,67.53720722395948,232.59616014733956,63.46023333261584,248.0763063405503,60.75824213292437,0.0148782,-42.75923,-12.28794,-0.1062615,-0.06294661,0.0005877174,-23.08186,-37.46272,-34.18146,-52.70604,0.0,0.0,0.0,-3.65831,-11.23933,-15.4568,126.3764,512.2074,-201.0,840.311,-201.0,1751.184,-201.0,0.8333426,14.82767,58.47013,0.1094057,0.05976945,0.5858871,56.38797,49.84214,65.353,47.78374,55.16767,0.4924425,6.0206,16.88255,106.0872,51.85974,1392.332,4415.458,13.75089,2682.615,10.13532,4005.32,-1.215443
468,0.0942602022971391,-17.706380311665303,28.8432745575254,-0.009826145404676367,0.0045309102993484306,0.02443561144739559,23.117417612300795,8.452624422165085,10.718139060504084,0.9773718103277642,7.585797344927412,0.005928540002838224,0.2994768512391437,1.8255185672695826,1.1981456604617544,8.587395451727403,605.5737213067817,1355.4704775426794,-140.59725131961068,1587.2898295244584,-145.48486133027376,2554.37551450679,-147.989552949206,0.09446246617335875,7.703004754204734,8.99643975125654,0.026519521616721498,0.018122637730462486,0.0340005306343053,14.496156354346738,10.100441154172401,12.481965568813596,12.137464971039837,11.465568537842703,0.019562238329180557,0.7279037799006391,3.0052264743115997,3.422614391482051,13.518954890321629,187.4569312339116,189.22250896065043,88.51801749963562,229.71052704752842,81.36009208490763,244.20883626600758,77.57515155021717,0.01429702,-45.57504,-13.14893,-0.1163644,-0.0761306,0.0004812384,-29.12981,-35.88643,-34.48972,-66.40238,0.0,0.0,0.0,-14.27637,-12.40362,-101.5715,191.9646,478.3086,-201.0,878.2651,-201.0,1559.419,-201.0,0.8278905,16.5065,59.84101,0.1054212,0.05153279,1.156634,58.20396,50.47557,67.23847,47.45344,62.20923,1.0,6.0206,24.2945,195.4559,56.70282,1314.033,3977.328,23.70514,2618.394,17.03021,3840.224,1.5619
469,0.09403167759298713,-15.04075948022657,26.41987875372293,0.008802110978865817,0.004223089319560634,0.015759555752980915,23.386872575998353,6.539195599455216,6.993192072249686,-2.549031546130132,11.779645968930316,0.007659530781096847,0.28692983057298715,3.393225969835093,2.682091249057683,9.190170850547297,614.6773270710164,1391.9647527249,-130.3436290315083,1580.4884338508652,-134.93472945557454,2553.297586160674,-138.07945634588842,0.10528730688315463,7.9926629399596925,10.175864432753293,0.029682640326361195,0.016506955626468464,0.025027286997387002,16.103276786929527,12.70287104565958,13.287968758030768,13.375670115044139,15.95906875291752,0.03512118780419727,0.7367961633938358,4.976628336892554,6.920586268538472,13.993179172755374,160.4109413714457,202.0161489019981,92.22095103188374,200.3934398362079,86.13453135011336,229.3476402925435,81.9884578078923,0.01452374,-42.65199,-25.40777,-0.08861944,-0.07096491,0.0006150717,-36.79593,-47.77104,-52.29974,-72.62531,0.0,0.0,0.0,-11.5062,-31.8361,-195.3987,89.11025,67.57426,-201.0,777.1209,-201.0,1510.92,-201.0,1.760485,28.41456,55.9297,0.1284695,0.07955288,0.9970179,60.54477,60.8759,63.56363,37.06248,61.9953,1.0,6.0206,21.9305,113.3059,60.79136,1378.212,5461.971,37.97233,2593.938,30.14699,3717.769,42.03812
470,0.16510843786008142,-17.36681663066913,28.600492140331706,0.003475231714280515,0.0037181450882719557,0.039423016355919265,22.13830885229368,10.211287786395962,6.955323241563906,2.4883326932261722,12.818800050770987,0.0061480156212293585,0.2827859941974939,3.980674277551477,3.1096442346739273,10.350334328257016,651.1360566981064,1403.1749534519038,-128.9044558135778,1639.085422208381,-133.9242618623136,2610.601731499995,-136.8537761547081,0.2058601392378789,7.996553667916636,9.385922234155899,0.034311684500153726,0.01839037548875335,0.06660482579958416,13.39382917307797,11.884414304948624,13.774077967916043,11.77952174476109,16.603322650285982,0.01775463963189201,0.7063011936850947,5.427059899677859,7.041246526982943,14.739815567763689,179.16083876490924,199.04372053890032,91.18515444760142,221.42362945720814,84.75636448507497,236.6230746979432,80.97385843437749,0.0146899,-46.71815,-16.53783,-0.1203884,-0.07202509,0.0004717174,-30.22963,-38.41197,-51.23599,-66.63315,0.0,0.0,0.0,-6.144358,-36.78741,-8.403581,151.7306,407.9222,-201.0,765.975,-201.0,1532.47,-201.0,1.734076,17.54714,59.69944,0.1191578,0.06372295,2.600021,61.51556,51.64326,63.97699,43.11781,58.4286,0.6955187,6.0206,18.19238,196.6203,60.88431,1378.363,4292.635,31.55023,2598.178,21.79042,3971.648,2.265371
471,0.0904222634356599,-14.835619776152415,25.37883405572968,-0.0013638319224472167,0.005382838468440008,0.01628672209664382,23.684559732918995,6.326762377252638,10.998819862206519,2.539855544011701,7.947600600695352,0.007120815574317109,0.3405400695910966,1.6824684437642383,2.5260229765080062,8.02579915891698,558.8921785596576,1355.2396704307764,-132.5699398138242,1521.2576062702224,-136.22928518454034,2479.923250949577,-138.46277819265862,0.08829271227734047,8.163151424772177,9.38899394741409,0.02359549113243048,0.01822599514671327,0.017764276758793923,14.724825524936254,11.506117756230035,14.32018547388497,12.840627714288525,11.032060792352125,0.019547452604807735,0.8109989896959099,2.6677324753167233,4.867078841537661,11.789117965808522,183.12676407257732,215.99477801609783,90.89595039823254,231.37373616359085,86.1022203903414,224.86915616421615,83.03933804049453,0.01441058,-46.67615,-35.53976,-0.1083419,-0.07438204,0.0006194769,-34.8415,-39.73874,-37.18825,-64.70931,0.0,0.0,0.0,-4.314822,-32.52036,-36.22377,117.4961,52.72053,-201.0,867.5283,-201.0,1710.611,-201.0,0.5583909,33.39273,59.36725,0.1023822,0.06861684,0.2922546,59.26187,47.95358,77.36448,51.42982,61.47227,0.7575066,6.0206,17.11383,200.673,57.61037,1410.889,4052.296,20.95647,2469.335,10.90687,3679.659,36.22381
472,0.07525395867635332,-16.87124446287029,28.02372468887023,-0.002930774708998894,0.005996453789468825,0.01420527909486245,19.278341652320872,8.38867400940948,6.011181185108145,-0.6185181138009896,8.857539278705591,0.005303330009049348,0.2096765699273766,2.6735828690095356,0.8693868298228764,6.035652991023522,658.1156589738193,1373.2870185433462,-153.3368361665098,1650.0961611333835,-156.8021251968514,2609.022442167981,-158.64010992476952,0.08969724028491559,7.811522120429735,9.292028542873101,0.02868568116295838,0.016343225289303875,0.02271610651922838,13.801314554427085,10.471112488882316,10.711011996762732,10.407138899605583,15.49975211026454,0.02607094159881144,0.6613178497059703,4.97617645919785,4.279688266710827,11.330527634858027,166.93204806689027,203.64675437584282,80.9225000480866,222.41601146059892,74.82935485246715,241.32790355263108,71.62813335853123,0.01478533,-45.98047,-22.02471,-0.112743,-0.07046952,0.0006367413,-37.41791,-39.91585,-46.00449,-69.77697,0.0,0.0,0.0,-9.231838,-95.47478,-119.0116,156.1375,47.43867,-201.0,821.2103,-201.0,1655.451,-201.0,0.7675081,26.68371,60.41537,0.1245752,0.05255301,1.341701,56.47429,48.58286,62.14557,33.6139,61.78534,1.0,6.0206,18.78549,102.7043,55.79791,1449.987,4027.928,33.78681,2475.684,14.64711,3886.779,38.10578
473,0.046973826857073187,-17.774276122071022,28.91169342513366,-0.00920422216505864,0.011720954594401242,0.00982324096951057,16.68540401957629,10.051507350111562,8.886842884136755,1.3160869755717597,2.8802940351173394,0.0020989658967101883,0.10966449745751963,0.6873049763800383,0.5221339903086086,2.255635797345752,641.7201005346388,1400.2622016076689,-182.15082028879098,1638.956476702872,-183.30951013478338,2583.6621484795614,-183.83830881666216,0.07924584656566906,6.524810418842515,8.068304577502063,0.024479042803997965,0.012053906318901133,0.02210442418934996,9.147249414421148,8.994108882786579,8.975210563791501,9.510371484259252,8.899944853385758,0.013939346536209754,0.5301278061415948,2.3162703009664813,2.3642241959130232,7.579265337127769,177.56841605866558,188.20309189386043,56.165638760118,214.5767309141498,52.68140132196451,240.51487646501917,51.09157265154552,0.0146619,-48.59375,-10.28286,-0.1303994,-0.05675117,0.0005436543,-25.76673,-41.79792,-33.52621,-64.85792,0.0,0.0,0.0,-4.680539,-15.57446,-13.30724,194.6156,799.3456,-201.0,851.5881,-201.0,1679.101,-201.0,0.7802091,15.66635,62.87599,0.1076398,0.0540165,0.7500827,58.85113,44.84185,60.99966,36.27016,62.21049,0.5355307,6.0206,25.34593,43.48548,58.49683,1479.222,4557.206,21.21534,2542.406,11.66365,4007.563,2.940909
474,0.12690399767676114,-15.748006204429245,27.10889398221181,-0.0011424218078567307,0.005543615828745317,0.029997110837434754,22.61187049738952,6.483381724094346,10.278453879813144,-1.5282792159039436,7.29691382285061,0.006285441371375588,0.32685474435967937,1.585363140256941,1.0173939590846406,7.079575176321125,598.3795783605107,1367.7189774562141,-141.2611454146405,1564.6400324446743,-145.1229079451682,2539.4095789763173,-147.3554907014023,0.15254726964114057,8.030912353607171,9.244196210015593,0.028494961029848897,0.018829734370560413,0.04296795627355939,14.748095703126843,11.83495945987883,13.298795008136112,15.025329806678233,11.27041467901966,0.01874627213921338,0.8150480607280687,2.7576883486863246,3.091007980311089,11.702610165962962,187.38212973517287,205.83838685796442,89.21961374483665,230.40692350683403,83.49906868232954,240.82625253700644,80.06601286047628,0.01497886,-43.58849,-22.16729,-0.1106627,-0.07763445,0.0006547593,-37.65498,-40.02208,-43.73297,-88.84803,0.0,0.0,0.0,-8.174518,-30.96473,-28.26606,148.0565,60.50114,-201.0,911.6865,-201.0,1659.519,-201.0,1.309707,24.33498,59.51648,0.1042485,0.06779,1.009733,60.5177,55.10601,70.84792,44.81219,59.33247,0.5236247,6.0206,17.26018,141.8809,60.45302,1542.435,3808.108,29.99911,2544.286,34.60497,3795.986,32.37711
475,0.06170330266921007,-15.476775325190637,26.757822413378104,-0.0013397498589056292,0.008687431674555927,0.011638617008730454,19.731348749129506,7.098975785582906,7.61879072679957,-0.4061056462129628,4.272163202302687,0.004056183363111523,0.1968738836191709,0.8907128562169161,0.588154957958889,4.1549774917839,588.0849040842047,1387.0799927751475,-166.27783182962017,1561.0619376060224,-168.1932426625473,2497.232900892462,-169.7111467851233,0.0770544346112529,7.266893569592533,8.691184803441615,0.023752083467791823,0.01349689757000437,0.017339346312467377,13.793768087599544,10.765010394754398,10.36576359794255,9.8602300766606,9.354009706431603,0.01664288936427346,0.6770243214553981,2.1791992158238345,1.9082014432772716,9.591785740850634,163.10170198767642,195.56754222718467,73.36158969348169,205.14346796267833,69.33742382837774,229.33621193090084,66.09702862402712,0.01404507,-46.54671,-21.61624,-0.1238296,-0.06474435,0.0006339411,-32.60108,-42.18635,-32.83354,-61.3866,0.0,0.0,0.0,-4.075834,-37.54265,-37.54265,171.2309,118.521,-201.0,801.6075,-201.0,1744.561,-201.0,0.699147,22.78425,60.51351,0.1035688,0.06069535,0.5746794,59.51501,47.05745,69.25185,38.78617,60.7593,0.9876458,6.0206,16.38832,42.54225,52.67555,1359.538,3935.008,15.75306,2535.548,23.26784,3615.101,30.56847
476,0.039218222012931105,-17.451055094405334,28.895471045986607,-0.006711544135048968,0.012757468289414618,0.007798357744733721,18.132417446650695,10.660569205901988,7.881891641719294,4.063481170993188,3.885622512939321,0.003045657048034373,0.16723827260956936,0.8713785281021836,0.4893600034660127,4.189259841491268,612.1633735429915,1381.7881409309741,-169.75311466116568,1590.4481561361138,-172.19346369489543,2556.0050521187623,-173.64255335559722,0.04012621204251423,7.279396040848064,8.521852953410233,0.023584120914141637,0.012809230057988681,0.013516992119572056,12.161106013738289,8.456822306519149,9.538498628932826,8.838805637031575,9.141412764258213,0.013661376615017146,0.6077195608055387,2.2751862954363675,2.179486508805836,10.216777200790029,187.73510669977694,195.69046470095512,70.20850641999293,223.0292714419622,64.71374582072691,236.2398048213445,61.38400949558333,0.001150668,-43.77835,-20.2201,-0.1002205,-0.05553564,6.289839e-06,-35.20672,-32.82298,-36.16135,-49.11516,0.0,0.0,0.0,-6.00187,-30.91234,-201.0,0.0,0.0,-201.0,0.0,-201.0,0.0,-201.0,0.4072535,22.03145,58.99972,0.09711641,0.07696561,0.9798231,53.6617,48.8466,59.49855,48.23592,62.21022,0.967517,6.0206,25.40502,55.79092,53.27425,1377.545,3865.621,13.3113,2576.22,37.4246,3692.451,38.40347
477,0.10506441705158699,-13.953614071329378,24.674000519258094,0.007718766070458372,0.003136419358351402,0.02154615625846927,21.550759425503216,3.5513197586770753,6.628198462066789,-2.0936875864407796,10.806884540538372,0.007547013850119806,0.3532862453323262,2.6637632117238814,0.9367038564701197,6.784793047150815,617.0394407119323,1382.3779924789071,-135.59982148095992,1599.7102231000404,-139.27908331345668,2542.9783662274,-141.53532497103808,0.11864572395655999,8.079116245283615,9.516534407490802,0.02805519336882433,0.01656939630389921,0.030034460690033783,14.854456429653482,14.31734824777847,12.820489032509027,11.863661014539916,15.490386884767956,0.027878923410385958,0.8514145494956883,4.2572226749719055,4.04143797242612,10.940598253913908,153.32178173626843,199.65037403475313,89.75857076413271,197.5852923984382,84.69985533237744,227.6468148688339,81.48673491644135,0.01503574,-46.57659,-25.60941,-0.1181073,-0.06717125,0.0005961051,-42.46375,-52.79991,-46.79232,-75.17361,0.0,0.0,0.0,-11.75377,-21.79502,-36.95436,160.6734,106.6246,-201.0,812.8777,-201.0,1614.323,-201.0,1.076396,24.61766,60.54216,0.1214781,0.05778344,0.5769517,58.96182,56.06643,66.22775,36.22608,61.55273,1.0,6.0206,19.03214,102.0854,60.01863,1329.546,4073.409,25.1824,2459.877,19.09494,3715.197,37.13584
478,0.10051975634719343,-12.485962711123529,23.030721430335795,0.006423505081668422,0.008268036039379539,0.018662963607743426,17.301679350463328,0.6020556177057671,7.945013050867302,-6.279440776183391,9.198835449028866,0.0058786787794171055,0.2777734749032072,2.034891508049113,0.714798302784841,3.4879767613162187,631.4021582252517,1377.9912269705776,-149.16381079176065,1615.375383848636,-151.38412654896092,2530.431683511036,-152.37569695712466,0.14154394442434656,7.776455366509142,9.343340361027511,0.02808171665642031,0.015405094387606639,0.034149640635116364,10.299503773545995,16.214207747008132,11.88749363406661,16.09308677510488,15.618078287745247,0.023047906029144766,0.7403214105781831,3.963621067749112,4.2924268973744715,7.58649290598177,151.3726804305395,198.31354957679733,85.25110283812978,189.47915295552576,81.56601788854734,216.09191113066512,79.88218517996566,0.01428234,-45.68167,-16.42293,-0.1272906,-0.05696988,0.0006484188,-32.69592,-64.14021,-50.19089,-78.21172,0.0,0.0,0.0,-14.0113,-42.46742,-30.8856,184.0888,355.1237,-201.0,880.3862,-201.0,1684.088,-201.0,1.377144,18.64349,60.7561,0.122313,0.06197044,0.9212654,55.15849,47.09412,66.96639,39.3526,57.1574,1.0,6.0206,19.45491,37.92491,52.37599,1302.415,4827.162,55.06036,2434.842,47.09717,3878.605,29.16225
479,0.03451059247849538,-16.978057455679423,28.37468985586927,-0.006930712894783353,0.011232608799795051,0.006781684146035792,18.37194851065421,9.526727730410089,7.2908379140589075,2.447874205876612,2.2443048164830213,0.0019763158352838167,0.10629421782453555,0.4514065921653576,0.31776216777653776,2.6812451750739887,595.3493984565017,1388.0097306216835,-180.90965738320708,1562.9651628978215,-182.26644732684917,2510.1616064684104,-183.33575685190107,0.03481529559815819,5.875327453456593,7.128675311815001,0.02083541376009959,0.013959041018492692,0.013483283771556914,11.00052579225042,7.37567914315898,8.38065601096077,8.703441993486592,6.619527586888999,0.010293610814537047,0.4780927944135103,1.4664805923216668,1.7021715069861443,8.26671421302605,169.11789042684612,181.0177797386807,57.264206991379595,210.870891573132,53.43173966967329,237.45085802251387,50.32127575674161,0.01374375,-45.72881,-9.284673,-0.1060849,-0.06689484,0.0003486199,-24.33771,-32.291,-37.02162,-49.86523,0.0,0.0,0.0,-4.318059,-10.05085,-2.007744,123.9605,605.3315,-201.0,785.1667,-201.0,1705.206,-201.0,0.4089906,15.20121,60.28842,0.0958925,0.0575182,1.042282,54.52934,45.53262,69.51273,38.13002,51.3847,0.498672,6.0206,16.62486,99.71206,55.00095,1349.584,3831.748,10.39905,2453.953,15.35566,3845.451,-3.744498
480,0.11503030022469704,-15.860170614286123,26.750574978082657,-0.007489656074185882,0.00875697295338311,0.027888680338082974,18.862297168685473,8.027012720827832,9.148899104785976,3.8228264558875584,5.182552830258429,0.004474697522533578,0.29016402453822415,1.0703487298794145,0.9111984737891108,5.27742312250413,600.6070236977392,1384.9922060098656,-155.38394512823928,1574.8603562678347,-158.27091607757677,2528.1994168274396,-159.64423928253373,0.16514742609385283,7.953774514927202,9.224726140838392,0.026136681439388024,0.01570285693794137,0.04686778412954408,12.367659507870599,10.16730655086869,11.824851297848792,10.570803491921698,9.642792491427722,0.014737558170438012,0.8431275147242872,2.260184912397245,2.73874647695872,10.473911722381516,182.79737657036708,197.26626300244607,81.47696514188553,216.1995078962323,76.3617308966197,231.00483198955752,73.8503832317828,0.01530046,-41.70299,-23.56792,-0.1089894,-0.07486439,0.0007015548,-31.31128,-39.82669,-37.45639,-64.21008,0.0,0.0,0.0,-5.684442,-28.25233,-34.3827,156.5352,20.18284,-201.0,881.4173,-201.0,1567.859,-201.0,1.39031,25.72616,55.23462,0.1156059,0.05765754,1.431043,61.23219,47.85023,73.72591,49.71964,61.70618,0.2634039,6.0206,18.38935,105.5713,53.24244,1367.257,4537.173,18.59374,2556.327,27.86463,3971.73,41.02127
481,0.12683112979582328,-16.122938741547355,26.87956945674643,-0.0028904880105743323,0.00638402819926297,0.03171948233387058,22.665799045778652,5.391241408467196,12.89321340861281,0.007461061289847356,6.964584724643653,0.006075252526952015,0.24731504630003856,1.5893548931572672,1.032349284606456,5.819712066640985,589.0240673711464,1387.7541329139306,-148.45140472224227,1571.7225979376271,-151.58681301912773,2543.4070391420814,-153.18004458410036,0.15730004080755866,8.3276400520564,9.853457640798663,0.02924704440904688,0.015564295421552242,0.04747399986667811,14.253511031179675,12.490245399688758,14.264373120594323,12.378800176072028,11.83738713739284,0.025600351411655804,0.6836570950742299,3.035093060285538,4.063609222437748,10.78541241477281,187.13481636443174,199.25684129692456,85.64089952616659,221.776100372197,80.58074491982903,229.9665640540599,77.88770135972193,0.01435513,-46.09421,-21.15254,-0.1142475,-0.06957854,0.0007238702,-28.84764,-39.61456,-40.58247,-76.74442,0.0,0.0,0.0,-7.37101,-201.0,-201.0,155.1105,49.19092,-201.0,874.9089,-201.0,1783.925,-201.0,1.484566,21.56368,60.54836,0.1097513,0.05739157,1.869857,59.46029,52.76172,74.99896,46.10605,62.20932,1.0,6.0206,26.34454,110.524,58.11347,1390.724,3566.387,46.53944,2618.781,51.28329,3821.784,37.9096
482,0.07751296309542974,-15.278733654392191,26.066527154358777,-0.006600926534891676,0.007986975409045647,0.015893260524050806,19.55275339052033,8.700211076524084,11.136587199196812,3.0145328276658074,6.8267125288586135,0.0061744682136021245,0.307702740580396,1.5851165207468096,0.6192635977950272,6.515248949274903,578.0965389483293,1354.9961723436338,-147.3313569593271,1541.2349221475124,-151.4981574699917,2520.0076263202327,-153.2775018376654,0.08181993891123074,8.042835605886317,9.244091269005132,0.02234760432360306,0.018271306593067232,0.020414870784437107,13.247856023421804,10.264064783343004,12.925263650778803,11.183209823260245,11.039453897735905,0.019355195654425936,0.7703211217453269,2.7715646817840986,3.2835976545621084,11.278285816204669,169.4106828798101,194.52438128790922,83.7830129917075,208.11547414366822,77.24484558024434,203.26377425019024,74.37694613516109,0.01512165,-43.07003,-27.01068,-0.09222919,-0.08651947,0.0006729276,-33.09786,-30.52218,-39.06656,-69.93476,0.0,0.0,0.0,-5.888999,-102.3242,-89.89641,142.2872,58.58887,-201.0,818.8018,-201.0,1750.637,-201.0,0.6540536,27.4923,58.87603,0.08671326,0.06124212,0.2492805,59.03431,50.9498,75.63102,43.82154,62.01649,1.0,6.0206,14.2412,108.8284,53.14927,1367.942,4812.084,21.89848,2573.398,35.61643,3895.995,35.15732
483,0.10568474134421159,-15.137825250221477,26.652205149663796,0.0001498985323863685,0.006803970233238736,0.024268336601188448,21.413366068126983,5.354888229755892,8.078160050838601,0.805038826366316,7.88980936056061,0.005339538908680863,0.2554848951923043,1.9819326005599647,1.010949753530791,5.960481098122459,609.0429021752228,1406.0830609291309,-148.38847784606048,1579.8722812138124,-151.32905733558172,2537.2484776801853,-153.41762655276267,0.13093489962232654,8.326775000181161,9.691519410695342,0.029315738771224547,0.01606239240283765,0.041658631950291757,14.027316036185422,12.171940560584655,12.420202446047483,12.191183122092323,13.178891471946535,0.021300948792067287,0.7092548974814457,3.6113756366197443,3.615556033785078,10.85559920160437,172.21149319880607,200.75922235786558,85.04344440276869,205.4219864938564,80.30933846689219,229.74716286782493,76.84034274701028,0.001033966,-44.39972,-21.63639,-0.1190077,-0.076085,0.0,-30.42431,-44.72219,-46.41728,-77.69132,0.0,0.0,0.0,-13.40572,-85.96056,-62.21671,0.0,0.0,-201.0,0.0,-201.0,0.0,-201.0,1.241948,21.58039,58.97572,0.1156138,0.07636364,2.04084,61.25358,50.48219,76.58437,50.56018,61.38351,1.0,6.0206,19.80345,192.3899,57.40211,1474.168,3451.569,28.76618,2724.248,24.50845,4212.508,24.02569
484,0.07079570442920584,-14.534099457749432,24.967324241698996,0.008025645695477,0.005397063773282515,0.010413718954055141,21.683797894735843,4.5475710258458415,9.875221478650895,-1.5563541780079027,10.930603378647216,0.0061946338608139416,0.25950795343338556,3.092329822602182,1.6512349537632596,6.975844088017111,602.1342390774454,1382.1511489671248,-135.51334785674632,1595.5808421198055,-139.22765531756494,2542.0898647315325,-141.22864881047497,0.06979719569198879,7.233929816462004,8.920589336568868,0.029346628589691125,0.015367614563950409,0.021820367898068998,12.187167272994868,13.042268148316207,12.59427319894894,11.842648959554142,15.515623951141116,0.02584048534153002,0.6636404091519865,4.743817038285167,4.8533744690201495,11.140362494333456,149.23720256536956,184.6945742408339,90.17369888308247,192.04544618938016,85.05760290280332,232.21474935266002,82.27603976608013,0.01460163,-46.19101,-16.95343,-0.1161188,-0.05666102,0.0006400357,-21.31053,-48.16459,-35.89024,-65.96325,0.0,0.0,0.0,-10.74836,-16.55408,-14.38341,175.4706,472.6456,-201.0,696.4924,-201.0,1668.336,-201.0,0.6207488,17.33263,61.33977,0.1425845,0.05147807,2.228809,53.53371,48.12241,67.91438,40.22871,52.94293,1.0,6.0206,19.24862,104.5097,53.04531,1300.91,3684.251,27.24805,2561.62,44.02454,3845.802,15.61151
485,0.0599506540415256,-14.915432378345711,26.19456729207062,-0.0012652213260230213,0.009684641618190102,0.010068682963790416,19.232735097226307,6.679759101643882,8.194208300624997,-2.023082024997149,5.441909110237004,0.003708143160473843,0.22200402939523997,1.2624574105334099,-0.028733413403156747,3.9142953961008766,588.4681256572396,1387.6207713901613,-160.6672586036808,1553.5563690001993,-162.94763302240736,2518.872334461927,-164.5595686375639,0.07111448898846374,7.060431240811361,8.550742343845336,0.02360553283805768,0.01492238265047582,0.0149168431932124,11.85116797121926,10.415993145734346,10.562894250781698,10.273167351760952,10.814122504299714,0.014024743054352173,0.6658019853903244,2.6917578657179115,2.090344394106921,8.767430240533503,164.94006427732285,191.66037764365268,78.21844183582883,207.72744525544704,73.84017068985345,222.25832501602758,70.69273472773878,0.01468092,-46.26097,-23.23943,-0.1143291,-0.06608322,0.0006661508,-27.7692,-41.42421,-33.57087,-63.95081,0.0,0.0,0.0,-4.301904,-102.4814,-93.70226,171.5582,340.1558,-201.0,799.0727,-201.0,1668.018,-201.0,0.4613538,24.92484,60.64578,0.09367201,0.06496283,0.4406329,58.58202,40.55009,75.91155,39.97842,58.99466,0.7300994,6.0206,14.31403,31.47403,50.12807,1306.968,4531.375,13.64966,2621.389,28.07896,3920.843,27.41092
486,0.07734233506091304,-15.795878980932825,26.89399362260912,0.0030295843280689597,0.00649287114714506,0.015818676371570986,19.670784913810238,10.528203410634433,6.3136824736353825,1.2443503842383323,6.107541178385034,0.005373391528556854,0.2170917050673195,1.4308378595888698,0.5842239928698998,5.682162636616725,606.6679301002757,1395.8858794980354,-158.0862169321131,1581.1516265525129,-160.90489450436112,2534.184061734006,-162.65355154141795,0.09676522037231117,7.051257049783567,8.63103538799351,0.027542830445952928,0.016844807653689953,0.027258044426719284,13.8527271366782,11.625762713565685,10.916594042884153,9.485545812487,11.680576932020404,0.02018371541819491,0.6672630146124887,3.0807178991221957,2.919914715085404,11.539776783966682,163.92634131554553,191.63885327845833,79.16684008233756,211.6184615223545,73.98246434947438,229.6983727953729,70.6787844670089,0.001033966,-44.62777,-27.0691,-0.1119315,-0.06863463,0.0,-39.58664,-39.95967,-50.56464,-67.23644,0.0,0.0,0.0,-6.553724,-31.52841,-31.52841,0.0,0.0,-201.0,0.0,-201.0,0.0,-201.0,0.6100718,26.91791,59.28062,0.1199825,0.07636364,1.680295,63.80394,55.71783,65.0957,42.11127,61.95181,1.0,6.0206,15.54772,105.7658,58.43047,1326.838,3730.069,27.23942,2551.603,23.6912,3721.124,27.64991
487,0.06303497829439585,-16.102528585897446,27.0810863637902,0.011391473328241915,0.0012165053826378152,0.009613134605543557,22.25543610646257,9.015402679543906,5.043826229011457,-2.1700363036602766,11.265595052523574,0.007401303456500083,0.29169979617218944,3.236307417606391,2.4764655654505576,10.15940846477243,616.2966120603899,1378.9365961411052,-133.2452324725192,1598.706384325011,-138.2804160074262,2564.077663604827,-141.47152483659823,0.05608795478230757,7.938895354658722,9.731910105501695,0.030476765770331354,0.017028219134379543,0.014995816265080673,14.679869122203643,10.801974580324224,13.822830483806001,9.872702967569522,15.692550378850347,0.03205206073616588,0.7334004723465869,4.804459023234357,5.96562310974539,15.07530719515425,152.2652482963116,198.39787695085008,91.15679001469799,207.3570488475506,84.39046659481387,232.75304087517452,80.00456138555226,0.001033966,-43.75605,-15.98766,-0.10653,-0.06715596,0.0,-28.53438,-37.00208,-57.08958,-55.57388,0.0,0.0,0.0,-8.86569,-39.21827,-10.2666,0.0,0.0,-201.0,0.0,-201.0,0.0,-201.0,0.5361505,19.1691,59.50409,0.1185891,0.07636364,1.226536,54.53646,52.44349,63.35357,34.92956,62.20491,1.0,6.0206,21.82326,44.13517,59.98622,1307.688,3559.11,30.68417,2618.166,25.82104,3828.858,14.94463
488,0.06514345073881643,-16.019341194729574,27.778938987521258,-0.0043202288075807884,0.006563376441219845,0.010737427691753884,20.1750371919777,7.406022309875064,6.151929987082697,-1.5640595966259356,9.210371108750197,0.007320922696611927,0.23863045775808678,2.5253328370963968,0.8572015704471321,6.684504234868669,652.4962091005673,1388.2035558545629,-147.5498810060377,1639.9633123307487,-150.98341377529167,2587.725281245055,-153.3079376186861,0.06451977297978535,7.470592201003675,9.106294365969772,0.026636565935284736,0.01679637315578695,0.012211205599613077,12.08434726987579,11.300344573923638,10.937471984355854,13.031510398483602,15.127776308469652,0.036120994806973394,0.6703721009402244,4.5010566580183315,3.6059012501861902,11.900820789744094,166.33131092210377,209.13117937153402,84.38574448349408,219.21075613307744,78.8674123618327,239.9701806277411,75.15585534879843,0.001033966,-43.42291,-15.40107,-0.114993,-0.059808,0.0,-28.39719,-45.05053,-44.28748,-73.57645,0.0,0.0,0.0,-12.7037,-16.24726,-4.469118,0.0,0.0,-201.0,0.0,-201.0,0.0,-201.0,0.5409346,15.56468,58.07541,0.1205827,0.07636364,0.2012193,55.23764,47.90463,61.86964,40.84584,51.97071,1.0,6.0206,19.69727,117.409,55.53957,1307.922,4199.193,22.55523,2559.329,13.1244,3718.695,6.28082
489,0.07292230964708722,-15.444148649570705,26.46315901778475,-0.005283316599991541,0.01034663165298528,0.014719155425370485,17.04180604612663,8.32668261974398,8.648139583000937,-0.8402927554490048,2.789138060697252,0.002309077051391665,0.14234973442840107,0.5260526395785259,0.31702905773407336,2.4119877162588006,601.679912956365,1394.1844959274924,-175.45829338393335,1573.3391950176017,-176.71329036368482,2519.473081308199,-177.49136612430954,0.1290259163693961,6.557645809170444,8.02025977377456,0.023495743484574266,0.01373377831460916,0.0327095835345623,10.293356232860793,9.794468666189633,10.41117544990069,11.573782584829523,7.351270550961526,0.0121622244744194,0.5798720337318098,1.5677527239356723,1.4237028806364753,7.045573617343496,169.6921348166643,192.9631211209111,65.46406277526827,213.50284887537399,62.32070209368762,224.31776051295492,60.28719782514618,0.001033966,-44.56255,-16.0449,-0.1159589,-0.06717369,0.0,-30.1264,-40.46444,-33.14899,-79.26134,0.0,0.0,0.0,-4.513863,-16.04729,-27.65453,0.0,0.0,-201.0,0.0,-201.0,0.0,-201.0,1.086176,22.3686,59.07712,0.112,0.07636364,2.052735,54.42913,46.12053,80.76599,39.19318,53.9362,0.8731097,6.0206,14.84291,46.97999,52.92855,1367.202,3856.293,18.88682,2479.683,21.61221,3561.064,32.71344
490,0.06048395975664492,-15.769615516751973,26.702856680178936,-0.00445664882979344,0.011423527544636705,0.010709144293490371,18.832140703020052,6.5380897981042585,9.930854919984968,0.37185636845321807,3.5730501977920226,0.003274682402498852,0.17331600918432985,0.7360567910017347,0.271292511762023,3.18388201251125,586.7568500745156,1406.8520417837456,-170.15816421597248,1553.044451511293,-171.77238561649162,2493.545640284751,-172.9014473014835,0.09260896693616677,6.615152423336224,8.065277771925045,0.023064756571546968,0.012684651995327085,0.0177694289731486,11.573122250827312,10.920697253603123,9.725280535070018,10.429981294193935,8.547982772316503,0.017152096910253378,0.6379281368967382,2.031904908802589,1.8627767023598711,8.25965217681747,172.28113458948755,200.99968033480235,70.50244389437897,204.71396468669383,66.87994281813775,223.92750513900702,64.272164980827,0.001033966,-43.51094,-13.96881,-0.09612031,-0.06402827,0.0,-20.07291,-46.49036,-45.55825,-70.78934,0.0,0.0,0.0,-2.62693,-10.52459,-3.25366,0.0,0.0,-201.0,0.0,-201.0,0.0,-201.0,0.9232302,16.97518,58.76491,0.112,0.07636364,0.2862547,57.50198,46.65113,75.42692,43.1235,61.4868,1.0,6.0206,17.51384,52.69142,51.27774,1361.193,3788.429,21.20816,2457.522,33.54189,3667.485,4.282469
491,0.07271630325706184,-16.114587787402918,27.11646269697602,0.0014744484847674614,0.0055938037825410385,0.01447065474842541,21.01454758583629,9.55894847260334,7.380548042522802,-0.4516279721793761,8.144664182189448,0.006414140780035847,0.24862152816037644,2.070766435269802,1.3521421898961608,7.39341280941611,615.3023757708451,1404.1730882620534,-148.53639792853235,1593.6881296619397,-152.32442441673695,2546.1134848213273,-154.4636133723349,0.09730497093018411,7.198797869737866,8.383117411459807,0.027647805418042255,0.016611850384006217,0.029940862638232212,11.805094384708765,10.668886763475962,12.112427812013761,11.205849264374134,13.665894628817728,0.026758832151049815,0.6737360803477356,3.7958163524889943,4.433340808225034,13.27681445311647,163.36394213531045,188.0367304254288,84.65455789408107,206.88793827301663,78.563483385912,222.85099937761353,75.03109906115448,0.01545737,-44.21413,-15.45406,-0.1088502,-0.06903092,0.0007195116,-28.26269,-45.56906,-48.53944,-74.41736,0.0,0.0,0.0,-13.6901,-103.7287,-159.8047,147.8907,578.7709,-201.0,878.4088,-201.0,1656.016,-201.0,1.925922,18.29331,58.75166,0.1222208,0.056133,1.450389,56.38055,47.68968,62.45932,38.34481,62.2082,1.0,6.0206,23.28193,133.7384,59.37911,1326.766,3768.981,22.97674,2556.872,14.43673,3699.236,6.370968
492,0.065390126802692,-17.42777464704311,27.47948416328368,0.002451190031358381,-0.00012137541833557385,0.012562400623912399,22.231245073592266,9.825057425422344,10.458581285127519,-2.483296791318386,9.025540067190601,0.005685405749272149,0.2662208256467666,2.443742669252398,1.1596622798104785,7.931798851676916,608.9060835541964,1368.4677455449237,-143.19366517347592,1623.69601012353,-147.37161076840727,2584.496400217027,-149.2897532573578,0.06964577082267275,7.5562478772231625,8.787703591504288,0.027154857160520598,0.017786734766936756,0.03287375409300558,13.334459857404998,12.16394302203953,11.590614496840935,10.814365073123193,13.958847676366089,0.022711946043756138,0.709750399470709,4.045789090638824,3.927661987459586,13.271854192883183,154.01868173336345,185.18075671441926,86.45768416196138,204.69469066422644,80.22976302287655,224.9709574363459,77.28445821510574,0.01474527,-43.63408,-13.50955,-0.09796824,-0.06961322,0.0007083306,-25.39443,-43.63118,-35.33555,-62.38877,0.0,0.0,0.0,-5.508003,-40.39096,-9.337842,174.5446,699.4146,-201.0,853.7912,-201.0,1675.421,-201.0,2.327102,14.31446,59.17153,0.1171688,0.05768201,3.416376,56.87239,48.99472,62.58487,34.44551,62.21009,1.0,6.0206,22.65077,134.4319,56.24211,1354.88,4772.364,33.62747,2441.257,37.92636,3705.06,9.373839
600,0.03521119433394094,-16.632208077299566,28.792953294528466,-0.006014574368455161,0.01402832694306045,0.005778030695464819,15.463533572965833,8.932888866258635,4.6830525916992,1.0606928949439398,2.8180103510025525,0.0014865802280263944,0.0651588637579743,0.863436234697922,0.6865466296432666,2.3298247364928915,618.2492029719285,1396.9277130732773,-185.21412386347106,1590.7780342880058,-186.3957892440526,2543.3055289099525,-187.2054422365702,0.049007279245028464,5.8244747287979575,6.892441419860867,0.021655446473471236,0.01023601737153014,0.010069444791395144,7.7421551556455235,6.850565095913661,7.520687476093084,6.899434204370341,9.493769456802076,0.012284547445723286,0.35907378161319603,3.0017390645002853,3.419198264929164,8.135375532725591,152.88185839453033,182.2546152071247,52.150368524900095,198.66184491914103,48.122034802961096,222.74138608823003,45.4130072140799,0.01505502,-40.73768,-11.62206,-0.07212609,-0.05739221,0.0003716578,-23.58567,-36.42159,-37.25635,-49.15733,0.0,0.0,0.0,-5.911266,-32.14633,-3.445174,156.8697,468.9911,-201.0,815.0952,-201.0,1685.461,-201.0,0.5473804,13.77979,54.78952,0.1023058,0.05536879,0.2167106,53.03492,45.43906,50.46271,37.52387,54.69952,1.0,6.0206,16.70134,36.29255,54.0207,1306.459,3403.454,26.61842,2557.608,8.23519,3919.904,-0.3132788
601,0.04268731785246605,-16.363503863379485,27.907590690903074,-0.010737698262436037,0.012133039787558055,0.009526944678075768,17.2993065726803,7.451349881556981,7.110173746838367,2.260959326984632,2.0552653329521084,0.0017510536447130805,0.09991489097022158,0.40850137541972836,0.18759644219566832,2.155260700833453,626.8910846661902,1378.6573115854183,-183.6461278387645,1608.2811378155825,-184.64880093295227,2544.8994528806293,-185.37684897715656,0.0709077855947697,6.503125154219191,7.756603955850647,0.020268362161851204,0.011932254355584725,0.04000911524687748,9.809949091635708,7.8649447027400585,9.031351777187684,7.501787422740852,6.605642228235155,0.009684700494518625,0.4762723614029263,1.458372149038144,1.8255283239125897,7.356113841777119,165.50837958159386,197.34979558855397,54.13893547776571,210.1071711642672,51.01203801811783,245.58978251647096,48.70040691096263,0.01536275,-45.60251,-16.0956,-0.1153941,-0.07005186,0.0003190328,-29.57583,-37.22877,-32.57935,-60.69876,0.0,0.0,0.0,-6.423626,-110.6299,-70.48826,160.2108,393.138,-201.0,870.3648,-201.0,1689.369,-201.0,3.627654,21.50751,60.65807,0.08898145,0.06838632,3.276777,61.14203,42.16347,72.20554,39.23837,55.43726,0.300854,6.0206,15.65309,82.20355,54.86573,1422.795,3997.642,11.4218,2541.642,8.985718,3740.855,0.3733292
602,0.07794193184842836,-15.892252492667128,27.14375259167338,-0.003154425196639471,0.007625664984744092,0.01676471153708813,19.152954973603304,8.323417433479515,8.53959167305462,-0.9828411137278857,6.881712312271002,0.004459204715971588,0.23524895449355754,1.6113835791164233,1.0155449675540797,5.401732997684129,629.1412531374945,1417.9769974776625,-155.3732020149945,1610.432084287459,-157.9126281927469,2569.7388908401363,-159.6058303597483,0.09871172711341074,7.016372314823739,8.402630681213278,0.026512093757647546,0.014033086268582606,0.03167790246089435,11.37799797618344,10.720209299875076,10.469011412868113,10.359252633986168,12.617533474606025,0.01695595977949686,0.6732136527063783,3.2342643476734922,3.294399982015453,10.734328318546142,161.1613160141416,190.02379209413357,81.14544563230255,206.87891718358296,76.66444023376823,227.26414613049502,73.55200744162279,0.01527285,-43.6898,-17.54987,-0.1131271,-0.06667483,0.0007920936,-28.73304,-38.50386,-38.11934,-65.31159,0.0,0.0,0.0,-6.252388,-17.65435,-16.79776,178.1481,603.0873,-201.0,865.5391,-201.0,1680.478,-201.0,0.7464314,20.14096,59.75093,0.1015743,0.05388406,1.359801,58.32683,44.89875,65.17992,34.11807,56.68687,0.875389,6.0206,16.64094,35.49283,52.82939,1302.341,3833.291,24.21626,2523.597,20.16733,3967.553,21.43517
603,0.12013917956646276,-16.47508011912638,27.530996173525615,-0.01306051672142696,0.007291589098446781,0.032563959875191076,21.051652672960554,4.751595296988685,14.268336268964571,-1.4318063196467468,6.1989854548514,0.006115570203639171,0.35130806947572435,1.0050965695596161,1.2268693158671,5.330035860288976,638.132584650822,1372.1957365653564,-148.6129665977246,1614.3411214958794,-151.49308545238253,2585.635954664433,-153.05579533577165,0.14688444889459262,8.209141468718892,9.960067108346642,0.02563974136095921,0.016751808927783874,0.048582480915959035,12.957229670381821,11.834489397936842,13.312570491709337,13.123432236047005,10.438871852913294,0.018749251873150467,0.8969421547118089,2.0358097166185827,3.231217049523239,9.752267768830988,209.64995471313745,208.90654065803432,84.27921327757208,252.2578387340009,79.70466331258181,259.32645618431064,77.1438974308172,0.01481442,-44.34446,-19.15114,-0.1135632,-0.07369285,0.0007118515,-30.65136,-50.66425,-45.3526,-79.05663,0.0,0.0,0.0,-9.28008,-184.4689,-155.5618,118.4735,152.2849,-201.0,877.5324,-201.0,1551.337,-201.0,1.630195,22.00929,60.03566,0.09524819,0.0601932,1.435986,59.98415,45.6771,90.24359,37.93112,55.67053,0.6616523,6.0206,15.26427,104.1528,54.96159,1370.691,4474.442,19.24851,2693.389,13.78074,3827.651,25.88029
604,0.044918351358393026,-17.685901778453168,29.275782334550858,-0.016760309094586385,0.01345231092919554,0.010664200494020138,16.009588304444534,9.222955792363466,8.426161490996218,4.09079843782764,2.2644189096478766,0.0021346506651296324,0.09614970460454393,0.4844638190466998,0.6060584605709862,2.100331734382788,655.7517767921246,1401.8888140595434,-184.04208031234776,1639.4414694337636,-184.99419057447795,2598.909877802065,-185.67395000909343,0.07446457931462695,6.917281297856878,8.290313507741907,0.02238558715506435,0.011048919284536645,0.03118891012751155,9.319449909593926,8.41896877240756,8.393528042768644,8.382914873519272,7.63302827709727,0.01681954691349779,0.4781143661246953,1.8540951120972664,2.7868529963870734,7.408931279960762,187.33203247093792,198.8835214332826,53.61503382680935,215.25107098063452,50.42904923495868,239.99653296946687,48.23436815034641,0.01443986,-44.11663,-24.18574,-0.1217379,-0.05729381,0.0006918822,-35.34143,-33.72425,-44.30112,-60.23335,0.0,0.0,0.0,-6.450391,-30.67545,-42.94643,164.3419,66.56431,-201.0,897.1157,-201.0,1766.992,-201.0,1.827067,26.50703,57.40762,0.1034493,0.05417074,1.429522,54.45947,44.43016,63.02219,46.15378,62.12481,1.0,6.0206,17.09796,109.241,55.52353,1348.056,3829.845,20.53343,2515.137,20.26723,3926.065,44.51487
605,0.051802856308407745,-15.447942567467004,26.3715732883884,-0.012260258064189523,0.014495775200929014,0.009107113269315063,15.561215606709828,8.057936309071232,10.62446152578001,2.4451681277648274,3.441141508892572,0.0033324193172751876,0.1657990885996542,0.7090861830920128,1.0524081136150754,3.3436505524389637,614.82875189601,1386.561497359438,-173.14964127116204,1585.0596063175599,-174.46918892242633,2526.9770002844634,-175.60871227590928,0.07505262538730556,6.744587724485232,8.346900296643947,0.020219482641757443,0.011586157062009978,0.015074296678094491,11.846762086565676,9.518449146872047,11.103747849715306,8.472481070341031,8.469023921230702,0.014833904578836538,0.6084605454293797,1.9483975264416107,4.867271069597242,9.181847348513758,177.66014766729336,189.29250850840182,66.1913026477191,209.96359873667964,63.11071209648285,232.858006175378,60.34665453510965,0.01526392,-41.61006,-12.9123,-0.1003287,-0.06182772,0.0006803886,-24.30673,-36.89063,-39.65691,-60.75325,0.0,0.0,0.0,-8.773759,-185.6942,-159.8542,145.6523,270.4535,-201.0,876.2648,-201.0,1717.782,-201.0,0.6845302,16.12067,57.33582,0.09841187,0.05721052,0.3178009,55.85545,42.65789,82.96825,38.94588,51.67802,0.9479832,6.0206,12.50812,199.4293,54.09978,1440.65,4104.283,24.01877,2634.579,18.19795,3993.357,9.912774
606,0.03488624127128413,-16.003013218954248,26.98975976429842,-0.00907547415819742,0.011891030375194634,0.007142209148145139,15.032644044616216,8.655947412264746,7.578784999811376,1.4860548192616732,2.0615221768874608,0.0014106329116375315,0.06630251161118776,0.4995366058055372,-0.13112211274744404,1.1210411269281921,613.5699631805727,1382.529910985543,-188.28989368511856,1600.7096416290278,-189.10897707418405,2525.3892744023437,-189.50605153324219,0.04656159039308078,5.944608075600152,7.551229873288612,0.022508765039804153,0.010755423374026253,0.027590334598762034,8.2442934695734,8.187483739470844,7.7403532951795695,6.850253905637228,7.902500724518725,0.009575068124980208,0.36135559405837603,2.0321535488941276,2.596886069424506,5.088561762578518,152.7864410103257,183.98084973110258,47.303808729068336,192.8782177998143,44.196168606292474,225.34642728992227,42.700795944560696,0.01513791,-42.29663,-18.02064,-0.1098919,-0.05657853,0.0006645694,-27.12469,-47.6707,-36.69081,-54.52275,0.0,0.0,0.0,-9.249662,-108.0441,-146.8106,241.8789,244.0155,-201.0,880.3539,-201.0,1693.177,-201.0,0.6557083,18.93517,57.40475,0.1043599,0.05293949,1.342775,58.89579,45.22363,65.03544,34.15231,54.2301,0.4584208,6.0206,15.34172,44.27516,57.12856,1349.43,3748.223,46.33442,2516.893,18.99248,3520.459,18.1945
607,0.035576137454954096,-18.374883649054976,30.050565258981145,-0.014698779529699876,0.011645188401690128,0.006625879140429561,17.66417039324572,9.062380564870756,7.98277392616587,1.302603608916445,3.9332331473414395,0.0035800423368486183,0.10745136716580173,1.0794343761326692,0.6089329803750774,2.737511533815296,679.9055622296299,1392.6256473414396,-178.81927379883194,1679.1787691465586,-180.38761593564044,2643.9165972953524,-181.28011491089097,0.035600319033558744,6.3183027373066345,7.795577511763169,0.024021151520979837,0.011808614013658868,0.006658724698435389,9.303965630490831,10.174380272371025,8.197545483906204,10.04723458299041,11.140218094082948,0.02783688661949324,0.4623475598581826,3.268459038693007,3.3000715741248263,8.218585237817623,174.95207857187907,191.51063767635716,60.6790558284351,214.23041625814884,56.28015751298107,243.5593616949018,53.81926810090554,0.0149564,-42.67314,-9.991047,-0.105779,-0.04628639,0.0007815061,-26.99722,-48.11336,-52.7392,-62.61824,0.0,0.0,0.0,-5.063723,-41.23642,-18.22151,193.9073,685.9343,-201.0,705.9771,-201.0,1693.704,-201.0,0.4186202,14.37887,56.15995,0.08689961,0.05479799,0.1709713,48.20128,47.0621,60.00777,38.24019,59.91602,1.0,6.0206,17.16224,45.64333,50.30074,1339.92,4747.135,24.81709,2622.034,18.41259,3671.76,16.62348
608,0.10685994912057108,-14.92287991667165,25.81053340624061,-0.0015265437446971696,0.007429879569902951,0.02214045091646148,21.19314520191157,5.167135163305255,11.075672431624621,-2.8179008792844735,6.655155289506387,0.005375515026946225,0.3098063861589941,1.3766095841501431,1.1344099961539926,5.766367188916321,586.9055520829719,1387.5243277021561,-145.2229677706101,1546.487548008063,-147.66264747357917,2515.7181945624534,-149.89292449648315,0.1346353335762258,7.199147155363261,8.791636161094345,0.028157863995806474,0.016364257373277697,0.03833338637460721,13.9659832868717,12.514064317604648,11.62731946658878,14.95009660975232,10.910583729296656,0.017484244890987963,0.8303283972124421,2.5533137603069727,3.0657351468683984,10.302579089005619,190.0706431588888,203.0738415783735,87.04742373993476,237.42583103840124,83.28012803034049,232.31959690733183,79.71996656335966,0.01485517,-48.70649,-27.19682,-0.1387043,-0.06910405,0.000708472,-31.49442,-41.00174,-39.33689,-80.52814,0.0,0.0,0.0,-12.56672,-169.1393,-199.4756,103.1185,232.467,-201.0,770.171,-201.0,1636.805,-201.0,1.715902,27.4788,62.34927,0.1325816,0.05897447,1.397622,60.15044,48.13982,71.31113,44.77813,62.1567,0.8059407,6.0206,14.58061,193.7032,56.8939,1362.111,4131.644,34.21046,2692.553,15.32905,4089.54,30.64602
609,0.05146624782881687,-15.841587671267607,26.91948012985699,-0.004232819497186894,0.007764273199241491,0.010926128496116388,21.408263380726336,6.526328390196797,8.861085471217852,0.2614534771309884,3.6829520775230797,0.004148251656538381,0.20704438076605,0.5626956277765905,0.75990785058557,4.568493536291928,555.9705309122908,1344.3126154986505,-163.97908502729678,1528.9221325625272,-166.75890253825142,2467.2375639960624,-168.01716412797052,0.04677081741567913,6.81492278602286,8.560443575826607,0.02032927166193761,0.012920749284487248,0.012245754592074902,12.709843395903556,9.231090722671485,11.87303881155004,9.911841950512068,7.839952360462592,0.016693496702184688,0.6657431977464202,1.4909850520396153,2.3476593113243798,10.154038158682104,152.35155286382297,185.65971204609215,74.1755740352181,200.34668180048396,68.57838966282937,225.97738752684833,66.05582913324655,0.0159951,-40.82487,-21.42812,-0.07621589,-0.07406014,0.0007121505,-24.882,-38.14996,-42.15029,-65.56802,0.0,0.0,0.0,-9.424901,-39.20785,-39.20785,148.3912,333.2329,-201.0,873.6299,-201.0,1698.859,-201.0,0.6013685,19.3653,54.70984,0.1085511,0.06302617,0.5772925,59.36233,50.46191,68.15152,44.69624,60.98621,0.6831274,6.0206,16.23305,107.7322,50.36753,1343.929,4239.821,18.68107,2485.139,13.46449,3687.658,41.06563
612,0.05090857206690548,-15.241131188752902,25.853654610219564,-0.003937231618678664,0.01013600761606147,0.010220768893985118,17.675828602644806,8.170569194504244,6.375075519359893,3.11313259854867,2.972259257316065,0.0030983749738499205,0.15881265660407826,0.4891978888768928,0.34753401909645854,2.462797180675448,587.3565003372829,1380.6567974020393,-176.02935761395742,1565.126783146872,-177.31993804036665,2494.494470697162,-178.23301107065018,0.06233463856353487,6.55380876515362,8.010543355289167,0.02306109188451271,0.01280526286955502,0.018117187790852182,10.896080855535848,9.128662278460629,10.401654798488137,8.971834670811345,8.012457848054149,0.016066105539655574,0.5800681963434374,1.585300829139306,2.3773987731617754,7.216640276153805,162.78612659956943,187.28563573528035,63.91164479788387,202.75432785212948,60.57981627000764,226.12352076725506,58.18294541988793,0.01551112,-45.889,-17.93055,-0.1052282,-0.06727082,0.0003871938,-29.30478,-46.13862,-39.59758,-57.03015,0.0,0.0,0.0,-12.69655,-36.0644,-29.80892,158.0828,198.5585,-201.0,859.8714,-201.0,1756.81,-201.0,0.7588574,20.14513,61.05367,0.1005522,0.05734108,0.7711432,58.29946,43.11346,53.01752,46.42926,55.63326,0.8637121,6.0206,16.22633,178.2416,52.74362,1341.813,3715.82,35.28879,2698.424,21.55974,3804.742,26.15173
615,0.08458427745663467,-15.403398726764218,26.6927262947373,-0.0005765940035731179,0.0073076475533211446,0.017436042096196407,21.07742718956011,7.516244378482445,7.7093711583266655,0.8717773102155622,5.932643799430766,0.0048670026657485,0.326518315809484,1.2441813047251442,-0.2881359832094634,5.524033575473287,560.6919947447826,1352.9532363396152,-148.8493733258711,1521.3092576793535,-152.48445720730567,2483.023081478703,-154.8953305312609,0.10251458775043812,8.015845151149543,9.533695268065024,0.023232512012281232,0.01584967765470322,0.026339901432655268,13.849853569142015,9.751227878687594,11.101207294579801,10.877524353271157,10.098306782091726,0.015219525087000538,0.8437889860398495,2.3067761595090968,2.5324714630813845,10.430736826287838,168.47105534774022,199.8261836696822,85.48788073911281,218.9836519561529,79.44932384091233,221.4723100212281,75.45488463156367,0.01586627,-43.27314,-29.68068,-0.1154327,-0.07438273,0.0007004363,-32.50259,-43.80136,-47.89047,-72.92977,0.0,0.0,0.0,-7.180541,-99.00267,-69.23323,136.24,353.0514,-201.0,862.3074,-201.0,1594.872,-201.0,0.9914324,30.38825,57.36627,0.1029801,0.07420342,0.5902776,58.40039,48.6707,67.46125,48.85447,62.1516,0.8012977,6.0206,16.21881,105.4745,53.93149,1434.559,3838.605,23.02613,2576.381,34.57201,3641.548,35.57139
617,0.0568548753488662,-16.756426721980358,27.64753549591292,-0.010830378286012776,0.010851692183775782,0.012007966697469922,18.647288882418106,8.363997395162052,7.008976807956103,5.503369358374387,4.050907222633598,0.003907612615464702,0.17286491361669806,0.8095763165266974,1.150087387631725,4.146792058449475,621.8975824610151,1371.2535759675657,-167.31924020161645,1605.4619182699287,-169.62422641711797,2552.2678541558225,-170.61148658127874,0.057799845728135436,8.281536804274703,10.06445786330479,0.02253509835864186,0.013137248039950825,0.021766952880893045,11.865427441760088,8.617046046090174,9.803347759978218,11.108636034795914,8.953933078882436,0.01852038281849075,0.5567790012141656,1.995997748816851,3.8826951170771165,9.736289802171704,194.22398447841013,203.84060127229606,71.61903082731435,241.19422609132727,66.69521447977095,255.67480684320503,64.56288643612712,0.01560451,-47.435,-18.17405,-0.1219413,-0.06028363,0.0007452112,-33.4297,-37.46602,-37.16971,-44.10138,0.0,0.0,0.0,-3.955318,-29.72695,-29.9563,166.4326,100.9208,-201.0,794.1321,-201.0,1682.48,-201.0,1.028592,22.92095,61.65719,0.08767583,0.06423292,1.205089,58.26767,46.60637,65.51444,58.5482,60.56439,1.0,6.0206,15.57201,140.5694,57.35088,1392.375,4842.705,29.60092,2604.945,32.43116,4035.962,30.28443
618,0.036601202772581824,-18.269471920918377,29.754195209648685,-0.016364588112210993,0.013829275821311134,0.008928816385174872,15.852325737337365,8.287337010502105,8.488382665899977,1.45639086927967,1.5349307028574637,0.001371616404416325,0.07588629892303374,0.30662842293055637,0.2777513179717398,1.4364332693156685,655.0494647628136,1396.223494909336,-188.07523501962083,1648.4675525705945,-188.8611354113626,2600.489265727278,-189.2812391887251,0.04923859304582241,7.331639574306118,8.916298569751707,0.021426803498167467,0.0092735515183521,0.04753096228335117,8.527979452589733,7.773957512197305,8.269101528449479,8.0115076054803,5.872310822301686,0.009018154157754046,0.434366601457007,1.284618059749268,1.987781917941644,5.900121557209029,185.768723623019,195.35878998590357,47.258460458413985,232.44706920448564,44.365330001715904,241.24243323250425,42.785319199266645,0.01653646,-46.15713,-22.05595,-0.132161,-0.05405531,0.0007974005,-30.01761,-46.74083,-35.86878,-61.9792,0.0,0.0,0.0,-4.527207,-33.82263,-33.82263,178.7713,231.1269,-201.0,738.175,-201.0,1743.681,-201.0,2.057604,23.30494,62.27785,0.09617543,0.06182588,3.736676,52.27018,44.53279,79.62713,45.59108,61.89285,0.3655147,6.0206,16.48366,128.8574,48.45773,1364.301,4961.032,17.43443,2553.512,41.64166,3782.701,42.46742
619,0.076749323770987,-17.07492638020847,28.373845522402686,-0.006860724672178279,0.004966448849332501,0.015193551486836156,20.811074966355278,5.395186111677795,9.180543429334742,-2.9414670003617998,8.351372476167658,0.006804099472960088,0.29142118079595014,2.2832631243024952,1.215771380694145,6.657831040470828,665.15288372298,1367.9429565910764,-150.1596628941048,1663.6031353274918,-153.89405214731238,2632.891778466172,-155.92655639257006,0.08212771345589441,7.923932077974716,9.277897455287501,0.027280136489217864,0.017238206939606045,0.025174438655803655,13.200406151958651,11.077614418194182,11.150065739486962,12.388967749293425,14.11404597602498,0.03447861700548003,0.8103477055087092,4.184855815928855,3.9033190992860995,11.975629754541002,169.7323880620132,213.0159484779245,82.87541737411279,214.32568439206105,76.68687876069794,241.03827889306982,73.31333490475778,0.01676728,-44.71237,-18.74475,-0.109761,-0.06519947,0.0007830379,-33.92479,-46.5989,-39.6244,-61.03189,0.0,0.0,0.0,-11.72532,-36.22197,-36.22197,169.9763,78.88962,-201.0,748.1301,-201.0,1541.5,-201.0,0.9336973,22.56901,59.34197,0.1110857,0.05221073,1.92329,57.26017,48.8303,68.33663,36.80527,60.9502,1.0,6.0206,17.11314,107.4289,59.76416,1365.361,4322.238,27.59506,2657.18,26.86412,3946.471,42.78851
620,0.07578387596848557,-17.847305770693225,29.034312506207176,-0.014123851641179967,0.006717340617046272,0.023155505159978412,21.005116205390856,7.6400009171412355,9.84779975384321,1.0420142338619522,4.2651765391124155,0.0047535691007157665,0.1911650709917518,0.8199301532678291,0.7938783723525196,4.282950000385253,647.2670947427042,1384.903210169228,-168.6973898055823,1641.32385690468,-170.8233428932488,2621.912569262649,-172.0538755737498,0.09953700128490249,7.323579062837152,8.597935311080459,0.02496594902226552,0.01626087316178811,0.04450975471834635,11.37393323603228,9.615959944045784,10.155914951903664,10.41855464476032,9.799099033879568,0.021064681137894368,0.6357675073798251,2.13177066180078,3.096425392743315,10.301830126844298,177.4384763359951,197.3795294411558,70.72838620850003,219.7692762555447,66.00256063187027,236.1197382950877,63.27448403244844,0.0169519,-47.19328,-13.83428,-0.1222489,-0.07251725,0.0009415018,-25.38341,-42.66392,-32.45208,-66.28114,0.0,0.0,0.0,-10.00008,-94.94204,-65.15215,160.287,467.034,-201.0,903.8711,-201.0,1665.732,-201.0,1.366532,17.44837,62.8535,0.1150399,0.07611379,2.225496,59.3956,47.52745,71.33363,42.18473,58.8254,1.0,6.0206,17.25849,112.4993,53.98268,1397.461,3752.994,24.3769,2534.28,43.45538,3722.607,19.23798
622,0.07177755812439696,-15.25756612441496,26.3047485890941,-0.004158444397804279,0.00873603138888465,0.016066582629041634,17.67752764850918,8.103562407951355,5.986454470414704,3.778922728567498,3.7528664929081432,0.005239110495451685,0.18214354819183257,0.6694102941958462,1.2937911024314044,3.7566211779443264,592.1089977783673,1370.7279533987842,-172.30615701402274,1570.810346195967,-174.29823269666855,2534.4583478869163,-175.2025471399721,0.09211473600099908,7.538408927100935,9.179371134209875,0.0249823750136563,0.013265685226843503,0.02797431092913702,9.39606849573974,8.951288059060442,9.876024067650004,10.787219360038591,9.53279451845377,0.031845157941929575,0.5916324559660845,2.018844518198101,4.494096752315662,9.856616881622635,165.60132489163578,207.83680896909127,68.76398677348307,207.61233298037135,63.845952735721895,222.49830437627799,61.62157661320655,0.01659218,-41.23665,-13.58966,-0.1107763,-0.07228452,0.0008509626,-30.82201,-41.62134,-47.14101,-60.36694,0.0,0.0,0.0,-7.866163,-189.64,-150.3169,162.977,303.1055,-201.0,821.896,-201.0,1725.337,-201.0,1.488988,20.71564,54.44556,0.1231538,0.04993704,0.7025638,50.5406,58.76036,54.64602,54.6187,51.53896,1.0,6.0206,17.46164,111.2256,61.90172,1349.463,4071.48,40.18645,2552.126,25.71456,3729.643,17.17525
623,0.07308576785347673,-15.69686613126516,26.688295830296994,-0.007769681689691413,0.00802983360248398,0.013354688734203791,20.26021710691049,7.648525495853267,8.445485666473484,-0.05281490163400894,6.250378821235792,0.004963394617922344,0.24499203912911527,1.4218715095809276,1.7352834458091873,6.589136156538175,594.8889304259892,1385.466284874869,-150.202600823749,1563.9078114673548,-152.98506367019922,2522.8665833477007,-155.12907789869402,0.07876257794238464,7.391367052084229,8.716093222460447,0.02073757468256625,0.015620944928587064,0.01976838460150859,12.20409907763354,9.845910939873605,12.333969388043926,9.87081291061875,10.524907079385189,0.017607540559259862,0.662946434473987,2.614063404933302,4.5683908202510395,11.689116851944952,162.9812731576458,189.49849780967548,82.92503191752184,219.0754789241345,78.47501405041096,225.1761328991961,74.83530674505994,0.01637135,-43.10242,-20.41556,-0.1079556,-0.07928416,0.0007613525,-30.80721,-49.09539,-38.09311,-60.61946,0.0,0.0,0.0,-6.775615,-185.5774,-144.3879,104.54,397.3478,-201.0,897.9268,-201.0,1554.433,-201.0,0.9536702,22.29451,58.57056,0.09096551,0.0579344,1.137146,56.22472,47.49591,72.04515,42.89351,59.99277,1.0,6.0206,16.54364,201.0,57.86058,1281.782,4673.068,20.25664,2707.348,18.50295,3884.509,11.25345
624,0.034957599829863885,-16.987175381993406,28.327399855271572,-0.014670892500746158,0.011940637026077325,0.006763323969742853,16.928715035538023,8.410069809571706,6.365024231760632,1.7502787757835232,2.1597946439504545,0.0018341914496663215,0.11367084538360102,0.4070873472602553,1.0704339961996305,2.542230494355367,614.5079469163566,1368.089970601187,-181.946029168305,1598.365453396835,-183.08984843576255,2538.655104318749,-183.82764355128924,0.035455911478234986,5.81536519910051,7.027732353212528,0.017266090969247805,0.00961828867238878,0.007952522418911227,8.317745916956882,6.6804565480967435,7.591352410459582,7.045455686035357,6.614605143027933,0.009210837638632792,0.4989698935156957,1.3579922443140873,4.494694464551617,8.086140485768864,149.4906963130721,185.30691219665715,56.476963302224874,209.91202133519445,53.092765427164444,218.78432674160152,50.856739991836754,0.01595072,-42.46713,-25.19988,-0.1124584,-0.05864648,0.0008294618,-24.19185,-39.67986,-40.85589,-46.69683,0.0,0.0,0.0,-3.701547,-44.8744,-44.8744,127.1993,437.476,-201.0,894.5198,-201.0,1764.894,-201.0,0.3770832,20.92752,57.34351,0.09660307,0.05486749,0.2635154,55.56979,46.94664,60.95597,45.22302,61.29588,0.2664433,6.0206,13.28357,201.0,49.32947,1400.958,5156.632,19.10482,2614.034,43.17213,4126.296,42.66706
625,0.07027718473875369,-15.403618375970002,26.383914745147358,0.0051201288764243045,0.004765398796345265,0.01589871882168491,21.972687332126835,7.74056692053245,7.232785926892509,-1.74116778337253,6.319858485186529,0.005884084957589633,0.24861909869962476,1.4505874602695914,0.8826568405832865,7.424945039023159,562.7270237785156,1358.7373884614053,-149.5474062800008,1518.331187762673,-153.65049297288013,2469.485472292845,-156.21788681237135,0.07334097407118934,7.468761425352096,8.733819805683071,0.026301110655462215,0.01751899892039772,0.0413630452768774,13.502463440186252,10.465309684326298,10.661329872462884,10.570815948520615,10.821250139260266,0.021396965756837433,0.665530932556779,2.7414396032496327,3.351952847600105,13.389233365778786,155.5989381294296,183.7034084744563,85.20148245321579,210.90095156692988,78.43242340026517,212.34089989655888,74.08522141050699,0.01568558,-47.95258,-16.04329,-0.1334604,-0.07129804,0.0004906192,-31.0568,-47.04994,-36.54953,-59.68895,0.0,0.0,0.0,-11.75763,-183.1183,-148.1216,155.3907,322.7911,-201.0,865.9538,-201.0,1531.399,-201.0,1.493039,19.46843,60.83587,0.1035784,0.06550393,2.585372,61.3992,45.69209,66.94742,38.86032,49.73737,1.0,6.0206,16.13354,140.1427,56.57253,1379.077,3523.619,27.76676,2458.071,35.95466,3671.639,24.82131
626,0.042792984840456856,-17.014415579400627,28.29277153928443,-0.010723201342754722,0.01049200156728617,0.014489273354418119,17.86850685771588,8.52706868133956,7.3476760920471476,1.7135326242865165,1.9271882440437231,0.0017846917622682946,0.07685140767047388,0.41430316129216843,0.3941971485510456,1.855269385996367,610.8340018850636,1366.0895174842915,-187.26858475336138,1593.3202810888206,-188.17255224953922,2545.1566271926954,-188.7585564897974,0.05798106963163131,7.0679268981008825,8.580209611627922,0.02474880137225637,0.011205303349887645,0.04934886491544122,9.212864124515818,8.783809265569705,9.690122439611079,8.289635956503073,7.047857946210637,0.012370498536335041,0.44509556283640106,1.6961335339758252,2.513086778169929,7.1883844193905,172.03030033147803,182.92628925394698,47.87738736913601,217.16812855277502,44.69196463602904,230.66410375565903,42.58974020395273,0.0160036,-47.57798,-11.89843,-0.1259353,-0.05816127,0.0007141393,-28.82891,-46.10964,-31.44062,-56.34151,0.0,0.0,0.0,-4.048718,-167.367,-135.1967,154.7104,247.2368,-201.0,945.0467,-201.0,1817.685,-201.0,0.6884624,16.17172,62.45506,0.1111616,0.05263457,1.835135,58.84866,47.13616,75.03132,37.11424,52.29914,0.5184205,6.0206,16.13531,86.84296,54.23436,1378.681,3954.413,23.74155,2672.007,12.87812,4153.312,2.039002
627,0.03528500878159448,-17.508091270050336,29.48278373844043,-0.009756616669355662,0.014417088347274728,0.0072872617815763,17.498107362836045,9.60639285750741,7.123018574216834,1.559388395206154,1.8942158053649654,0.0015834619563629257,0.0723270870380389,0.4428796530781561,0.5313220231995727,2.627572832225168,642.5639824300296,1415.546257914164,-185.05205365461342,1609.7901768098,-186.37451778354236,2570.7539314727883,-187.05412312180968,0.04237484793961441,6.462343798938594,7.810924209662947,0.021142215742254365,0.012616488306433544,0.02868768721877654,8.94892109409659,6.673632224145688,8.478218056518452,8.252241914151556,6.415180446365985,0.010312338989066142,0.38816119058126297,1.5941176679420883,2.42671362248944,9.157186745674167,180.85681257712588,194.2026717262793,52.2924771224218,237.35879257118185,47.93022303061744,247.680038087833,45.674207687406025,0.01513241,-49.07866,-26.15273,-0.1269553,-0.07416233,0.0006604922,-33.43928,-41.02736,-43.27229,-67.82327,0.0,0.0,0.0,-11.43911,-201.0,-167.4694,157.5578,143.6447,-201.0,777.3374,-201.0,1631.692,-201.0,1.969726,25.8452,62.01118,0.127364,0.05890005,3.987346,55.11349,49.69629,83.99844,41.4903,61.73933,1.0,6.0206,14.93513,138.0067,58.5047,1435.596,4458.97,32.56553,2677.39,27.82915,3981.897,33.35977
628,0.06531051745462818,-15.314306948965752,26.176630380281782,0.0018202872759397616,0.005178033622726085,0.013896293345425045,19.74485604287637,6.71937366582816,5.83944012009119,-0.5978765656237744,7.967125869490563,0.005378454532270943,0.23987610396033726,2.048582221987569,1.0782376486768444,5.917048873850611,612.1074361137345,1369.446641402105,-154.38528893412425,1595.7866831587712,-157.61014068753553,2541.750058532649,-159.3864373348594,0.07583244028387619,6.580228369142516,8.087573089553533,0.02532695900511424,0.014305277436892996,0.03238026111055411,11.874524926104394,9.883972534249741,11.433576539713552,8.808169395652175,14.305845572247994,0.023457159868371623,0.6810299133944738,3.9590061672120354,4.779037354093748,11.400170052812975,146.00315085860043,187.76900569919468,80.33044359235568,194.69938566138097,74.56889267429749,212.49250164044926,71.4319228969369,0.01678613,-43.61491,-20.18776,-0.1036803,-0.06725017,0.0008051091,-34.26601,-49.18138,-52.39982,-66.58777,0.0,0.0,0.0,-8.322563,-179.6899,-151.8301,175.187,387.4166,-201.0,841.0126,-201.0,1505.766,-201.0,1.538929,24.17455,59.27574,0.1178216,0.05782741,1.691122,54.41106,50.22646,56.67365,35.46591,62.0649,1.0,6.0206,18.19512,105.262,53.95805,1450.521,4377.098,50.85062,2546.532,37.05254,3808.74,42.96722
629,0.08325305479063476,-15.949038098259566,26.454208784207797,-0.003107187065214156,0.003884357127912455,0.018325409921446878,22.412366999474685,8.168669716764708,8.019431171522475,-0.00310643656075697,6.705998925974175,0.006102481980324604,0.30550439135352303,1.5416823099286943,1.0918259879736376,8.362711107236594,560.9114084418932,1356.073376451599,-144.51490774270115,1518.2398272847654,-149.5912270010958,2459.0554391874484,-151.95139229890344,0.0819811825309849,8.018809974193761,9.152620903582982,0.02107111699944119,0.01653268260513073,0.024022925262774934,14.443397776722069,9.808028565765005,11.791425613468267,10.226429977722178,10.612383528654817,0.018560339584603906,0.7810421430641215,2.6406134207633154,2.897694109729511,13.67467303662669,150.6381816958719,188.5858245855529,86.32308991439726,214.63410927828917,78.51169689591202,214.07365736587775,74.83877406518344,0.01674219,-45.36086,-22.11559,-0.1078519,-0.07807732,0.0007546409,-30.05204,-44.58612,-42.34413,-66.11597,0.0,0.0,0.0,-18.79989,-96.49609,-150.1813,157.5628,275.754,-201.0,800.9699,-201.0,1650.249,-201.0,0.7487695,22.4952,60.487,0.09242335,0.06216815,0.4495637,64.35143,45.0615,63.6198,43.25908,61.63192,0.8390222,6.0206,14.93691,105.7201,52.97949,1389.766,3793.02,22.08438,2520.895,20.81803,3825.82,20.7532
631,0.03297434008514006,-16.27065316861794,27.228741750748185,-0.010067947526230569,0.011084154230948105,0.008162652050770623,15.819045381924635,7.288627119595019,6.1695331897117915,1.2548082063707826,1.9696629787715276,0.0013883414969099162,0.0513067739455879,0.5565225764047304,0.25108218134194965,1.3198929576309413,601.1756327781189,1352.8687586691008,-190.0786671548323,1599.509590809073,-190.80887221697213,2516.009546188892,-191.14191424751155,0.05005492333194041,6.133137885298909,7.533754453643801,0.020988047475381768,0.009291298861303683,0.04051909826809703,7.51406552387955,7.818698667108335,8.2108011563131,7.400587603294253,7.953943346239449,0.00951030458891823,0.31165947595840526,2.3225915142057527,2.914101790948179,5.877988124863591,139.16960059669498,177.3967060150726,43.04474412754844,187.6238039940211,39.96222180449665,215.4167907067931,38.62100633024612,0.01624369,-47.46826,-12.45766,-0.1180922,-0.05375754,0.0007330508,-21.85786,-45.12471,-40.45854,-53.03205,0.0,0.0,0.0,-4.897064,-26.85076,-19.67205,203.7948,799.7539,-201.0,846.7534,-201.0,1663.122,-201.0,2.288811,15.59151,62.07828,0.1048605,0.05478995,2.198426,58.93804,47.38376,68.03214,42.49191,57.90427,0.3324246,6.0206,16.09963,191.0138,50.18188,1363.868,4655.534,33.53891,2446.034,19.44242,3607.727,12.72829
632,0.0940175938773242,-15.440407455329932,26.78092526367157,-0.004197722967047171,0.006786618512113947,0.021938119610005434,21.580290663012565,3.4915563558195206,8.276017844548306,-0.5190082908130348,9.655770653156726,0.005621872242230476,0.27344558170280686,2.581785085941331,0.11459305700224212,5.236493317857326,615.8074195495758,1402.1691030961433,-144.21009503031044,1590.815734119417,-147.16032643295813,2551.5444183679438,-149.25934663890095,0.11489994610110259,7.971526617989361,9.366800298536743,0.02907329728926378,0.015744664917350475,0.04033833024695332,13.674659310594,13.879087455103921,12.147530050467566,12.589488775638497,15.154237218000393,0.019739540466664745,0.6985824594860545,4.354173742826593,4.694211231210786,9.629858407400024,169.14407688524685,198.2964129767265,86.57669706766723,211.14230184141442,82.02423118467244,225.8290922131427,78.74011035863259,0.01622031,-47.8984,-22.96824,-0.1268184,-0.0707336,0.0008807595,-36.09501,-57.43316,-44.08953,-86.11509,0.0,0.0,0.0,-22.79474,-187.5713,-138.4012,167.854,243.3529,-201.0,906.7792,-201.0,1612.812,-201.0,0.9439459,25.56245,61.2454,0.1173855,0.06016526,1.489748,56.93987,49.03205,71.0484,46.98094,59.49569,0.7363098,6.0206,17.71352,74.50838,51.6559,1478.412,4685.844,29.24359,2606.578,17.37583,3806.543,36.72331
633,0.11560613276682132,-15.971625605352488,27.28915151615299,-0.001999674629784207,0.0022825048455238175,0.02813034200927573,23.445041351717474,4.958423040844892,5.42360646470539,-2.313711625105973,13.522026824798322,0.006724536623313378,0.3525009800849857,3.77687661324741,2.6307721672098414,9.58521120425543,624.5971506456666,1355.1728992973021,-123.65015328643038,1623.275834839987,-128.73838233717146,2584.9282133092993,-131.60915304172838,0.11112751633509199,8.059389320319067,9.723954947931285,0.029927524347542388,0.016719676735542487,0.04750142520330029,14.369196726098961,13.254963488380236,13.028079973831288,11.884539387939444,16.72554047178985,0.017785399785255094,0.7616104590706312,5.002356654515243,6.045209467650841,13.359601611269728,155.3673071992718,197.50402766803404,92.76534141428736,215.77441803886308,86.619679212797,230.92237478679476,83.08756826656338,0.01762054,-46.63434,-19.07726,-0.1213472,-0.06749948,0.0008602655,-28.05959,-56.37923,-51.74863,-63.65834,0.0,0.0,0.0,-8.123075,-91.1785,-62.31676,159.321,383.5057,-201.0,701.8635,-201.0,1629.724,-201.0,1.446697,21.68203,61.25701,0.1289736,0.05649355,2.77111,61.74403,51.83474,60.1809,42.06326,62.0818,0.6979015,6.0206,18.85585,68.96323,64.82992,1442.194,4453.623,25.93075,2685.683,22.40898,3784.222,18.71853
634,0.08049799366527238,-15.348659178674847,27.125562170874858,0.002043034976031791,0.005854093387868546,0.016981256583165776,21.718592559721866,5.976331796298789,3.8529388259622506,-1.1492461584034772,7.3545217811452765,0.008614371828756757,0.24792193450728947,1.8519120117754722,1.5737277925956055,6.760112395671644,616.5046576257919,1378.8322327425944,-153.41261446610451,1592.0447332538347,-156.59160252574364,2545.627170372545,-158.85787912039592,0.0977738541775816,7.091383238456953,8.072158994664008,0.02628117696736162,0.016513245433705925,0.026377732244011187,13.585307244864651,11.689715341099163,11.46726322569863,9.911658931890086,13.254686077110705,0.0472571937969368,0.737268275254878,3.752493815465684,5.042954102859833,13.105801245528152,145.07440114439345,189.04823041283447,82.29963677204123,203.3660073169386,76.81092821354348,222.97985696315058,72.840900756057,0.0163198,-44.62811,-15.12863,-0.1132056,-0.06237023,0.0007860817,-28.68276,-44.63742,-44.3386,-67.61871,0.0,0.0,0.0,-14.39364,-98.58924,-80.84927,168.4374,677.1487,-201.0,757.7811,-201.0,1558.938,-201.0,0.7812578,17.56693,58.87764,0.1059063,0.05537464,0.561954,60.08036,47.90496,59.01665,37.09415,49.04032,1.0,6.0206,16.93747,36.478,58.74456,1354.85,3715.565,29.89799,2648.862,21.80298,3845.656,14.94143
635,0.03243891664388977,-15.546309210944338,26.72753788800392,-0.006442789460312393,0.01189491119653208,0.005214879017956102,15.714456701035086,8.154637446247525,4.43105044363766,0.5600013395599991,1.2252559549356223,0.0011760013198665385,0.05123705391190422,0.2875346710044424,0.1477652268461336,1.2230888754882918,577.4818481176117,1352.748103450418,-192.09116460511783,1565.0009498870568,-192.70182403532044,2505.1371386755513,-193.11526383693004,0.03278109490447805,5.879976443464053,7.525670600332464,0.020364304641025354,0.009628983154007332,0.008874042345164338,8.857500127990711,8.416430862457965,8.564135057496244,7.510045780457871,5.700688724220203,0.013814404986995819,0.3514549838515352,1.4206019597603827,1.398087058926153,5.882082160891197,133.88112606432907,180.96223964259278,39.351418426291495,173.69250970302028,36.51808211400722,196.7286329162146,34.66283483065263,0.01593792,-40.64314,-18.20033,-0.08252009,-0.06054578,0.0007517792,-40.81438,-38.23467,-42.89711,-41.94129,0.0,0.0,0.0,-7.057935,-28.44841,-34.25628,127.917,333.0104,-201.0,980.1752,-201.0,1639.13,-201.0,0.5617535,22.69465,55.25918,0.09367491,0.05525753,0.2607124,59.4028,48.04879,57.52716,38.87923,58.58946,1.0,6.0206,15.62627,30.38773,49.52051,1243.086,3836.026,18.50175,2404.29,10.35049,3553.189,29.67769
636,0.08271801325825977,-17.289954594759315,28.58172474246477,-0.008025831392806005,0.004535250014828506,0.02007213171301822,21.324446435106474,7.244659653893383,7.547627126035837,-1.9482288889422308,9.624438922153914,0.007301493569689096,0.2940616121487869,2.3390260633933617,1.3662478164764198,7.462352454481896,660.4280893169273,1368.462787998506,-142.02382994689182,1657.0423445182862,-146.16139565460225,2628.5612568547363,-148.35638277163656,0.08164505317462038,7.984502456557742,9.835450673819963,0.0316578219235602,0.015919002937132685,0.03709421400714882,13.470227514434104,11.68071441622356,11.749842306869759,12.688183238990812,14.846870141673719,0.02768152380458221,0.7628917209965885,4.008442255163406,5.948162010400902,12.526394613609641,176.25091928023497,197.1615160707727,86.89626578741183,221.04336637647145,80.65089431014778,253.57660308746358,77.33541022500833,0.01621661,-47.89122,-17.67501,-0.1258576,-0.06857724,0.0007215263,-32.21918,-46.36941,-40.11131,-74.42035,0.0,0.0,0.0,-12.12783,-181.1285,-156.2738,92.33899,76.6356,-201.0,657.5714,-201.0,1433.947,-201.0,1.807812,23.49999,60.99771,0.1168923,0.05778375,2.438588,56.25924,48.89972,60.35955,40.37712,60.22134,1.0,6.0206,18.59437,200.8554,63.51772,1407.902,4462.998,30.84563,2586.041,22.67316,3773.591,35.03784
637,0.08588154809545226,-15.08403362809286,26.411797778055156,-7.011741022335792e-05,0.005813101632022584,0.017247848432908778,21.26793896761225,7.265125887799619,5.5415552774462045,0.11217029153622783,8.995794581964777,0.005202013882167553,0.26686247362231785,2.4913226692957573,0.8648977090234643,7.4781691692298615,630.8377705692925,1393.5696455292598,-142.35851554201568,1606.685185072637,-145.9626685029815,2566.736286581595,-148.52068620484616,0.09041213780749924,7.58358803318103,9.313798088831588,0.029126432075669055,0.015789662973147843,0.04623701830782885,14.076552758458371,10.184793650636372,11.777484666622586,10.463381690536732,13.827089196757395,0.018885258243035923,0.6935584546552231,4.077281141204674,3.2791330111218633,12.453336351539548,158.7609756404296,201.45373185127949,87.5590013748415,213.56565952900755,82.20498194928881,229.7227400189352,78.29057342788349,0.01617118,-44.37611,-22.47354,-0.1219618,-0.06898151,0.0008339565,-33.76433,-40.59795,-48.7667,-64.18386,0.0,0.0,0.0,-13.55688,-176.9649,-166.506,148.5122,42.07934,-201.0,789.5926,-201.0,1571.375,-201.0,1.218479,23.77471,60.01381,0.1058507,0.05515756,3.943221,63.20834,53.04139,66.86027,41.58317,60.59224,1.0,6.0206,16.11012,30.75591,56.78363,1406.822,4243.134,24.07095,2675.245,20.47773,4289.442,42.46761
638,0.04013457322242115,-16.302685657923472,27.72310511166401,-0.006013528145694728,0.011661697400585917,0.010522867853841612,16.805047305843306,8.682929400932599,5.10566191285993,-0.7301256316417831,3.2577664113210423,0.0022359843625436157,0.07720332444472804,1.0180003253747332,0.6226279895682805,2.1412986285121134,617.5245362543806,1362.3983583479353,-183.30890617277214,1593.8279554833919,-184.54550517641707,2543.0039140636904,-185.0604313987734,0.05038835589745294,6.627414761938952,8.101914830404136,0.025548486351066556,0.010246221703389758,0.045847047820939,8.309030360416072,7.834443907252909,8.710242282416566,8.125143295010812,10.192424904899188,0.019015341633686005,0.3931835881307644,3.3041906768850238,4.067175287551453,7.315383127884495,155.51878230328197,181.44175814137287,54.16301834786674,207.4849962049025,50.29395476156145,226.26545497332185,48.69101465956646,0.01673869,-45.88744,-20.28619,-0.1250707,-0.05139706,0.0007849396,-23.4417,-34.5169,-37.91114,-49.06737,0.0,0.0,0.0,-6.78548,-190.93,-165.5324,189.5183,609.3124,-201.0,829.0422,-201.0,1802.762,-201.0,0.7122592,21.11751,60.88212,0.1135525,0.05863576,2.218369,54.84561,44.34835,56.08749,37.17204,47.89816,1.0,6.0206,16.13832,182.889,52.01148,1338.383,3798.155,20.90417,2615.0,9.933342,3684.231,4.558737
640,0.06300362740324086,-14.76068640954311,25.917399986618076,-6.150501775022997e-05,0.006089900485376571,0.014258479425274171,20.866903179884613,6.679406321862183,7.419079649103904,-1.4631782462598628,3.580143169076424,0.00362849041356435,0.2190201243491566,0.6202205331425814,0.9385491714485897,3.9146889256691995,572.9101501561423,1359.440544912462,-172.36009370090693,1546.664305131799,-174.14340092839595,2490.9460058768564,-175.30451479386014,0.06552796476563592,6.723620576541714,8.213175263290246,0.02303162953773195,0.014876102453740629,0.023015040714692753,13.925808917841268,9.399729149858883,11.272072617102562,9.270760878552517,8.746838474946157,0.017078665894475733,0.7440771699757133,1.8774244450457884,3.3353520442349964,10.100612896969244,141.9890312055373,188.24058349859962,66.52175436461116,190.09593062740007,62.28084046942981,208.552168906015,59.57924901498985,0.01646454,-44.81688,-17.71086,-0.1179532,-0.06815039,0.0006945986,-31.02571,-43.589,-40.20374,-57.12291,0.0,0.0,0.0,-13.05913,-23.83939,-36.98393,144.4982,128.7532,-201.0,914.7055,-201.0,1654.391,-201.0,1.069628,20.14874,58.66694,0.1089545,0.05783509,1.113117,58.96083,49.56923,75.65223,42.99821,60.01038,1.0,6.0206,15.19427,186.6326,53.94784,1309.947,4693.866,36.0877,2488.701,34.67574,3818.448,38.44381
641,0.041986659577774546,-18.36299632374558,29.91602080499564,-0.01748145004027524,0.01042300771979415,0.011479114099398523,19.065499764034907,9.319492802019889,7.853431943484684,2.670441403244779,3.1555404541540253,0.00212631036288931,0.11982220757153753,0.7962282015356447,0.8822406501532836,3.3238166776539795,666.8084625534901,1342.3867150024507,-176.65391127869145,1668.9381710761645,-178.03877218573393,2617.983306593712,-179.04481850199798,0.04146799588541104,7.5832081675711045,8.947477896529378,0.02818741394048346,0.011867420405333695,0.029952098622072147,10.488872065702605,8.314692793531876,9.642807103220962,8.901688712633495,8.452831557152987,0.01053668480820627,0.5202674579010599,2.2742502479467817,3.339326136923144,9.399647544125711,200.2714357478211,190.40342016394678,62.84057691765246,253.35686027135245,59.24630400665726,258.64662284762204,56.59795969911724,0.01658265,-44.73351,-20.91518,-0.1195625,-0.06461202,0.0007588618,-31.2257,-36.50669,-34.21888,-46.77162,0.0,0.0,0.0,-11.1526,-181.536,-150.8585,112.9954,103.3543,-201.0,775.3813,-201.0,1753.045,-201.0,1.151952,21.59814,61.12715,0.1065925,0.05273018,1.305402,55.42279,49.81322,59.64021,42.65592,62.21096,0.5024458,6.0206,20.12466,56.04762,51.32385,1330.928,5202.521,30.58337,2506.803,44.87207,3822.917,40.95819
649,0.09377725591191861,-14.77693548578375,25.083197200636214,-0.002600177353413099,0.005948523542008969,0.021127465440804186,19.743642694612653,6.67476554846057,6.2852633833020715,1.9229415140730817,5.025765619725553,0.0048493348279155845,0.24638438082092337,0.9977871903933141,1.0150168566429658,4.22960717208548,580.4097144392575,1372.7192072090418,-159.22655565496822,1557.770686076971,-161.72273078873084,2492.1677987013645,-162.84087154518414,0.14602884900753577,6.710801062273791,8.286231544264457,0.022635447778554835,0.015291373149152175,0.060173182073301565,10.833383893744575,10.062137179545179,11.1772889717613,9.13615831542804,9.84319755884758,0.01663933484907841,0.6879380704003967,2.2383984171614437,3.7739567105623557,9.040978877091668,147.6086656866391,186.02060898907123,78.98536538371812,194.0020167755201,74.30322457434352,223.21793602637874,72.14110558829401,0.01642297,-43.94991,-19.00303,-0.1141002,-0.06967027,0.0008073202,-35.14047,-47.87334,-48.74029,-54.33115,0.0,0.0,0.0,-9.873302,-135.8189,-101.6545,175.6647,146.2462,-201.0,880.9368,-201.0,1672.037,-201.0,2.515175,21.79513,58.90163,0.1051169,0.0550374,4.090378,59.48004,50.48152,69.72761,50.17176,62.21066,0.6958138,6.0206,25.85079,109.3076,52.46037,1469.766,4871.521,46.58061,2599.598,50.09295,3613.854,36.02103
650,0.053818195742577124,-17.82895366634975,28.873629307994815,-0.010757804581146868,0.008837439103073445,0.014134030600128423,20.722164952531777,11.179249643494947,8.75693984900157,2.404779349358872,4.769382948293344,0.0036656167163876307,0.19651961430784531,1.1588365529193163,0.6185332742200202,5.191174267874283,600.6086234818713,1387.5645642688166,-165.00508397913472,1590.297310159803,-167.83371712641895,2534.5040110848263,-169.20113412895105,0.06373188514952076,7.611289413318304,8.72765151693563,0.02401010579655481,0.013657542875401052,0.05308087206179453,12.675362851547424,8.68668902841296,11.023188672074989,9.338340148321635,10.110398780556439,0.01611573807529648,0.6551009726371888,2.6273286019497015,3.050508999079601,11.574206419715914,170.79222708415296,194.8074780310351,73.96695249658265,227.01507459444085,68.10141839928582,243.43046829319752,65.21903526967148,0.01685495,-49.73291,-24.70184,-0.1265406,-0.07110268,0.0007740431,-33.82316,-45.06021,-41.2244,-49.68022,0.0,0.0,0.0,-8.557691,-86.66865,-151.4735,171.4698,128.8718,-201.0,850.8703,-201.0,1621.547,-201.0,2.046231,24.63409,61.92562,0.09803665,0.05602397,5.303848,62.18033,59.48097,68.20937,46.94112,61.58731,0.989974,6.0206,15.48949,201.0,60.9024,1449.079,4351.171,46.13396,2488.316,40.30415,4079.373,32.20712
651,0.0336495504504612,-15.273730925743296,26.460115660883872,-0.006459230292738456,0.012087261311579478,0.006703585514760192,16.008333834306885,8.41019285125522,5.767274165079278,-0.10634923293168742,1.1239023037970368,0.0011549389692281462,0.06144606174540929,0.21511650272689467,0.19556635791463062,0.9818492148287329,591.03294452439,1376.643489316465,-192.08793482338265,1558.8910703227566,-192.56364533875518,2491.227749450137,-192.91458461743878,0.039652657178594876,5.885881984905182,7.190706465205117,0.02122660864799058,0.009062268335007565,0.027225000103846684,7.986328562205109,7.68000188473795,7.601713603034188,6.848065570107396,5.298836740509673,0.008863522693205006,0.39703063930356086,1.1964521826388623,1.9500947890745595,4.990298094266253,141.5164958189287,180.86619839834088,39.86134767521652,191.10605767253566,37.68360659761045,207.01854385958347,36.09478392910231,0.01612111,-44.68256,-12.59025,-0.1146277,-0.07472129,0.0006841868,-23.13236,-50.57643,-39.02879,-61.61536,0.0,0.0,0.0,-14.31748,-24.60901,-13.81945,206.8156,621.2925,-201.0,908.2454,-201.0,1749.636,-201.0,0.502341,15.60785,59.97483,0.09563794,0.05366904,2.797087,57.34395,45.75342,71.42924,36.83065,62.2092,0.2255372,6.0206,23.79286,181.9288,54.13089,1251.368,3512.448,15.95889,2386.559,11.56789,3704.448,6.156844
652,0.05974675269345362,-15.716723250588243,26.445795544400966,-0.0032183247208550673,0.006640817394520185,0.012116816765666179,20.087636577705773,6.343121868843262,8.697677671059102,-2.749869048510658,4.1003038408518675,0.0032813512546000212,0.18691886919124007,0.8247751580712936,0.5585267164923405,4.168416530294482,565.770884324381,1341.6494830497275,-164.6836758613518,1548.4247832574486,-167.17979011390847,2498.2415408308852,-168.17555104743266,0.07418240438907664,6.670078577605274,7.9890555489250294,0.02409954172920169,0.014406529031637697,0.02883247814879249,12.054190898287432,10.119101628014802,12.815349051662633,10.023174482511077,8.92158691978506,0.013132249882761146,0.627300638611849,2.064318099209182,2.8250013275962473,9.572573618252058,141.8110243927273,183.15018550110187,74.98463649166825,195.30330934776637,69.76582939809327,207.78189329181026,67.65807680322881,0.01667901,-45.53856,-13.53917,-0.110494,-0.06910393,0.0007536992,-27.2546,-44.06448,-41.35534,-67.56712,0.0,0.0,0.0,-5.973804,-54.39273,-41.73631,173.7657,540.8671,-201.0,780.0109,-201.0,1689.401,-201.0,2.236061,18.43852,59.69794,0.1137582,0.06110151,2.108394,61.10094,52.0642,78.33739,38.51214,56.44573,0.4976029,6.0206,16.58611,179.0192,52.78692,1281.41,5290.035,29.93351,2467.071,30.10613,3603.78,29.90376
653,0.052636223353041175,-15.69827601479385,26.618577398383202,-0.0009134778496950017,0.009113034608809216,0.011893390667587368,18.541281604256387,8.367774107771961,5.798293918120236,-1.8166329111045212,4.229355544222293,0.002553221504341141,0.1326170685259286,1.1166614650164735,1.0144230208382001,3.138613189999849,572.7077802861398,1368.8832733432625,-175.4549452192989,1546.2687839900107,-177.13993815977628,2494.132257781589,-177.99342901716028,0.07666801327202524,6.0283732376493715,7.278894931520034,0.025391557084424254,0.01052111585696138,0.04869640365105562,9.997536272008057,10.136815016129418,9.750222366887172,8.497084803740815,11.033660122193895,0.01355710033276908,0.5410048005770607,3.1060814021257865,4.2567500806404635,8.766365475358905,137.68524932977812,179.43246230468418,64.34780289648963,181.58519360129046,59.92704835013547,195.063229477813,57.748779039852145,0.01646604,-45.61713,-18.03697,-0.1241349,-0.06117075,0.0007550943,-28.26224,-56.85624,-39.94148,-51.08274,0.0,0.0,0.0,-6.087345,-30.36904,-25.28485,174.007,437.0137,-201.0,885.9407,-201.0,1629.806,-201.0,2.709581,21.9239,60.87401,0.1218353,0.04957728,3.391937,56.72063,58.4621,63.88314,42.95957,62.21035,0.7062128,6.0206,24.93987,107.1623,54.43398,1327.47,3950.722,26.6084,2431.317,28.98342,3562.503,16.93321
654,0.045598714850500724,-15.863208307438036,26.923270498603536,-0.005504286872467158,0.010100679665591207,0.008929362901957965,17.740667680497545,7.712458273942249,6.474682586235268,-0.8294104987307988,3.2150734098060014,0.0021871419944590876,0.10668140662944317,0.757470104646991,0.6779894528770204,2.731867069467268,589.5111660242004,1354.9150788399647,-177.07886256733855,1575.2040268882934,-178.29349959923076,2515.6516093061728,-179.21062370158398,0.06047631124663469,6.635234766960425,7.904654787712097,0.024804319530345252,0.011614505519049514,0.029507948637172494,9.313343063411608,9.048777015530098,9.833623586896673,9.807853471392004,8.825524499064949,0.012198445301436277,0.42844073663947735,2.2700286733875394,3.2329394117927386,8.02973650770443,156.26930599966266,190.15891270027223,63.36565143134992,208.18315732463253,60.09583824304659,223.7958678203237,57.59421185970706,0.01645158,-44.84966,-16.46668,-0.1160952,-0.07008928,0.0005743272,-30.59192,-36.30622,-39.62961,-64.80207,0.0,0.0,0.0,-4.653115,-41.60767,-13.8959,179.8281,280.5952,-201.0,797.179,-201.0,1718.935,-201.0,1.748879,23.83083,59.28955,0.1113649,0.06492101,2.342876,50.56451,50.94383,70.23917,44.86119,62.21103,0.6381099,6.0206,26.1189,201.0,50.76652,1289.403,4206.175,21.0281,2601.364,47.55731,3733.884,27.03081
655,0.04076939787474706,-18.01630784672506,29.225618328833438,-0.008840623553567885,0.007138454990886844,0.008082399925180428,19.344604897630745,9.735577039839601,8.264483295790635,-3.4370861968294104,4.6520334772081275,0.0024240625647084487,0.12802812063778843,1.2494070742071095,0.5556645256221837,3.875406807848312,609.1250786164626,1378.8056319519012,-171.975965000414,1608.1502767472598,-174.312222013028,2568.1915690306587,-175.27552174427717,0.04089802852177011,6.153382559014794,7.3186052250518525,0.024856545219984788,0.013005352612450713,0.013954187898210202,8.991796734017516,8.265090688217226,9.849445865471651,10.586085199547938,11.258190840329599,0.01309854376128005,0.50275093091773,3.1883498550406726,3.384114744699346,9.826077104447196,149.99062577490415,181.6045589756945,68.18404392788533,213.7307362933446,62.604856221727964,228.91687378724666,60.28248226078996,0.01605502,-45.49574,-18.88251,-0.119146,-0.05517032,0.0007675592,-22.70811,-49.25265,-36.70337,-65.54904,0.0,0.0,0.0,-6.03747,-26.11826,-16.05215,174.4846,390.2193,-201.0,699.8244,-201.0,1691.83,-201.0,0.5165803,19.36101,58.68955,0.1108095,0.05182247,1.058441,50.46133,49.2422,63.81023,35.48591,62.21051,1.0,6.0206,25.31061,198.8885,52.77124,1316.339,3754.569,31.43042,2514.681,22.98494,3512.315,16.57622
656,0.06390313096617473,-19.260952825747314,30.326516113369166,-0.009754032984112024,0.00842034147746057,0.019160527149317076,20.76736734681101,9.7711170195042,10.72566051383544,0.0807175510241177,5.4559665648285165,0.005135009499867305,0.2070249068612941,1.3448389345268912,0.9803078655611487,5.56612899777235,604.8853477862315,1378.331519124445,-161.48787668969211,1600.921310124013,-164.7537044563355,2558.183295038173,-166.06214760789518,0.08093694316295647,6.606352691814051,7.685084490769554,0.027177423733917665,0.01435904022343533,0.05575061725422708,11.669658228916221,8.418475598150764,11.114344753402056,10.505148377727311,11.013168773593215,0.025115477015926552,0.6703025707517855,2.937472023416981,3.761725624145382,11.693948045136278,186.13399665775427,191.94140475407502,76.93113001687092,241.82882585673292,70.48747517910763,244.37408365309943,67.88027116459892,0.01620428,-45.99007,-6.363389,-0.1223938,-0.07802361,0.0008021193,-26.56164,-37.58215,-36.88952,-68.59752,0.0,0.0,0.0,-5.053479,-25.91203,-65.04668,152.586,380.3928,-201.0,896.1291,-201.0,1639.259,-201.0,1.824719,13.70255,60.93541,0.1057617,0.05954586,4.033901,59.20737,49.27278,64.91419,37.73686,51.76834,1.0,6.0206,16.66074,201.0,58.50647,1409.445,4507.143,46.80796,2609.994,45.59268,3987.567,18.76571
657,0.07405527767651897,-15.851837341582282,26.82899724456756,-0.006962292268028255,0.006300497237841424,0.014355573104464054,20.987041811128947,6.28335249623543,8.380170366982561,-1.9754405596630802,6.214301803105699,0.005017198981553139,0.2834120730628259,1.2908174373798367,0.8674978872144329,5.4413114468876795,572.481032103951,1347.7540792036084,-148.93290799027127,1558.1693039136776,-151.69489934543176,2522.657021663339,-154.21465127127124,0.08382568901046576,7.552124983296677,8.954481944096102,0.024578574886845006,0.014242025764933306,0.024694383565142666,11.612897271411828,9.942198268079586,10.781582368993044,10.579208890943583,10.536294074816498,0.015424779135405922,0.7389866088202266,2.4662434803188766,3.4580740484539483,9.981512390546703,161.77776172666427,189.31893743582884,85.37806563997107,211.44956949305086,80.90208670762756,223.5678400656597,76.68365233368591,0.01649492,-45.55261,-23.75535,-0.1098217,-0.0689962,0.0008913301,-34.12145,-39.07893,-34.7639,-60.6587,0.0,0.0,0.0,-4.961839,-112.0551,-103.239,137.4664,370.8122,-201.0,900.5838,-201.0,1512.103,-201.0,1.715669,23.3413,61.63112,0.1018118,0.05314032,1.685276,54.49764,47.84152,64.98212,44.60103,62.21199,0.557849,6.0206,26.61991,191.3447,52.95209,1342.837,4275.965,46.49107,2615.967,43.94185,3691.364,13.05077
658,0.047182856039106935,-16.023802294252594,26.86337087959605,-0.0024552790394549804,0.0068091222302527656,0.008608579637148554,18.572065435390716,7.688645180521018,5.50011442893799,-1.758694447905635,4.03785780944477,0.0028720719725604717,0.12825470423598767,0.9231003726672673,0.6608987860844676,2.8474997850429116,595.8462146792704,1347.9897018197273,-176.00755139378768,1596.922905330648,-177.5652645075369,2529.387633686213,-178.1438376503136,0.0528362007119174,6.699672643688451,8.162133048457529,0.026698822606711553,0.0118418727345294,0.014720414098176841,9.412184373008118,9.654553939972825,10.03284498996233,8.863020499581381,10.79200594935203,0.018251026343404943,0.5116593734790986,2.6935611864997573,3.4193066530885283,8.378974619333473,141.2793179555332,178.23292148923562,63.670145274900875,189.44223062064344,59.54137826526612,219.96992472665664,58.04876207881476,0.01690556,-42.61175,-19.17954,-0.1169336,-0.06028558,0.0008858613,-38.32326,-54.4803,-51.2047,-62.22581,0.0,0.0,0.0,-6.863497,-98.05778,-72.45747,182.5244,382.8788,-201.0,933.0989,-201.0,1731.645,-201.0,0.7079409,22.79038,58.88066,0.1346351,0.07156758,1.684148,52.97801,54.89035,59.99626,44.61029,61.74015,1.0,6.0206,17.65911,107.6281,57.97773,1299.755,3748.169,43.99823,2581.444,45.14482,3785.742,40.17444
659,0.05807028290043018,-15.415101976715215,26.318285038939937,-0.003191359492541261,0.007383591029536938,0.011685335499273366,20.845861052778154,5.582404006625834,8.504187220469502,-4.057479793564491,7.612903575674617,0.00628514270755095,0.30592070947428235,1.5752929287397326,0.6740043972806944,6.416209104098163,568.2779582635901,1329.938891398514,-145.75542561433468,1539.6879168682049,-149.289669547792,2508.366585185765,-151.61707711608057,0.05411439901613025,6.589660463338234,7.79698009763634,0.023947839687790056,0.014318271403314988,0.0319669784877541,11.466543078999557,9.06827680572815,10.57774199818643,9.748453709397284,12.304734425953315,0.01900160949553396,0.721846034922228,2.859688580612378,8.396910806087286,13.607313325978614,150.94182313322324,186.95247597404688,86.37164920832568,211.2980829277035,80.8227702627592,202.14612039737472,77.1220035770553,0.01685064,-48.10844,-15.31539,-0.1257552,-0.06732911,0.0004764134,-26.05347,-38.50642,-32.69666,-61.50366,0.0,0.0,0.0,-11.93624,-194.0953,-186.9863,150.1427,298.8121,-201.0,837.6022,-201.0,1705.677,-201.0,2.376813,19.49884,61.22978,0.120036,0.05575461,3.706999,54.00791,49.18646,62.44127,36.96765,54.95102,1.0,6.0206,16.96076,201.0,52.08509,1358.732,4662.059,33.62301,2649.512,25.3662,3779.652,16.32541
660,0.08714747272332746,-16.053469910597777,27.180046405455364,-0.0018499038600824894,0.005295820687742924,0.01691018791398281,21.48365063435768,7.6637393154848406,7.9737127971562565,-2.060873001329864,7.242300098768203,0.005185866653304712,0.24505906156954035,1.828980782796122,1.2782783959765163,7.326783365183367,568.0971413255143,1371.7886773796497,-147.15262691939557,1544.2534533685011,-150.64509854768522,2503.872568590589,-153.23339496524684,0.11490679587463487,6.270262129338089,7.384079176989453,0.025093103498916323,0.016388809986758044,0.028340415686683027,11.804767236727583,9.432178093408293,10.600200508750204,10.888841353640759,11.979564911284523,0.017843382146650096,0.6527442630184533,3.2938355150892273,4.231713818871273,12.887157480363461,143.38992004884534,180.5499898584135,86.26384612259257,189.8806000150664,80.62336406303722,200.28034175408428,76.39912508953273,0.01684495,-42.6992,-13.63118,-0.08499186,-0.08132369,0.0008167164,-32.62521,-61.03588,-37.56226,-60.40306,0.0,0.0,0.0,-9.411927,-57.76198,-166.744,122.0036,458.5508,-201.0,834.3982,-201.0,1691.163,-201.0,1.359144,27.87544,55.97643,0.1011641,0.05845972,0.7824545,58.4116,53.32486,59.59622,46.54158,62.1267,1.0,6.0206,16.02037,43.7215,59.95002,1371.274,4312.086,20.8395,2683.884,46.92833,3770.542,24.1875
661,0.08002012742990247,-14.02300270100761,25.20968910668215,0.0025391420218096963,0.005064865443624472,0.017805789389603626,21.464422091083215,4.476790058306644,4.920249340325614,-1.1830217400239857,5.3582786869919685,0.0049458188954055095,0.21759840889679224,1.1615692922169318,0.22767111309454457,4.5013724705032665,558.1892212139342,1360.84610275285,-159.6325127066265,1517.4022454974036,-162.19255709476823,2459.491957458859,-163.87166557964426,0.10769633676362048,6.581094605175412,8.04361037589811,0.026780058412406854,0.015771174095550254,0.05459151574815628,12.82586234933094,9.807200943348136,10.3702496539804,10.140743129444504,10.68845820537948,0.02073001889370675,0.6852497378513054,2.6309229005143733,2.683299169288913,9.80251860541445,135.1956025543896,186.0125803523006,79.07610590555967,185.20934346670546,74.1559687424891,198.69486476226044,70.92245095737118,0.01707531,-44.81873,-19.82723,-0.1246708,-0.07373071,0.0008170189,-28.93894,-51.54337,-37.84076,-72.33959,0.0,0.0,0.0,-11.72467,-128.6412,-120.2085,172.4504,307.5381,-201.0,880.9847,-201.0,1582.034,-201.0,1.610139,21.27715,60.33031,0.1174375,0.07802063,3.739449,60.0323,47.02608,57.20144,41.55831,61.94529,1.0,6.0206,20.36097,83.3717,54.48296,1390.344,3947.608,37.98769,2635.48,40.42545,3861.875,33.96806
662,0.0599556210884193,-15.020142105883789,26.120145535766305,-8.680502002202692e-05,0.00553302532394481,0.011159923390399009,19.298074136661306,7.22497051779219,5.2357202458948615,-3.1587839851896953,5.075827919490024,0.003586557760814898,0.19266453632516822,1.2185332784670877,0.5387189209096986,4.0731003424501235,587.5477920635109,1355.4538530445047,-166.2558489583945,1573.5560138472438,-168.47269327037466,2516.877201841577,-169.75385657654726,0.0814561527992301,6.676010164232622,8.239835132003277,0.024665989813009024,0.013654403751293235,0.030422293870686155,11.711136223922393,10.351984203773144,10.853773035729867,9.745952306019134,11.09468458764993,0.016440921973487507,0.6519433719461784,2.8974023254235712,2.769629421876253,9.685942840394363,131.88022373818256,183.1086083096288,73.2729663102429,181.24663686729662,68.52305907002997,211.44042253409688,65.77122578719266,0.01677903,-44.63892,-14.48198,-0.1195219,-0.07450487,0.0008174617,-32.31847,-52.03939,-41.35456,-73.33781,0.0,0.0,0.0,-10.27184,-24.57179,-18.36907,161.8382,448.7826,-201.0,784.8034,-201.0,1633.999,-201.0,1.746942,16.48358,59.14846,0.1085914,0.04688283,1.516172,57.65741,50.9937,69.45249,37.72837,55.83549,0.6701966,6.0206,16.312,98.96844,52.93073,1275.312,5289.0,45.57007,2560.526,36.38391,3829.577,26.62882
663,0.055380974720324674,-15.758988375774287,26.248591635887774,-0.007219512732935724,0.010770876862083629,0.011682160640277047,18.26559465051815,8.368785650286188,8.28697352472775,2.1094909558165176,4.1964921307424845,0.003705554009085004,0.19016790989706295,0.9372602023935245,0.7535668874659771,4.013935155903647,583.497378981027,1367.8234421083816,-168.59295032463262,1556.128170833939,-170.63527277347453,2489.284985935177,-171.79344208089185,0.07282966484168608,6.778895384748578,8.148458038678527,0.02190693420912772,0.012248708246708411,0.025762604019672963,10.85756819675259,8.245789531522993,9.974618916834627,9.802095223546775,9.471744397274282,0.015021888842683672,0.6051026238141227,2.259832498932632,3.326218027699039,9.589429742858734,166.65748369784927,195.29506720842846,70.77752026455866,221.22371252881348,66.26557947679888,224.4034776816002,63.67469466240176,0.01631317,-43.71187,-21.34949,-0.1173326,-0.07405522,0.0007717218,-31.77547,-47.4128,-39.06124,-63.48462,0.0,0.0,0.0,-3.92667,-169.1584,-142.7614,104.5512,201.0315,-201.0,743.9987,-201.0,1642.473,-201.0,1.694175,23.70051,55.24141,0.1070339,0.06321929,1.66812,58.4974,46.38384,75.47568,47.37155,61.11386,1.0,6.0206,14.93466,109.7411,54.27788,1262.515,4523.959,18.45027,2485.062,40.72679,3675.981,36.47512
664,0.10557710679587749,-16.120196326262366,28.188466790781636,-0.006849813927889087,0.005502655426358369,0.023755073109787198,25.242671464141576,6.1110905153375406,5.550649384277966,2.908629479320952,7.766860342401735,0.00681954753371533,0.29943157924403707,1.5301440336578305,-0.11384649238830678,6.794825148843671,604.1053228089794,1393.2096775289992,-135.50019707403266,1577.3375042693813,-138.29975565371186,2513.862926921472,-141.2771965669357,0.1232753251435226,8.509876994991538,9.890086558438067,0.03048944331917202,0.014539659993180638,0.041163283542286766,13.140572871549068,10.150185561998535,13.98524023899259,11.004327598466887,11.567752876068962,0.020184109624192023,0.7267730443646409,2.629655590392527,2.6619970977650866,11.11557288520417,196.76048512434798,207.63392455345127,92.28655307038181,247.61760505996745,88.31811592431959,289.07247093527207,84.05867559497389,0.01696316,-44.75016,-30.80787,-0.1169058,-0.06407041,0.0008180703,-28.13579,-45.48021,-55.34387,-61.36454,0.0,0.0,0.0,-11.62653,-89.67365,-97.51111,117.3853,301.5173,-201.0,844.9729,-201.0,1628.352,-201.0,1.964248,29.47011,60.65577,0.1057168,0.05511208,2.621941,57.97728,52.81406,63.09684,50.68562,61.99777,1.0,6.0206,16.27142,44.10182,56.77949,1372.754,4394.673,28.44545,2729.569,41.97791,4275.359,45.28827
666,0.07854040462026052,-17.464033970381518,28.639309697343016,-0.014905264358344921,0.007434264428824102,0.01959372972100224,20.492344156734227,10.809877871700964,9.22839284090722,2.1096408780816858,6.317143210321082,0.006504623836632689,0.3075702157411765,1.2092747640571548,1.044091071768038,7.994595519164523,604.6940579382727,1384.8897001443622,-146.60312705481647,1570.5623564448686,-150.20226334166486,2526.4820709366963,-152.88442781006225,0.08250411108889563,6.9004255389285,8.082964002833696,0.02484919858305296,0.01790144989125719,0.032807142298420626,12.258796767984519,8.99760109785099,11.059543229972908,11.555324490188918,10.358378143465186,0.02076990320190045,0.8042521038993153,2.2857169525154313,3.190791647649016,13.509162681575381,198.93647107113983,204.582880960447,84.90961619549212,243.91695235974092,79.22539463416958,266.0836438546551,74.97921730691289,0.01602249,-43.03434,-14.36435,-0.1139989,-0.07127924,0.0008841793,-26.10208,-36.28224,-40.96599,-68.88009,0.0,0.0,0.0,-4.860562,-94.85433,-67.53537,133.0768,246.7388,-201.0,698.0283,-201.0,1572.257,-201.0,2.824274,18.25448,56.54586,0.1139674,0.05700351,2.401009,58.11443,48.50706,58.50295,42.59758,47.99704,0.8238959,6.0206,17.05689,139.9441,55.17697,1453.645,4151.858,45.47985,2584.297,46.25483,3799.77,17.76796
667,0.05582709038561334,-15.60642165387826,26.74422275023358,-0.0034832055389360994,0.009441255557355283,0.012216426860322021,19.86061966852795,6.300945107604704,5.922016068089573,0.19764032822645128,3.897969881617051,0.0027598454608282167,0.12026648660549055,1.0194018551306268,0.3965892078982624,2.9778475993943014,595.7696377914976,1389.2943806185565,-174.70363408802504,1563.670558197614,-176.19242062331628,2506.843211374957,-177.29990180310546,0.071605099262302,6.8073612886730235,8.461965051536833,0.02643674037983734,0.012908815601935434,0.03631843102352606,12.111146360686394,9.73278750178394,9.332505226926562,8.421366166984614,10.095670131447067,0.020650217343298118,0.5062170089773523,2.8192602555276123,3.681859294088678,8.372453620469926,155.74019949739764,191.84226192251452,65.41003834622688,205.74527928601267,61.567764792806734,221.0419633702492,58.72786310493995,0.01564614,-46.90955,-31.08098,-0.1220045,-0.07175016,0.0007741032,-29.54712,-43.89557,-40.49054,-51.97175,0.0,0.0,0.0,-15.63154,-104.3551,-101.6636,81.07764,213.5594,-201.0,914.9686,-201.0,1698.447,-201.0,1.22332,30.58078,59.99702,0.1080999,0.05737376,3.008049,59.69636,46.25992,64.34638,42.02036,62.21008,1.0,6.0206,25.56228,100.3605,51.97211,1415.086,4642.341,29.94014,2593.517,40.65487,3613.469,41.71726
669,0.06198866622061496,-16.61645704474674,27.556744883561183,-0.008943191441894732,0.007869405594947265,0.012717673365106326,22.60666120809657,8.57945788877231,9.728054001842185,4.670476695034488,7.2232129729288514,0.006102102266980613,0.31368677215740876,1.6892133717043256,0.368806158364092,6.614173509452472,590.8769237380046,1389.8409303822896,-146.2676426447126,1567.3960580475273,-150.27918084527337,2510.070239899779,-152.19362908142924,0.06600520963969154,7.559827377989347,9.167195984220163,0.024317883753589606,0.01503866923343874,0.023317550327308176,12.616489287668513,10.28764563651926,12.990679529372013,11.301020140019514,11.685549824898953,0.020108639305734175,0.763817760119684,2.969365879576354,3.2010563598370503,11.884203849145438,181.79844057490865,209.61820772440603,85.48695982429186,226.47323414823217,79.20212481936461,251.55997575433463,76.13926744519144,0.01636378,-44.08329,-19.48348,-0.1159719,-0.0715498,0.0008849991,-28.06612,-44.44018,-46.1893,-58.75691,0.0,0.0,0.0,-6.907297,-173.5068,-176.3892,144.7968,253.5914,-201.0,873.8963,-201.0,1659.178,-201.0,0.9689243,22.33335,59.48063,0.1012424,0.05699227,1.368591,58.44098,52.84654,66.81377,48.17029,62.21002,1.0,6.0206,26.79722,106.9212,54.2911,1463.307,4331.794,48.87279,2594.754,40.48283,4076.36,39.0424
670,0.040486762055472844,-18.69382097787171,30.28913870039285,-0.015081046251415436,0.010960934292810334,0.01113598704829899,18.936711263480337,10.76005623712191,7.879291690567344,2.8837020619493647,3.269198467131552,0.0026878668638671164,0.13390929530094806,0.7639679838424823,0.9226155907675311,3.7761884543657445,622.8795191820104,1389.8856942082582,-176.49674009216236,1618.9268283115252,-178.1035300456521,2570.193811063229,-179.239223925864,0.050836118071129734,7.156640965644028,8.168870470302329,0.025282920716191416,0.011503384863403852,0.06103225027722779,9.80812909994746,8.926750097852482,9.589378965545968,8.546572971692225,8.668540558510086,0.014424298261741436,0.5388227020513967,2.2705929612564346,5.172124835889995,10.846205679902283,180.26261559958417,186.98571820569796,62.06108183112685,225.2054281912482,57.889431198742265,253.93932678423448,54.924247990681714,0.01604255,-44.79441,-14.21089,-0.1108051,-0.06781548,0.0006571322,-26.42256,-39.55563,-40.95275,-49.6995,0.0,0.0,0.0,-6.474814,-191.6344,-156.7567,171.4478,338.0754,-201.0,843.3412,-201.0,1645.505,-201.0,2.190078,18.1451,59.09008,0.09701434,0.05613959,5.50132,57.2869,48.43529,62.21017,39.88237,51.42421,0.7931404,6.0206,17.93082,107.7068,56.11946,1413.726,3945.791,26.25072,2557.294,41.29866,3817.066,13.68318
673,0.03568782962876799,-17.262461526484245,28.46098404506331,-0.015670542422769277,0.0112410012805674,0.009334069538228256,17.834140471729057,8.578717509259132,8.117004247395995,0.24925611967169398,1.4032221590946858,0.0010546637669114959,0.06284953377463526,0.2890062940261557,0.540890708644704,1.6246893566213565,617.115782098109,1358.4267201651767,-189.7121564925295,1607.0423467297019,-190.47686730389444,2555.2459008940145,-190.98843279097844,0.03071846601709311,6.814036191099607,8.057623477560758,0.023276121973015644,0.009616706412217025,0.027777975155309508,8.28101275854194,8.108184596068298,8.449749652448617,7.748130963335219,5.845080357734196,0.008070560891750487,0.37261646359883643,1.343961438316187,3.133981019836599,6.961387598904031,165.33427384197077,190.49805645857464,43.48763989866052,221.5415561181936,40.31820774588011,229.52025297456655,38.31081507080688,0.01650021,-49.77555,-18.1897,-0.118308,-0.05117764,0.0008804418,-22.73026,-37.42833,-40.43253,-47.80152,0.0,0.0,0.0,-9.643256,-85.55454,-75.13559,122.4321,286.7448,-201.0,790.5182,-201.0,1681.416,-201.0,1.626734,19.08468,62.27406,0.08600906,0.05667036,2.75538,53.44545,50.84456,54.49498,37.69012,59.84769,0.7574404,6.0206,16.26817,112.5634,52.83835,1520.167,4517.379,44.03992,2640.272,21.00382,3966.659,29.29427
676,0.03729302487869279,-15.882135615614226,26.719243960318398,-0.0049579625610080445,0.010194654195902746,0.008603764482492327,17.049310129133172,9.374291886987056,4.7487435704918575,0.4007032325389757,2.8796015990261132,0.0018842538125103303,0.08933375811724364,0.8183477554400495,0.4265853199823963,3.1793738061107972,555.2637706582309,1325.0855977796066,-180.47660514919184,1523.700566639233,-182.27840264450865,2450.4359595528354,-183.10667923505133,0.04375640378415196,5.915782101839646,6.94861182195193,0.021038372606410945,0.00926927302648242,0.04866275911877864,8.661763832097728,7.955674272446795,7.854444226366541,9.155429342861895,8.417570011281452,0.00941662928055951,0.4016431472163734,2.473652919848867,2.599808834632369,9.558055268591165,127.19375405111009,171.1827829129276,58.37462750865498,177.64448868218278,53.09955098457189,190.68335182137366,50.693621388094904,0.01619617,-44.14072,-10.08442,-0.1115522,-0.04979111,0.0007710478,-25.22996,-35.31292,-40.78358,-41.34815,0.0,0.0,0.0,-10.46613,-92.50436,-70.91415,173.4229,464.4311,-201.0,862.5367,-201.0,1649.344,-201.0,2.098838,17.54399,59.81561,0.1156013,0.05095218,3.69118,50.89042,48.18965,52.84883,52.71871,62.21251,0.4868921,6.0206,25.19706,101.8312,53.48332,1248.617,4282.581,17.72733,2448.221,44.58519,3701.006,15.35954
677,0.053391997625653956,-13.871023456084226,24.498979117076722,-0.0012752656487122927,0.010725895649841739,0.008658005842054227,20.29402961554628,5.55977287149768,5.966481057131223,1.5311706456423058,4.385084626287085,0.004593160295635406,0.2014462766739384,0.9100619491829498,0.4605309253434893,4.221080473841207,557.8189929867043,1367.6753118961665,-165.58189879022575,1504.5900648157815,-167.6481322105243,2448.166236501572,-169.18005984402473,0.056493392639556265,5.980002538646071,7.505378369853969,0.02099546407055348,0.013352245838374258,0.011193860121350284,12.615615318328254,8.572840188649758,10.066443575622396,9.677087224447908,9.395171180231447,0.01706330316589882,0.6169585631256951,2.2227674202866887,2.3794533777490257,9.654772754188913,140.54874982994158,184.89947289473727,73.48797555637718,182.1175459204923,69.21154449731777,191.19784228839183,65.96361265634953,0.01594554,-39.60143,-16.62509,-0.1007892,-0.0661365,0.0007282368,-24.06566,-39.17004,-37.7035,-47.84897,0.0,0.0,0.0,-6.725395,-78.78048,-61.62328,153.2032,363.58,-201.0,932.4373,-201.0,1614.827,-201.0,0.4781245,21.26276,53.82346,0.1041663,0.05521264,0.2046466,58.91472,39.50888,65.67608,43.95615,56.21004,0.4005494,6.0206,21.19464,61.665,51.85319,1323.09,3964.072,47.41169,2418.069,54.1363,3721.275,24.10693
679,0.04803581238481663,-18.467466077549425,29.57389877451286,-0.014586366099333808,0.006188185716827183,0.011436576565668653,20.266169891920175,10.259691985045446,5.770637482883245,-0.48705135387877413,3.4473258044668373,0.0029105506899077824,0.15681395127814404,0.7272286215326131,0.48850168908528235,4.582946434820665,603.7765659827527,1377.7888266468035,-168.27513043362362,1589.9765895394278,-170.5512066718315,2559.1500213006484,-172.0964872639391,0.04862915859208402,6.718507344956416,8.253668678040858,0.024308218480311592,0.013161212259656324,0.028343595146726817,9.404560822973083,7.782901860429199,8.490948003154182,7.491064639192047,7.922312261114326,0.014010373873294664,0.5698771798683855,1.8887172143965583,1.9349982781813932,10.69323739195738,168.98786437277002,186.97944097990847,71.86780892932633,234.07268211809992,66.85611174610001,233.95290709732012,63.40650602306146,0.01599851,-44.61798,-19.00203,-0.1181789,-0.06104409,0.000361701,-26.4241,-30.91219,-37.64766,-47.17838,0.0,0.0,0.0,-5.744351,-90.29015,-59.65212,176.5751,176.2193,-201.0,879.5142,-201.0,1757.928,-201.0,0.9496948,21.28385,59.93733,0.1040145,0.05940892,2.60316,52.20291,47.66954,56.72853,48.63674,62.21097,1.0,6.0206,26.60667,102.9966,56.16372,1279.528,3514.827,19.32954,2567.483,25.65,4132.383,12.09872
680,0.10058351888566952,-15.078505438529659,25.079952584655317,-0.0011561900474084848,0.005456209183405482,0.024515740817963448,20.604671426225178,5.689354902974658,12.64311847002752,-2.6457645309088256,5.894890067223629,0.005626592790155469,0.27122253044572503,1.2810279929777553,0.7649576590540299,5.285061346142651,572.742226990107,1352.2140758951166,-156.80554276214883,1554.4133533899405,-159.8344442527204,2496.5681074787185,-160.77595253606717,0.12355471247306532,7.3555338595954,8.538795761620971,0.024433150120116282,0.015787526312617393,0.035053437076193725,13.653824314185819,10.258782680342806,13.756844096102434,9.9745960828665,11.041243770569178,0.026913513918427848,0.7502399721028935,2.667560089113254,3.1168952456927697,10.529657006039267,158.47031584441677,193.4912884110023,79.57269274199837,212.0083488963381,74.08119577413571,207.76689213179722,72.33223967833561,0.01714194,-43.90581,-18.79487,-0.1052217,-0.07302853,0.0008579516,-28.83664,-42.87239,-35.78933,-61.05542,0.0,0.0,0.0,-5.643941,-97.84717,-77.82032,134.492,188.2593,-201.0,832.0267,-201.0,1705.424,-201.0,1.072436,20.97074,58.98314,0.1165954,0.0552621,1.202854,55.97906,48.24454,75.58915,46.59415,56.57616,1.0,6.0206,16.33445,201.0,53.03022,1318.411,4224.436,50.79273,2425.061,43.78774,3615.228,14.81522
682,0.039584557665673106,-16.202402631361355,27.14078602856369,-0.008029918209144426,0.0107360907708928,0.009233364087564139,16.882309438275517,9.100021191290327,6.316585274080907,0.990815425206165,2.0944318390429135,0.0016208783530833096,0.09623746099107154,0.4431282676935473,0.32445716061658836,1.8230496141965076,595.2913642589795,1380.249532003593,-184.48360041542142,1579.4951161093193,-185.44000681571208,2516.55311885999,-186.0988818738478,0.06026437317796192,6.122043685456505,7.482999750860891,0.022137079228634792,0.01055230624697339,0.04448763188805983,8.220338821883352,8.039850259962154,7.857168720105979,7.522645647816764,7.186379653863448,0.009939191896546934,0.47144398643680946,1.6996205952762786,1.9429701071200345,6.555374451936269,149.81547614024825,175.65300670949807,53.232465435942714,195.96149956102073,50.07013677824084,213.53005436985012,47.91872156304739,0.01621159,-44.93445,-15.23954,-0.1159896,-0.06670991,0.0006903564,-30.24901,-46.62756,-37.64837,-58.62712,0.0,0.0,0.0,-3.621243,-39.54813,-11.88299,158.4332,369.0467,-201.0,859.168,-201.0,1662.752,-201.0,2.053531,18.3918,59.73515,0.09982445,0.05447292,3.861034,55.4718,51.30746,51.03189,39.83656,62.18584,0.3362194,6.0206,23.57422,39.5421,52.32999,1343.835,3452.119,33.7841,2530.417,32.61992,3922.627,19.27614
683,0.06638885035532045,-16.569233646246897,27.28360159550259,-0.006039506849547517,0.006230791463106042,0.016055615337510806,19.501573482650265,11.69860938489775,5.039717425454499,0.970250507387864,5.38748678326309,0.0052897562555413,0.24542129094450896,1.1650572385342504,0.8404540492315471,6.78503540717185,560.9904884398151,1351.713891626871,-158.3140170990231,1530.3426779336726,-161.75901550897422,2463.535375318433,-163.79069942490227,0.07495232060232343,7.4425861278091645,8.660861125575364,0.022547942420795983,0.014697510537256049,0.02868244578316644,12.536368574126396,10.1671241212675,10.71499848501619,10.468970212482601,10.339196623442202,0.018761214956617436,0.7003682521629772,2.516561052056329,3.67957838701524,13.67016870581183,148.41406899769663,186.59096854078055,78.29114955565451,203.14748866577435,71.82623205828423,231.58214224370437,68.0253286771058,0.01679372,-43.75209,-20.46132,-0.1133078,-0.07656416,0.0007742355,-33.71514,-51.59065,-45.09819,-58.56583,0.0,0.0,0.0,-9.249788,-88.00323,-65.46882,180.9816,208.9886,-201.0,763.1487,-201.0,1616.932,-201.0,1.236871,22.37599,57.54524,0.110239,0.05734124,1.09419,57.04131,51.10103,64.14854,44.36337,62.21164,0.7228367,6.0206,25.8384,107.1549,59.26979,1361.64,4099.019,23.87544,2512.216,46.16083,3708.302,17.591
684,0.053977587756056655,-14.545933683868471,25.54186225797028,-0.001535670960614957,0.009081142065733702,0.008746974915170517,18.574199717489858,7.120712867772063,6.2174654060675785,0.022726936858640207,4.2466267515840475,0.0024711595664723496,0.1570815366823731,1.122915950383246,0.9351109278634828,4.010211550850727,556.9129237774878,1358.8193581531864,-169.1893435130706,1516.6938802720838,-171.12142267180874,2441.798844166977,-172.493304075362,0.0657578786810308,5.704922426359993,6.94660583473941,0.020286054458819376,0.01257830967964603,0.013762189464685043,10.731551531951506,7.558057747239859,9.21603157448241,8.258022148056757,9.69553693090225,0.01106202552974878,0.5516204903614861,2.6875995269780772,3.398625388016013,9.694342784669521,130.82189326679122,182.09207825250132,70.96004290421092,172.95261208272757,66.6381456521318,189.93124559222485,63.53195221855658,0.01669154,-41.26917,-17.91982,-0.09681102,-0.07124446,0.000809413,-26.91031,-43.49396,-39.71949,-52.6499,0.0,0.0,0.0,-2.681985,-21.84806,-31.28156,184.2465,155.1854,-201.0,800.1411,-201.0,1616.581,-201.0,0.5022117,21.58572,54.41095,0.09672651,0.05416834,0.3901769,56.00313,49.19377,64.46202,40.56267,57.72131,0.7224085,6.0206,16.77392,107.723,54.9306,1333.113,4834.976,17.53647,2669.177,40.47995,4041.078,40.55978
687,0.06439817565745937,-13.776536755086065,24.316720680730686,-0.004517410532397574,0.00887290752490213,0.014126546208449322,17.675216934699446,6.623076348087353,7.126551576942269,-3.6711230772397823,4.2641543334592145,0.0038762418667659237,0.22669525679472374,0.7287157718523259,0.5459615636718421,4.078173247737376,558.8880046620989,1327.2701101235436,-165.6387274456353,1511.4665316024673,-167.59164680911474,2461.6864542781614,-168.89756993659626,0.07525749382530673,7.721092172648008,9.173663396318391,0.02076142524806975,0.01619197756548119,0.0326756609848679,11.822930138229806,8.72671962681154,11.956954231355196,11.534692343327677,9.338072852741004,0.013980138251704083,0.6923096124030794,1.8603875268803745,3.5871177684272864,9.489550150349006,146.53263353772948,192.66889544086342,73.21371472689363,206.320814847347,69.13622129884601,204.33537116147681,66.3129525420809,0.0165116,-44.42115,-24.47046,-0.1252406,-0.07938971,0.0007826332,-31.08769,-43.08241,-47.30693,-73.90572,0.0,0.0,0.0,-6.858232,-173.5879,-152.4103,198.9044,115.5129,-201.0,870.8089,-201.0,1644.181,-201.0,2.718114,28.53979,60.59703,0.1149914,0.06710165,2.624407,55.28383,49.4716,68.51554,43.47486,62.04781,0.3459916,6.0206,17.11446,198.0457,52.06901,1329.704,4564.956,39.35286,2608.93,50.31741,3755.916,35.76367
688,0.06980700483124927,-12.302363325033973,24.140988460718486,-0.0017286542461100408,0.011753584517427614,0.011230730182049325,20.56320046279269,2.632631496670458,4.9329961865925975,0.8204296979404372,5.0290319249030455,0.0044792590403504575,0.25267608461202873,1.068529276378605,0.29734144952833486,4.880043475734329,602.5890611398548,1367.8766420869536,-159.49865557088881,1528.8916066958936,-161.88429038990054,2480.7822363930036,-164.04282063192142,0.07343588862857872,8.078010068963215,9.645242565014069,0.02241905682743383,0.01680013000508758,0.01797544703826035,14.570227073068915,10.840054033261222,10.472891396316564,9.546773403883604,9.90866951037768,0.015923123207650117,0.7324650332359246,2.2904497767903207,1.8493769273836964,10.406738743582746,159.91397813513686,226.80941206854754,78.2413396226172,214.04258296006236,73.66950390062713,212.87284060109675,69.52971419303314,0.01675324,-44.09024,-30.27888,-0.1114651,-0.06641559,0.00061138,-35.53074,-46.46666,-38.60442,-60.44936,0.0,0.0,0.0,-8.067657,-32.1417,-41.7164,143.362,207.6913,-201.0,937.6591,-201.0,1563.663,-201.0,0.5227236,29.21577,59.84381,0.1037893,0.06252616,1.831041,62.63768,43.4467,58.34069,42.28244,62.19416,1.0,6.0206,17.46272,91.34389,49.713,1363.885,4004.484,22.67499,2515.489,37.49159,3645.412,42.09398
689,0.05658468398186537,-17.082520057283944,28.055898668462387,-0.007460084724619001,0.008754195432628014,0.013086704942955697,18.849983897967338,10.221828451892993,6.77143654760221,1.4914969557441569,4.389384112875136,0.003437920918268221,0.12875281700666283,1.1876539927818566,0.6519326892817171,3.544571112477387,619.6763635498478,1400.9146739564726,-173.49783670228527,1603.3134024999717,-175.30779224685924,2546.4536142627617,-176.41428828318604,0.08583654183542995,6.194114345739694,7.577871641714108,0.028808631363497973,0.012836558501805826,0.03471113410977489,9.568150064144964,8.506362141607188,9.9072515519356,7.79248646620425,10.957585563091232,0.02474408718580354,0.5383053328614261,3.2142346846018475,3.59257142374414,9.566157006864634,164.04074176593264,187.02039132594982,66.46313998347355,212.28876794094535,62.03811119657515,233.73254661696618,59.3412226494032,0.01653514,-44.13764,-10.03449,-0.1246583,-0.05942921,0.0007934675,-23.81625,-41.23735,-51.00285,-57.62386,0.0,0.0,0.0,-9.967617,-95.87411,-66.78496,144.7631,668.1757,-201.0,877.2832,-201.0,1639.852,-201.0,1.040034,14.20205,59.22714,0.1232776,0.05229832,2.287101,57.44715,51.37019,55.0437,38.47151,62.20392,1.0,6.0206,20.33558,180.2401,54.06603,1380.225,6498.251,31.54827,2480.148,40.55129,3747.691,17.64959
691,0.07050544179197743,-17.245615820817505,28.157448300446593,-0.006719146949610374,0.005403058628066434,0.018019353809059672,22.814463004550745,8.055575104184555,9.926878927415098,-0.585618594367116,4.4012183120415465,0.004175664646771289,0.2618783133296169,0.6872970122178589,0.9780937314212251,5.9798708499856685,575.7660547625285,1372.3060244005424,-153.1926920718963,1547.4910320501758,-156.15205243926005,2523.678950772052,-158.2472853767711,0.07211468234980924,7.542844134742553,8.832970564482707,0.025285015823730356,0.016423850187835078,0.032883748944427325,13.228526219232712,9.347783950895007,9.902682951727881,11.43663996704335,7.999296644514147,0.01563691789278249,0.7372932558583465,1.576070593267025,2.573571168197977,11.147174717104576,182.7698366026726,194.20065031312967,82.57769519831196,252.77198041019034,77.51292249972721,244.9642796878452,73.8187359859681,0.01666593,-47.50632,-16.72175,-0.1189577,-0.07181843,0.000820514,-28.60383,-30.97805,-34.74929,-62.34449,0.0,0.0,0.0,-4.954448,-17.961,-28.95077,131.2076,509.6198,-201.0,814.5294,-201.0,1618.809,-201.0,1.869696,18.15161,61.8725,0.09351904,0.05952705,2.982906,55.8161,52.4323,62.37411,47.24719,62.21225,0.4088592,6.0206,24.9437,100.3141,52.77454,1364.934,4812.226,20.08625,2558.417,51.70825,3719.543,26.78459
692,0.05445991425593216,-15.207782668790774,26.125785080462514,-0.006191410629838458,0.009766426679466303,0.011649662579464204,17.86226995007247,7.259079352169497,7.90785690568557,-1.7043405055523921,2.8966965202871924,0.0028688504294846107,0.13931778934253536,0.6005698284493795,0.4870133050272314,2.814592553610136,563.5191565073004,1353.9655849501864,-178.23419406813363,1532.5640507856997,-179.6373069769007,2472.167161332814,-180.53758503641865,0.07959498677423289,6.221602802114999,7.439337058801634,0.020530942673680455,0.011689989421955135,0.024322128289587578,10.57863066899924,9.020179614174051,10.74698912389944,8.71110583281762,8.062618142259845,0.014662256716106093,0.5459440240146163,1.8728698120367706,3.1450128524403635,8.281413305618445,137.39407653215414,179.67801324264337,60.819963109679286,185.3906622387883,57.049045764780935,197.4017630714699,54.56433515610899,0.003897859,-41.50502,-19.85255,-0.1008806,-0.07135161,0.0003904074,-26.44353,-39.09941,-38.45609,-58.74786,0.0,0.0,0.0,-2.349123,-170.4834,-150.5811,0.0,0.0,-201.0,0.0,-201.0,0.0,-201.0,0.9442008,21.03279,56.0408,0.118686,0.0641702,1.029025,59.3465,54.46184,75.32487,44.43517,54.38533,0.9774433,6.0206,16.45042,46.67874,49.26246,1291.443,3309.957,16.36496,2467.847,33.64945,3855.621,29.45977
693,0.05905617040688847,-15.073875810357219,25.269791762842726,-0.010156405096752284,0.010164468281315722,0.01648655046754291,15.571597527889569,9.259819253727589,7.688582776112762,-0.7301560287493422,2.2647401658497084,0.0020335238584074378,0.11148887194522765,0.4134611980337338,0.44403853848132563,1.9386126705121531,603.9373286022064,1368.5299333029684,-183.1371779886417,1581.2399036264262,-184.08966127382612,2517.586853482555,-184.67282986484202,0.0889711300724442,7.385918734387436,9.239881653608236,0.024864911468803673,0.011590545722118319,0.0723602535073474,11.091164413934425,10.095398182444216,9.649069488888971,8.923331432200053,7.348901311106767,0.010480019492267196,0.48204935994191606,1.5775224860283514,3.3491159103933024,7.096419369341266,165.83712508426945,187.830437823774,54.821115107257455,217.8345809727625,51.86701882185004,226.20420063954307,50.036669874023005,0.01701991,-45.31646,-21.34608,-0.122106,-0.06621047,0.0009106969,-29.82232,-49.18427,-38.91258,-57.05777,0.0,0.0,0.0,-15.00106,-195.5216,-155.8799,148.6861,365.4417,-201.0,854.1694,-201.0,1781.669,-201.0,2.116246,23.25035,59.96531,0.09836491,0.05573297,6.357239,57.52916,50.03333,72.63454,41.64358,62.21149,0.3351905,6.0206,23.39914,92.68581,57.92974,1366.657,3784.637,27.90397,2472.122,33.6423,3899.212,32.31198
695,0.049994970726726054,-18.194572923891997,29.61842877959748,-0.017887493727399804,0.011051296928556546,0.010520324610540813,20.49325667744943,10.19663629278742,9.57348819923617,5.009754575977409,3.7478490392401533,0.00396510219824936,0.17632516192950054,0.7695225407439161,0.4289862860941817,4.189333676530909,660.0308052621098,1391.1906498833152,-168.70481613918412,1638.9783066294087,-170.7981906772374,2575.019977452841,-172.02997060070652,0.05762286954003841,7.499576614843852,8.769619072954004,0.025448062396000996,0.012600580425247638,0.01884284130834768,12.151839429832993,8.88524661589799,9.351444670074843,8.839146286371369,8.570147397743941,0.017694177155650914,0.6173064142935797,1.9748710027919394,3.0950038858120372,10.288536319088395,211.07180879297357,203.92390264337382,71.06908679947412,257.3900152026493,66.46329731847311,287.2799534275867,63.747223098387984,0.01685324,-44.37085,-18.57668,-0.1117977,-0.05827254,0.0008316834,-37.34366,-44.36945,-37.13356,-45.25691,0.0,0.0,0.0,-12.82134,-199.3115,-168.364,141.9337,76.70828,-201.0,798.7813,-201.0,1633.314,-201.0,1.896049,24.79896,58.68726,0.114707,0.06249335,1.371401,58.47564,51.81743,58.49594,44.00538,59.34821,0.8591749,6.0206,20.0271,201.0,61.84075,1390.519,4771.093,26.11496,2543.376,45.73898,3701.206,20.62341
696,0.04464630942138151,-15.894729555345759,26.995747452848942,-0.008494536257236202,0.01157895601007908,0.010828558068941667,18.60882124580388,7.218591077189137,6.965258847392925,0.26468363925820704,1.632855884564497,0.0014834412305104994,0.08017581577267903,0.311818720325753,0.290336423222867,1.61570325167481,583.9998111649659,1376.800904824659,-186.95767660898792,1542.3354120177635,-187.91761331115322,2492.0312776635183,-188.48625473831825,0.062242140624536,6.170190320090423,7.58570636009229,0.02301549340720286,0.011619169627025219,0.0316412272901785,9.637322226610486,8.31540039575495,8.797934998508339,7.721466450643848,6.069501999550988,0.010736807312183868,0.4271789212084461,1.3696017760331203,2.113146370593763,6.261643262276886,151.67474166091617,181.0456313299387,49.15818727490172,205.4713291409207,45.79220417159168,214.0977195457149,43.7516865597603,0.01637182,-44.63112,-20.75572,-0.1263337,-0.06616615,0.0007595022,-21.67374,-42.43608,-31.68162,-55.24829,0.0,0.0,0.0,-4.151017,-182.3199,-151.6543,147.9208,438.41,-201.0,844.0001,-201.0,1681.873,-201.0,1.575228,22.45359,58.60803,0.1128685,0.0553146,1.857952,61.40654,46.93766,68.82087,37.87736,62.21188,1.0,6.0206,24.30741,128.3321,56.65144,1282.457,3687.287,24.52393,2672.935,23.24328,3696.997,10.59644
697,0.05764342276685817,-18.013412092890885,29.23745726369765,-0.013094987340471376,0.0067555277444529315,0.013947734719789464,23.40508487103207,8.925333398117218,10.723835911525507,1.688162461961523,6.389889958894013,0.005702896815869747,0.24821863564426785,1.5333490561273813,1.783124197207505,7.717494569023095,575.1407815268748,1369.6405879025556,-151.53986314385858,1554.7323232537044,-155.12694007749377,2534.1582201013002,-157.1114266610478,0.052571832830251304,6.6045402143377405,7.648052778653701,0.023009634267937635,0.014254409374228618,0.03365133843330613,12.408434235809349,8.498328043686842,10.552283185667527,9.305993975093674,10.96650934598018,0.02391432774517751,0.6723200389186578,2.8619090556022684,4.341381617499551,13.715406613477858,161.35217686183637,178.75053180617616,81.80910369642687,213.49664447774316,75.83565541548222,221.8110103360535,72.51473956658987,0.01758817,-46.01376,-8.248029,-0.1172911,-0.06237953,0.0008438111,-21.86751,-30.56144,-32.41788,-52.72863,0.0,0.0,0.0,-2.693224,-92.94026,-53.63432,160.8226,381.9055,-201.0,965.1735,-201.0,1600.557,-201.0,1.360235,12.64391,62.19752,0.1161167,0.05706838,1.607566,55.38881,46.55804,70.6474,38.98368,62.21144,1.0,6.0206,26.44833,134.6713,62.74243,1435.713,3470.807,22.4303,2536.136,53.15611,3704.057,21.85217
698,0.07557792988001441,-14.430060439475167,25.253021389900635,0.0015349677011280876,0.007138606524707856,0.012696269227087054,22.616389136161434,4.56969843805871,10.036641107457921,-1.1080611454218554,8.33464400639296,0.0061175723869409965,0.31979773207170836,1.974104248474765,1.4811407039715947,7.528504918514653,547.353097398536,1366.8649573719679,-137.78506841480882,1504.0146818935336,-141.62320552225233,2455.8500932790907,-144.12983135231653,0.07418045928026021,7.143214610808104,8.276731788759287,0.024819805867325486,0.015955466696240053,0.014972797828370294,14.124102743489464,10.773506929594063,12.384365082135574,10.98528646922818,12.283031414189239,0.019192347567702335,0.761816085035844,3.1625187697821504,4.337453712396417,11.985310911582872,154.17236927528742,187.75094592675686,90.26856262054218,198.5664764275483,84.86030595522485,206.3416786032558,81.17980610156495,0.001033966,-40.93524,-18.93654,-0.1041499,-0.06986699,0.0,-29.88408,-39.75894,-38.16439,-69.91338,0.0,0.0,0.0,-5.165878,-16.95727,-9.079822,0.0,0.0,-201.0,0.0,-201.0,0.0,-201.0,0.8145399,21.27318,54.83554,0.112,0.07636364,0.3463351,57.91701,45.68282,69.22816,43.50933,48.37962,1.0,6.0206,17.20092,107.7202,52.65032,1360.398,4629.697,30.17176,2565.315,11.68087,3870.612,8.983513
699,0.03889639134255026,-15.19443752999214,25.805671846796137,-0.005748312466071583,0.010824052830443617,0.00863914178632747,15.88128502719267,7.680250049175944,6.073495148959451,-0.0330073901361038,1.7275682491026463,0.0016144930522785275,0.06691653739446711,0.41956870739695107,0.2477645344274952,1.4181780930354437,581.2938727504743,1344.7428441416114,-190.12025448614264,1565.0892426389705,-190.91395610270925,2475.9759193405303,-191.27754099460634,0.052408048604704896,5.887782921833293,7.138050018264705,0.02170663278652285,0.010876760519551441,0.02926831983170562,8.662078635750204,8.097014952429781,8.440124036803008,7.290405560978267,7.114589866373298,0.011587717889544935,0.38785773967890647,1.8837539993978807,2.842858007837875,6.256191328022622,136.0697924328275,179.36608691614072,43.27601336925285,177.975319694093,39.94802664820784,202.92114227712713,38.46655501585732,0.01626792,-45.74022,-13.25967,-0.1212932,-0.07198581,0.0007618694,-27.74729,-44.41075,-38.20208,-46.20346,0.0,0.0,0.0,-6.705237,-109.7124,-90.78327,178.7038,616.6611,-201.0,910.4417,-201.0,1785.78,-201.0,1.394162,17.34199,59.92381,0.09935091,0.06157295,1.773964,57.40248,52.19869,52.23049,42.43172,62.20675,0.3473816,6.0206,22.82613,94.49317,59.08131,1298.961,4612.344,25.71554,2475.067,30.7366,3703.794,10.78135
702,0.0678517410747332,-13.401603885960139,24.194060186557717,0.0016645319917475221,0.007969433600063969,0.012544677728569476,17.63674195848171,6.659858696659561,4.983416380559077,-3.5014459961091506,4.445480121461909,0.004486629619082486,0.18824747694034719,0.9790611083935095,0.7565933522231761,4.348258733930861,564.4286065903322,1342.6795266001582,-166.06389804426215,1523.93706196741,-167.93436227649843,2447.4571627589594,-169.72130461602632,0.09485486863901613,6.372121847330821,7.9562498992066075,0.022174217765147643,0.014279480685826462,0.02490825556896063,10.942436631142806,8.497198195870894,10.35354688883069,9.403770688437204,9.75062399210283,0.02080575232560033,0.6368109865612912,2.4008697295941603,3.0056399426591014,10.143521947792566,129.80167947046863,180.13225998963182,74.16381546741502,171.35218972551732,70.19320579507865,188.1739080376115,66.3271953514417,0.01692047,-41.57696,-22.90506,-0.09116924,-0.07860633,0.0004797705,-32.80725,-29.12998,-42.28955,-71.75684,0.0,0.0,0.0,-11.44192,-37.5769,-201.0,123.3878,352.3148,-201.0,670.728,-201.0,1686.066,-201.0,0.9454076,24.39051,54.50062,0.101423,0.04737761,0.6904299,53.45697,48.24438,55.39212,39.5647,62.20735,0.9816517,6.0206,23.81442,103.5519,55.01542,1263.724,4352.194,40.80788,2369.797,16.52648,3505.564,16.28402
703,0.04130355743645266,-16.891789092235314,27.67409955823465,-0.009196305074267086,0.011124790484887952,0.010871754825037525,16.700364127609266,8.444581842382057,6.485858380756494,2.7888203421723192,2.2048304911538175,0.0022323262375322965,0.09579707217918748,0.4742593609938729,0.25348427083745173,2.233852999237186,605.4076737653485,1364.0718085804278,-185.57967197161247,1592.7119790865918,-186.84802848564854,2528.7601216196263,-187.4879681739783,0.05123305897406478,6.788891959637374,8.215004407024372,0.02383714641909634,0.011663338637139897,0.03870688653254692,8.308515357323667,8.312626663215841,8.133904226704127,8.20550203079507,7.6540630902357645,0.016272503067738614,0.46558758661793603,1.8601478654123558,2.2261011866835405,8.196455702474262,161.2429659335444,185.50923439215725,51.59940246717268,202.7827344040489,47.26270617928695,227.56310814190036,45.08154064162936,0.01649523,-49.87352,-15.74394,-0.1131778,-0.06603334,0.00073859,-25.71919,-34.73907,-39.49269,-37.87193,0.0,0.0,0.0,-6.587358,-18.47173,-43.237,138.4972,120.5899,-201.0,796.3572,-201.0,1782.768,-201.0,1.451725,17.50912,62.21441,0.09513965,0.05203285,2.535198,55.18083,50.38855,51.39519,46.94789,62.20955,1.0,6.0206,26.79832,62.54727,57.57034,1333.859,4508.386,48.7578,2531.713,51.90884,3823.326,44.36484
705,0.05482992980060062,-15.007484715127461,25.715357319953295,-0.005297702701719558,0.009608725515644859,0.013581940889132926,18.064583037808497,6.24813883939089,5.575536603473305,-0.09033230023989237,2.7847388822436563,0.002545736960570585,0.12727203402626422,0.5986329251281907,0.5221558854007456,2.8019060077800115,593.2431336433971,1350.5249491283435,-178.63489754582196,1564.389755925992,-179.94228494126102,2480.3110610541316,-180.72307169760646,0.08121391884296575,6.645619979201448,8.17384370802897,0.02431650109078201,0.012560965314368594,0.0477862350201908,10.83602590987581,7.837272160753931,8.881064023575007,9.02745480901454,7.95923473186483,0.014039954609066818,0.5181652654679032,1.9258571435713816,2.6007508245620445,8.504201825658294,152.5555851649627,183.25534385156288,61.21875322275818,201.6287816957981,57.579470786479405,231.83095863006713,55.416772153827864,0.01715417,-45.76364,-17.37602,-0.1215314,-0.07439038,0.0008216801,-29.70387,-37.5401,-35.81631,-57.5994,0.0,0.0,0.0,-11.64915,-22.97306,-167.2732,157.0143,392.8074,-201.0,842.8098,-201.0,1757.849,-201.0,2.387039,20.4334,60.32529,0.1244577,0.05312492,2.833596,61.31664,48.36763,60.46121,45.52089,51.61961,1.0,6.0206,17.07534,133.4795,56.27409,1309.644,3931.585,47.31689,2442.204,44.60526,3844.335,8.950233
707,0.06045046999115258,-15.434006790921647,26.6623553095528,-0.004272313803497649,0.008290824286853793,0.011107858060476152,20.628729353149932,8.462290223626507,5.6430240029656815,1.501765545998499,4.8277820366306265,0.004139408571198561,0.19470440555326954,1.1204407057955326,0.8335131740614161,5.6399992384874365,583.7424416874447,1369.0276020831657,-160.70388980619055,1549.5128996139306,-163.36017010344113,2479.560979869242,-165.5603281718304,0.07185749836899853,6.899117578085964,8.293326235836377,0.02317122231470503,0.01603035920999391,0.01654541738189818,13.026793409161048,8.980898180211623,11.49769221711729,11.120019939436489,9.665602773452404,0.01809346752209773,0.6048888551904539,2.466250273943056,2.6916686421687355,11.86114029411769,157.78969952940326,190.3593057403089,78.0613213265008,217.24096829596778,72.95493187321655,226.90867479936557,68.60580956103902,0.01613091,-43.80858,-24.42456,-0.1101384,-0.07606677,0.000771123,-26.11432,-53.99184,-44.60199,-50.90802,0.0,0.0,0.0,-4.547873,-106.5473,-80.62786,165.8548,391.5029,-201.0,803.6919,-201.0,1556.528,-201.0,0.5979187,23.53987,58.85956,0.1023178,0.05723618,0.5754185,60.7456,43.3135,58.65365,49.42409,61.33196,1.0,6.0206,15.98633,76.32378,60.55338,1272.187,3252.489,28.85474,2415.836,40.11464,3550.859,24.07675
708,0.08359758354746172,-15.451910895308938,26.608750297086488,-0.007229840010553731,0.008119500339661035,0.019470061114584544,22.310931143099424,6.921163394572445,6.669405161359793,1.899214428559328,5.6754234105014065,0.005401199802089923,0.30108884339099123,1.117754157006204,1.5095420154380845,7.02284518200634,587.3539096876813,1365.542633775729,-149.20688659700662,1548.8884243246866,-152.14457961712782,2482.1615778787336,-154.7785830678506,0.09661366896972456,7.25783337528094,8.685842350866748,0.02288301265567994,0.015198971073533647,0.03346417994537307,14.571768552550438,9.474450121452083,10.930877405720395,9.684119211556814,9.639631286185573,0.01723225250726971,0.7988618777597485,2.2103239275154274,3.5502932688036193,12.439461910162416,169.75479212282727,184.56690831437615,84.44145743861078,225.49489111388286,79.71344657268892,248.56328677384295,75.33645911407778,0.01628636,-43.53961,-22.96356,-0.1189659,-0.07099736,0.0007839107,-32.04691,-37.20914,-37.58998,-54.95136,0.0,0.0,0.0,-12.66173,-85.92105,-79.70436,138.8399,313.0699,-201.0,830.9568,-201.0,1657.78,-201.0,1.344589,23.42372,59.31224,0.09535715,0.05601647,1.419461,59.772,48.19366,73.09574,42.41678,62.20868,0.5446112,6.0206,26.26468,128.0873,57.66792,1325.022,3777.405,20.87259,2574.854,29.34812,3728.806,14.25082
709,0.04143504647887667,-17.75895983233954,29.49810934529036,-0.007151581079073229,0.008144095926795415,0.008959409752273365,19.10691434371545,9.171761442380488,5.16155956216359,-0.647807933456457,2.5769355282965924,0.002321503709049664,0.12753078488947311,0.43382919669763703,0.7837613585801321,3.571743864983958,579.7774127581706,1352.4764083834527,-175.13362456184691,1571.5519252272145,-177.19103832431253,2509.1697500213495,-178.49956957244393,0.0443779408106303,6.309762321602145,7.703670871670043,0.02301289469606513,0.012381116650836778,0.021069977844525977,11.35024473327928,7.431193016670603,9.149044883984056,7.324399587028215,6.885299119963622,0.011206050694389166,0.504150308176494,1.4044380419751865,2.7315831906043493,9.701986330334806,149.02750900700232,182.68492730573868,65.41716471091816,205.36052440759315,60.185875416413644,236.60626820006598,56.81603484291142,0.01595968,-42.6892,-18.51958,-0.1063708,-0.06796234,0.0007299465,-23.75258,-37.041,-33.89664,-56.2515,0.0,0.0,0.0,-4.766303,-24.73638,-10.47123,162.5571,385.3765,-201.0,685.5049,-201.0,1638.396,-201.0,0.7402733,20.75633,58.65348,0.09588262,0.06329467,2.340353,56.61664,52.07306,52.00221,38.52681,59.45322,0.5153621,6.0206,16.3087,79.82491,53.5234,1362.443,4416.679,24.08141,2489.244,18.46624,3816.485,8.618929
710,0.06728518515545472,-16.28372894867044,27.331233811424543,-0.0009833851846834678,0.006941282608656536,0.016836204435141167,20.107252701254048,8.8695223505528,5.154877035976533,-0.9110450864005593,5.173054450326515,0.004330445306330309,0.23475742058440596,1.1606901872202537,0.19099294421240517,4.843488049662922,589.490832255354,1368.6347915226163,-160.25109573572945,1551.3368822961681,-163.59618414443534,2515.6988272351864,-164.87088499761356,0.0863165514217193,7.187910046640953,8.818790180761725,0.027502547405513486,0.015907232340951635,0.044615703795015664,11.459274202751802,8.962531006667914,11.518492692272538,9.835907981763034,10.41882780256395,0.016099628351811154,0.6909315770063803,2.576543321802266,3.4757015828964035,10.49948571411801,163.79546298421334,187.5168930626637,78.88993024219926,221.67163725327256,72.34447727749507,232.13770485048485,69.79837052324456,0.01687009,-48.28178,-16.08444,-0.1215668,-0.07795659,0.0008101713,-28.95284,-37.50403,-42.516,-67.26044,0.0,0.0,0.0,-7.287739,-98.04321,-75.47389,124.5192,159.6143,-201.0,798.6194,-201.0,1609.832,-201.0,1.764275,20.4682,61.75145,0.119347,0.06057679,2.386205,57.12689,49.88378,67.89574,32.21527,62.20959,1.0,6.0206,25.41876,197.816,57.43498,1320.485,3806.533,37.14392,2569.099,31.20105,3703.796,32.78896
712,0.08063893798105712,-16.837339864148202,27.87495597405359,-0.00474461118358012,0.005885075766669665,0.018997405487669178,23.365426160033667,6.559150595812019,8.980629677521653,1.6331398318526826,7.4500466778159415,0.007081717916915376,0.36223801104562764,1.6113174711278357,0.677989661959337,8.084233079366008,588.159190030103,1362.7383924970836,-141.2632748920456,1564.5129282715634,-146.00804537043953,2532.4370042095306,-148.61705295456318,0.09305135352345424,7.6368610548838225,8.845724904769677,0.02589394339058727,0.016804104671391346,0.039049977790268586,15.015244703335682,10.119636133877982,11.251451667816594,9.061691994751339,11.482262679512568,0.02406426096284811,0.8654043335234685,2.7776775912652365,3.326027142172129,13.095801346705622,173.07369312787236,192.64379472927507,88.34881942074803,227.4345421993029,81.35795300143386,237.6066797407218,77.42359448289828,0.0159954,-45.37894,-20.41609,-0.1192703,-0.07442569,0.0008283997,-31.83501,-43.66116,-34.05292,-63.96014,0.0,0.0,0.0,-4.908502,-94.10428,-60.97947,157.4752,281.4018,-201.0,813.9445,-201.0,1695.804,-201.0,2.676621,22.82593,60.85942,0.1039314,0.05954839,2.993555,60.53151,50.44894,74.41225,42.53932,62.21068,1.0,6.0206,25.81381,111.6125,58.83685,1354.215,3456.21,33.68023,2537.926,46.78339,3765.849,26.79528
713,0.054735483244881436,-14.662108445203566,25.13762470049249,-0.0007269943597931036,0.008317972683855725,0.011256560038869486,18.824930551950054,4.9107830360714635,9.066796171581142,-0.5863921102861648,2.5465121983904035,0.0022288225997125,0.13436924553589957,0.43814707019770704,0.49940306700758036,1.8405297709912432,559.6529904385899,1333.5815618378763,-180.1254984835475,1552.4690564573682,-181.27760059702396,2484.3287498544782,-181.88525935595996,0.07346851485745634,6.384116348768833,8.093144620029019,0.025555343138815335,0.01204452794906793,0.022057943955335835,10.558273781670326,10.126156605202524,11.287645665494292,8.418670100074715,7.698386751176689,0.014071231729556705,0.5557764614970631,1.625019653450757,2.545998146593135,6.226897077728529,141.6390394295575,178.0011027513894,59.34682579437153,175.10053351861478,56.04368261538082,197.84561439531598,54.309586879615736,0.01633859,-45.98423,-16.94479,-0.1210281,-0.05774672,0.0007782244,-24.23842,-45.2513,-38.58651,-65.01466,0.0,0.0,0.0,-8.628381,-116.5159,-93.42444,164.707,411.7154,-201.0,927.3936,-201.0,1737.861,-201.0,1.183352,17.12069,60.37712,0.1292366,0.05099949,0.7343901,53.84534,51.20609,80.55119,35.65451,62.20607,1.0,6.0206,25.65114,100.5906,52.01064,1324.981,3747.415,36.25719,2487.108,24.13372,3578.946,35.95639
715,0.06712378397137925,-15.113765468787593,26.098434204232248,-0.010510164009815203,0.009202824045272982,0.01366985111803798,19.59000636758851,6.772539053089323,8.245424449407954,1.2798600144622665,5.3036490593516215,0.005410431838817203,0.2581050982103357,0.946301154572824,1.2676933796348702,4.401022017645126,598.2988359554959,1354.7735766382507,-156.9248060525208,1564.519834696336,-159.01880226918166,2507.1130564665264,-160.67577700054642,0.07134589180776647,7.776566004178333,9.259925518386108,0.023745324155384422,0.015401333185986257,0.0218143308095849,12.859899294334404,9.848996736165383,10.753172676078703,10.618391933995522,9.908054336237775,0.01810335381933676,0.6963617654802108,2.0900964382931595,4.936943713448794,9.54521028193679,183.40739510569117,203.8926226645009,79.14471468867383,238.07677879870323,75.44946376530571,252.0903383207759,72.41208723948967,0.01627401,-42.35318,-21.79948,-0.1195334,-0.06846168,0.0007698148,-36.97072,-38.28784,-39.49596,-57.07582,0.0,0.0,0.0,-5.13299,-78.58833,-49.41396,125.9904,41.67447,-201.0,879.6049,-201.0,1715.153,-201.0,0.6787705,25.61289,57.66586,0.09971505,0.0593701,1.343612,57.28908,58.25974,68.7774,46.86717,61.77757,0.5240744,6.0206,15.63406,195.3228,56.8122,1323.164,4312.648,22.3633,2547.387,19.84301,3996.915,40.70103
716,0.04427068986386841,-16.31003782904062,27.613310431267568,-0.006532102022689362,0.009703415745211087,0.009279904506851957,19.506205711788898,7.572560124371694,7.470960319727759,0.2271647372671928,3.1880439791677406,0.002706292151481256,0.1884639483095756,0.4925810054944464,0.0637515865957954,3.9407451686206367,562.123995334399,1338.6448315082762,-168.0335491477243,1541.5518036827723,-170.53121418603016,2476.454598236477,-172.12744073298614,0.0394434527622124,6.283559007348383,7.271526605090599,0.020096872097730884,0.011734839192397385,0.012933663805055073,11.34786491759033,7.7806151528336605,9.13421782997031,8.536426868032784,7.235979659036122,0.010967134357645479,0.626417882847293,1.36973382059417,2.3500695385616255,9.289755912382375,143.18330892768986,180.9253507996478,71.64604077208807,191.65615419708357,66.22912107309848,209.65978216276386,62.706056493969484,0.01690919,-43.35869,-13.17933,-0.1067541,-0.06505095,0.0008509658,-21.81507,-42.83243,-32.65711,-51.62724,0.0,0.0,0.0,-4.499431,-102.4391,-74.45616,153.8839,538.2005,-201.0,848.883,-201.0,1697.773,-201.0,0.4511085,14.87301,57.33869,0.1008103,0.05973652,0.9071967,54.56313,47.61814,61.93795,38.39196,50.29813,0.2397218,6.0206,19.53606,71.95386,52.52893,1354.202,3413.775,22.12038,2428.543,32.98033,3584.493,17.29604
717,0.08245598594663862,-16.66124852396049,27.5847138476578,-0.008790940366306987,0.005285358427787906,0.017209509659237666,23.273181498461128,6.110235963290938,11.895873685835184,-1.3258765412929765,5.913543367096879,0.005601172011665485,0.29159371552596036,1.1449979703733528,1.884410326869965,6.994090345202174,612.1883018399773,1387.0876038729375,-146.9059209791431,1595.8114422285983,-150.42294702431943,2572.5444441165655,-152.22704507157349,0.0942985013981107,6.7630218707919285,8.189301291004087,0.025281163466389377,0.017886388775863155,0.027740881764346352,12.705882305483724,10.990271084527263,13.16006090209469,12.044324811564527,9.748648910385738,0.01800823239535597,0.7786588399255605,2.1609812199965277,4.227214963051058,12.37182893225465,170.72519334592613,195.9432936768007,85.87566680648311,229.76646749663902,80.34912406637022,223.9013792995191,77.41178772270034,0.0157581,-44.35572,-9.729971,-0.1223461,-0.07862695,0.0008311353,-26.34788,-40.57622,-34.80052,-65.01734,0.0,0.0,0.0,-7.100837,-194.2618,-157.5276,152.3623,571.4796,-201.0,836.3802,-201.0,1584.798,-201.0,0.6996091,12.35802,60.28576,0.08851264,0.05913049,1.504804,60.16053,51.5478,80.0564,39.64412,47.95486,0.6712325,6.0206,16.60291,110.262,56.59637,1377.891,4314.241,20.96974,2617.004,50.82943,3886.273,21.31214
718,0.09086139355481002,-13.076073568816003,24.05865205620501,0.0017941276816325756,0.008321174900495117,0.01762118116379028,24.63788511662883,0.21916138847633226,8.810819258224184,3.514366161468914,5.688208840680345,0.006224977288608519,0.3215640302400764,0.7953985936993757,0.6861758697292135,3.4135172003825467,580.316784244753,1390.6706799133965,-149.80837528572843,1539.2879830030424,-151.50337395952533,2484.737707614886,-153.2327075482677,0.10245687793909185,7.636195073804012,9.47158503797078,0.025955780617656885,0.01504312331315789,0.02404361795832282,13.169880526371067,14.564791402612832,12.518432581318999,10.980483476563725,9.930259935629124,0.030423249657373475,0.8714458239493132,1.9594549059495177,3.444379308975069,7.922576521926429,187.15759252090902,227.11940413809668,84.73389704828763,217.55048371983466,81.97740579228018,230.41217470658322,79.09273872644786,0.01588762,-46.35644,-18.6084,-0.1169225,-0.07079314,0.0007595203,-25.30093,-53.70413,-40.27491,-70.1487,0.0,0.0,0.0,-16.11462,-75.9895,-70.18899,88.08155,270.3612,-201.0,862.8574,-201.0,1670.967,-201.0,1.012309,19.59677,59.87439,0.1029497,0.05816752,1.329213,58.91496,44.3998,76.91766,47.11329,58.60648,1.0,6.0206,17.6381,201.0,54.98517,1389.942,4779.079,27.51748,2599.645,25.71489,3703.242,24.53721
